name,LeidenCluster,UniAcc,RES,POS,UniModID,Gene
Q7Z6Z7|2366|T|21,0,Q7Z6Z7,T,2366,21,HUWE1
Q7Z6Z7|2365|S|21,0,Q7Z6Z7,S,2365,21,HUWE1
Q13496|591|S|21,0,Q13496,S,591,21,MTM1
P25490|247|S|21,0,P25490,S,247,21,YY1
Q8N392|66|S|21,0,Q8N392,S,66,21,ARHGAP18
Q52LW3|176|S|21,0,Q52LW3,S,176,21,ARHGAP29
Q14677|299|S|21,0,Q14677,S,299,21,CLINT1
P02545|18|S|21,0,P02545,S,18,21,LMNA
O95365|526|S|21,0,O95365,S,526,21,ZBTB7A
Q99700|772|S|21,0,Q99700,S,772,21,ATXN2
Q9UHI6|673|Y|21,0,Q9UHI6,Y,673,21,DDX20
Q7Z5K2|226|S|21,0,Q7Z5K2,S,226,21,WAPL
Q9BZL4|399|S|21,0,Q9BZL4,S,399,21,PPP1R12C
Q9BYG3|247|S|21,0,Q9BYG3,S,247,21,NIFK
Q8IWW6|215|S|21,0,Q8IWW6,S,215,21,ARHGAP12
Q9UPQ0|680|S|21,0,Q9UPQ0,S,680,21,LIMCH1
Q96T60|114|S|21,0,Q96T60,S,114,21,PNKP
P24928|1847|S|21,0,P24928,S,1847,21,POLR2A
Q9H6F5|91|S|21,0,Q9H6F5,S,91,21,CCDC86
Q86UU0|942|S|21,0,Q86UU0,S,942,21,BCL9L
Q76L83|138|S|21,0,Q76L83,S,138,21,ASXL2
Q12959|568|S|21,0,Q12959,S,568,21,DLG1
O15355|183|S|21,0,O15355,S,183,21,PPM1G
Q15276|407|S|21,0,Q15276,S,407,21,RABEP1
Q99590|796|S|21,0,Q99590,S,796,21,SCAF11
P40855|146|S|21,0,P40855,S,146,21,PEX19
Q9UBC2|247|S|21,0,Q9UBC2,S,247,21,EPS15L1
Q9NZM3|884|S|21,0,Q9NZM3,S,884,21,ITSN2
P16144|1517|S|21,0,P16144,S,1517,21,ITGB4
O60716|225|S|21,0,O60716,S,225,21,CTNND1
P25116|397|Y|21,0,P25116,Y,397,21,F2R
Q14C86|746|S|21,0,Q14C86,S,746,21,GAPVD1
P52948|670|T|21,0,P52948,T,670,21,NUP98
Q9UPN6|604|S|21,0,Q9UPN6,S,604,21,SCAF8
Q9H3M7|346|S|21,0,Q9H3M7,S,346,21,TXNIP
Q9H4Z3|143|S|21,0,Q9H4Z3,S,143,21,PCIF1
O95819|801|S|21,0,O95819,S,801,21,MAP4K4
P16144|1515|S|21,0,P16144,S,1515,21,ITGB4
O43156|828|S|21,0,O43156,S,828,21,TTI1
Q2KHR3|1227|S|21,0,Q2KHR3,S,1227,21,QSER1
P30622|160|S|21,0,P30622,S,160,21,CLIP1
O75044|993|S|21,0,O75044,S,993,21,SRGAP2
A8CG34|368|S|21,0,A8CG34,S,368,21,POM121C
Q9NQS7|148|S|21,0,Q9NQS7,S,148,21,INCENP
Q9NQS7|143|S|21,0,Q9NQS7,S,143,21,INCENP
Q9NRY4|985|S|21,0,Q9NRY4,S,985,21,ARHGAP35
P49792|2741|S|21,0,P49792,S,2741,21,RANBP2
Q9NYV4|1083|S|21,0,Q9NYV4,S,1083,21,CDK12
Q96PD2|727|S|21,0,Q96PD2,S,727,21,DCBLD2
Q9UPQ0|681|S|21,0,Q9UPQ0,S,681,21,LIMCH1
Q96I25|222|S|21,0,Q96I25,S,222,21,RBM17
Q32MZ4|733|S|21,0,Q32MZ4,S,733,21,LRRFIP1
Q9UQ35|818|S|21,0,Q9UQ35,S,818,21,SRRM2
Q96RT1|932|S|21,0,Q96RT1,S,932,21,ERBIN
Q99590|798|S|21,0,Q99590,S,798,21,SCAF11
Q147X3|199|S|21,0,Q147X3,S,199,21,NAA30
P08670|459|S|21,0,P08670,S,459,21,VIM
Q147X3|190|S|21,0,Q147X3,S,190,21,NAA30
P00519|808|S|21,0,P00519,S,808,21,ABL1
P46013|1131|S|21,0,P46013,S,1131,21,MKI67
Q14683|956|S|21,0,Q14683,S,956,21,SMC1A
O00505|56|S|21,0,O00505,S,56,21,KPNA3
Q8N1G2|29|S|21,0,Q8N1G2,S,29,21,CMTR1
P51784|957|S|21,0,P51784,S,957,21,USP11
P28290|1055|S|21,0,P28290,S,1055,21,ITPRID2
Q9UQB8|259|S|21,0,Q9UQB8,S,259,21,BAIAP2
Q12906|474|R|7,0,Q12906,R,474,7,ILF3
P02545|632|S|21,0,P02545,S,632,21,LMNA
Q9UK59|478|S|21,0,Q9UK59,S,478,21,DBR1
P02545|636|S|21,0,P02545,S,636,21,LMNA
P00533|1042|S|21,0,P00533,S,1042,21,EGFR
P52948|673|S|21,0,P52948,S,673,21,NUP98
Q96ST2|159|S|21,0,Q96ST2,S,159,21,IWS1
Q8WWI1|1018|S|21,0,Q8WWI1,S,1018,21,LMO7
O60343|806|S|21,0,O60343,S,806,21,TBC1D4
Q9NQS7|142|S|21,0,Q9NQS7,S,142,21,INCENP
P51003|532|S|21,0,P51003,S,532,21,PAPOLA
Q8WWY3|455|T|21,0,Q8WWY3,T,455,21,PRPF31
Q8N9E0|105|S|21,0,Q8N9E0,S,105,21,FAM133A
Q96S59|485|S|21,0,Q96S59,S,485,21,RANBP9
P54727|166|S|21,0,P54727,S,166,21,RAD23B
P28290|1165|S|21,0,P28290,S,1165,21,ITPRID2
P20810|243|S|21,0,P20810,S,243,21,CAST
Q9H8Y8|451|S|21,0,Q9H8Y8,S,451,21,GORASP2
Q99442|356|S|21,0,Q99442,S,356,21,SEC62
Q96PD2|724|S|21,0,Q96PD2,S,724,21,DCBLD2
Q96S59|483|S|21,0,Q96S59,S,483,21,RANBP9
Q9UQB8|261|S|21,0,Q9UQB8,S,261,21,BAIAP2
P53814|245|S|21,0,P53814,S,245,21,SMTN
P30622|147|S|21,0,P30622,S,147,21,CLIP1
Q9UQ35|1378|S|21,0,Q9UQ35,S,1378,21,SRRM2
Q9UQ35|1375|S|21,0,Q9UQ35,S,1375,21,SRRM2
Q9NQC3|121|S|21,0,Q9NQC3,S,121,21,RTN4
Q9H6S0|1089|S|21,0,Q9H6S0,S,1089,21,YTHDC2
P28290|1060|S|21,0,P28290,S,1060,21,ITPRID2
Q2KHR3|1230|S|21,0,Q2KHR3,S,1230,21,QSER1
Q09666|5735|S|21,0,Q09666,S,5735,21,AHNAK
Q8WY36|485|S|21,0,Q8WY36,S,485,21,BBX
P51003|529|S|21,0,P51003,S,529,21,PAPOLA
Q8N1G2|28|S|21,0,Q8N1G2,S,28,21,CMTR1
Q9BQL6|170|S|21,0,Q9BQL6,S,170,21,FERMT1
Q04323|199|S|21,0,Q04323,S,199,21,UBXN1
P28290|425|S|21,0,P28290,S,425,21,ITPRID2
Q01082|2161|S|21,0,Q01082,S,2161,21,SPTBN1
Q9UKE5|640|S|21,0,Q9UKE5,S,640,21,TNIK
P53814|251|S|21,0,P53814,S,251,21,SMTN
Q15185|113|S|21,0,Q15185,S,113,21,PTGES3
Q86SQ4|1165|S|21,0,Q86SQ4,S,1165,21,ADGRG6
P41743|8|S|21,0,P41743,S,8,21,PRKCI
Q8NC51|202|S|21,0,Q8NC51,S,202,21,SERBP1
O94826|91|S|21,0,O94826,S,91,21,TOMM70
Q9Y4K4|436|S|21,0,Q9Y4K4,S,436,21,MAP4K5
Q8WZ73|229|S|21,0,Q8WZ73,S,229,21,RFFL
O43237|194|S|21,0,O43237,S,194,21,DYNC1LI2
P16144|1518|S|21,0,P16144,S,1518,21,ITGB4
O75044|994|S|21,0,O75044,S,994,21,SRGAP2
Q9H7N4|992|S|21,0,Q9H7N4,S,992,21,SCAF1
Q9UPT8|1108|S|21,0,Q9UPT8,S,1108,21,ZC3H4
Q92614|99|T|21,0,Q92614,T,99,21,MYO18A
Q76L83|139|S|21,0,Q76L83,S,139,21,ASXL2
Q96PE2|461|S|21,0,Q96PE2,S,461,21,ARHGEF17
Q99442|357|S|21,0,Q99442,S,357,21,SEC62
P28290|432|S|21,0,P28290,S,432,21,ITPRID2
Q9BYG3|238|T|21,0,Q9BYG3,T,238,21,NIFK
Q9C0J8|1219|S|21,0,Q9C0J8,S,1219,21,WDR33
Q9P2E9|615|S|21,0,Q9P2E9,S,615,21,RRBP1
Q12959|571|S|21,0,Q12959,S,571,21,DLG1
P28290|92|S|21,0,P28290,S,92,21,ITPRID2
Q8WXI9|338|S|21,0,Q8WXI9,S,338,21,GATAD2B
Q01581|516|S|21,0,Q01581,S,516,21,HMGCS1
Q9H7N4|989|T|21,0,Q9H7N4,T,989,21,SCAF1
Q9UHI6|677|S|21,0,Q9UHI6,S,677,21,DDX20
Q86VM9|534|S|21,0,Q86VM9,S,534,21,ZC3H18
P16144|1521|S|21,0,P16144,S,1521,21,ITGB4
Q9NRY4|1134|S|21,0,Q9NRY4,S,1134,21,ARHGAP35
Q9H6S0|1269|S|21,0,Q9H6S0,S,1269,21,YTHDC2
P05783|399|S|21,0,P05783,S,399,21,KRT18
Q5T5U3|1433|S|21,0,Q5T5U3,S,1433,21,ARHGAP21
Q96TC7|46|S|21,0,Q96TC7,S,46,21,RMDN3
P24534|106|S|21,0,P24534,S,106,21,EEF1B2
Q9HBL0|1032|S|21,0,Q9HBL0,S,1032,21,TNS1
P85037|257|S|21,0,P85037,S,257,21,FOXK1
Q9H3M7|361|S|21,0,Q9H3M7,S,361,21,TXNIP
Q9UKV3|657|S|21,0,Q9UKV3,S,657,21,ACIN1
P35269|221|S|21,0,P35269,S,221,21,GTF2F1
P08581|997|S|21,0,P08581,S,997,21,MET
O95490|1112|S|21,0,O95490,S,1112,21,ADGRL2
Q99959|70|S|21,0,Q99959,S,70,21,PKP2
Q01082|2160|S|21,0,Q01082,S,2160,21,SPTBN1
Q13586|524|S|21,0,Q13586,S,524,21,STIM1
Q2KHR3|1231|S|21,0,Q2KHR3,S,1231,21,QSER1
Q92614|102|S|21,0,Q92614,S,102,21,MYO18A
O60271|183|S|21,0,O60271,S,183,21,SPAG9
Q8N573|202|S|21,0,Q8N573,S,202,21,OXR1
Q9UPT8|1110|S|21,0,Q9UPT8,S,1110,21,ZC3H4
Q9BW71|357|S|21,0,Q9BW71,S,357,21,HIRIP3
P55196|1779|S|21,0,P55196,S,1779,21,AFDN
Q9UHI6|678|S|21,0,Q9UHI6,S,678,21,DDX20
Q9H4Z3|140|S|21,0,Q9H4Z3,S,140,21,PCIF1
Q9NVU7|236|S|21,0,Q9NVU7,S,236,21,SDAD1
O75691|1734|S|21,0,O75691,S,1734,21,UTP20
Q6NZI2|302|T|21,0,Q6NZI2,T,302,21,CAVIN1
Q13464|1108|S|21,0,Q13464,S,1108,21,ROCK1
P40123|301|S|21,0,P40123,S,301,21,CAP2
Q8WXI9|340|S|21,0,Q8WXI9,S,340,21,GATAD2B
Q76L83|137|S|21,0,Q76L83,S,137,21,ASXL2
Q92609|538|S|21,0,Q92609,S,538,21,TBC1D5
Q96S59|487|S|21,0,Q96S59,S,487,21,RANBP9
Q9NUY8|469|S|21,0,Q9NUY8,S,469,21,TBC1D23
P08581|1000|S|21,0,P08581,S,1000,21,MET
Q92609|539|S|21,0,Q92609,S,539,21,TBC1D5
Q9UHI6|672|S|21,0,Q9UHI6,S,672,21,DDX20
A8CG34|370|S|21,0,A8CG34,S,370,21,POM121C
Q9C0B0|375|S|21,0,Q9C0B0,S,375,21,UNK
Q04637|1596|S|21,0,Q04637,S,1596,21,EIF4G1
P49815|1388|S|21,0,P49815,S,1388,21,TSC2
O43852|44|S|21,0,O43852,S,44,21,CALU
Q9Y520|2694|S|21,0,Q9Y520,S,2694,21,PRRC2C
Q9NR30|89|S|21,0,Q9NR30,S,89,21,DDX21
Q13895|170|S|21,0,Q13895,S,170,21,BYSL
P40855|147|S|21,0,P40855,S,147,21,PEX19
Q9H4Z3|144|S|21,0,Q9H4Z3,S,144,21,PCIF1
P62328|2|S|21,0,P62328,S,2,21,TMSB4X
Q8IY67|524|S|21,0,Q8IY67,S,524,21,RAVER1
Q9NQC3|107|S|21,0,Q9NQC3,S,107,21,RTN4
P46937|61|S|21,0,P46937,S,61,21,YAP1
Q9NZN4|438|S|21,0,Q9NZN4,S,438,21,EHD2
Q13620|95|S|21,0,Q13620,S,95,21,CUL4B
Q9BXJ9|856|S|21,0,Q9BXJ9,S,856,21,NAA15
P52272|637|S|21,0,P52272,S,637,21,HNRNPM
Q99959|71|S|21,0,Q99959,S,71,21,PKP2
Q9ULU4|460|S|21,0,Q9ULU4,S,460,21,ZMYND8
P16144|1514|T|21,0,P16144,T,1514,21,ITGB4
Q32MZ4|768|S|21,0,Q32MZ4,S,768,21,LRRFIP1
Q3YEC7|641|S|21,0,Q3YEC7,S,641,21,RABL6
O94763|372|S|21,0,O94763,S,372,21,URI1
Q9Y6D5|349|S|21,0,Q9Y6D5,S,349,21,ARFGEF2
Q9UQ35|1421|S|21,0,Q9UQ35,S,1421,21,SRRM2
Q76L83|146|S|21,0,Q76L83,S,146,21,ASXL2
Q3YEC7|640|S|21,0,Q3YEC7,S,640,21,RABL6
P51003|537|S|21,0,P51003,S,537,21,PAPOLA
Q9UBC2|255|S|21,0,Q9UBC2,S,255,21,EPS15L1
Q9Y624|287|S|21,0,Q9Y624,S,287,21,F11R
Q92609|544|S|21,0,Q92609,S,544,21,TBC1D5
P05388|304|S|21,0,P05388,S,304,21,RPLP0
Q96RT1|1079|S|21,0,Q96RT1,S,1079,21,ERBIN
P28290|427|S|21,0,P28290,S,427,21,ITPRID2
Q9UQ35|1079|S|21,0,Q9UQ35,S,1079,21,SRRM2
Q9ULU4|432|S|21,0,Q9ULU4,S,432,21,ZMYND8
Q8IWW6|213|S|21,0,Q8IWW6,S,213,21,ARHGAP12
P46013|1376|S|21,0,P46013,S,1376,21,MKI67
Q9UPT8|1104|S|21,0,Q9UPT8,S,1104,21,ZC3H4
Q5T5U3|1432|S|21,0,Q5T5U3,S,1432,21,ARHGAP21
Q5T5U3|1431|S|21,0,Q5T5U3,S,1431,21,ARHGAP21
Q9P0V3|246|S|21,0,Q9P0V3,S,246,21,SH3BP4
Q7Z2Z1|1359|S|21,0,Q7Z2Z1,S,1359,21,TICRR
O75179|2059|S|21,0,O75179,S,2059,21,ANKRD17
P10412|146|T|21,0,P10412,T,146,21,H1
Q96EV2|973|S|21,0,Q96EV2,S,973,21,RBM33
Q9H2H9|52|S|21,0,Q9H2H9,S,52,21,SLC38A1
Q96S59|489|S|21,0,Q96S59,S,489,21,RANBP9
P58107|2725|S|21,0,P58107,S,2725,21,EPPK1
P51784|956|S|21,0,P51784,S,956,21,USP11
P51003|526|S|21,0,P51003,S,526,21,PAPOLA
Q96ST2|377|S|21,0,Q96ST2,S,377,21,IWS1
Q9NV56|191|S|21,0,Q9NV56,S,191,21,MRGBP
Q9H4Z3|146|S|21,0,Q9H4Z3,S,146,21,PCIF1
Q99590|802|S|21,0,Q99590,S,802,21,SCAF11
Q9UQ35|1379|S|21,0,Q9UQ35,S,1379,21,SRRM2
Q9NSY1|1111|S|21,0,Q9NSY1,S,1111,21,BMP2K
Q9Y5P4|380|S|21,0,Q9Y5P4,S,380,21,CERT1
Q8WWI1|873|S|21,0,Q8WWI1,S,873,21,LMO7
Q9NYP7|283|S|21,0,Q9NYP7,S,283,21,ELOVL5
Q92614|101|S|21,0,Q92614,S,101,21,MYO18A
Q9UK59|479|S|21,0,Q9UK59,S,479,21,DBR1
Q08357|386|Y|21,0,Q08357,Y,386,21,SLC20A2
Q09666|5830|S|21,0,Q09666,S,5830,21,AHNAK
P25116|399|S|21,0,P25116,S,399,21,F2R
Q27J81|1202|S|21,0,Q27J81,S,1202,21,INF2
O75691|1747|S|21,0,O75691,S,1747,21,UTP20
P25116|400|S|21,0,P25116,S,400,21,F2R
P28290|737|S|21,0,P28290,S,737,21,ITPRID2
Q9Y5P4|379|S|21,0,Q9Y5P4,S,379,21,CERT1
Q9Y5P4|377|S|21,0,Q9Y5P4,S,377,21,CERT1
Q9NV56|195|S|21,0,Q9NV56,S,195,21,MRGBP
Q8WWI1|867|S|21,0,Q8WWI1,S,867,21,LMO7
Q8N1G2|55|S|21,0,Q8N1G2,S,55,21,CMTR1
P82094|316|S|21,0,P82094,S,316,21,TMF1
Q7Z6Z7|2362|S|21,0,Q7Z6Z7,S,2362,21,HUWE1
Q15633|152|S|21,0,Q15633,S,152,21,TARBP2
P85037|243|S|21,0,P85037,S,243,21,FOXK1
Q6ZN18|24|S|21,0,Q6ZN18,S,24,21,AEBP2
Q96I25|224|T|21,0,Q96I25,T,224,21,RBM17
A8CG34|373|S|21,0,A8CG34,S,373,21,POM121C
A8CG34|372|S|21,0,A8CG34,S,372,21,POM121C
Q658P3|20|S|21,0,Q658P3,S,20,21,STEAP3
Q6ZN18|18|S|21,0,Q6ZN18,S,18,21,AEBP2
P48681|358|S|21,0,P48681,S,358,21,NES
Q9P2E9|1277|S|21,0,Q9P2E9,S,1277,21,RRBP1
Q92614|94|S|21,0,Q92614,S,94,21,MYO18A
Q13496|590|S|21,0,Q13496,S,590,21,MTM1
Q9UBP9|223|S|21,0,Q9UBP9,S,223,21,GULP1
Q15633|142|S|21,0,Q15633,S,142,21,TARBP2
P49023|126|S|21,0,P49023,S,126,21,PXN
Q15678|591|S|21,0,Q15678,S,591,21,PTPN14
Q8TBZ3|434|S|21,0,Q8TBZ3,S,434,21,WDR20
Q6XZF7|1407|S|21,0,Q6XZF7,S,1407,21,DNMBP
Q86UU0|934|S|21,0,Q86UU0,S,934,21,BCL9L
Q13586|523|S|21,0,Q13586,S,523,21,STIM1
Q14195|514|T|21,0,Q14195,T,514,21,DPYSL3
P25116|396|S|21,0,P25116,S,396,21,F2R
O95453|163|S|21,0,O95453,S,163,21,PARN
O95810|370|S|21,0,O95810,S,370,21,CAVIN2
Q92614|98|S|21,0,Q92614,S,98,21,MYO18A
Q6ZRV2|647|S|21,0,Q6ZRV2,S,647,21,FAM83H
Q9H6S0|1092|S|21,0,Q9H6S0,S,1092,21,YTHDC2
Q8N392|69|S|21,0,Q8N392,S,69,21,ARHGAP18
P05388|307|S|21,0,P05388,S,307,21,RPLP0
Q8N392|74|S|21,0,Q8N392,S,74,21,ARHGAP18
Q9UKV3|655|S|21,0,Q9UKV3,S,655,21,ACIN1
O75044|990|S|21,0,O75044,S,990,21,SRGAP2
P28290|1063|S|21,0,P28290,S,1063,21,ITPRID2
Q14195|522|S|21,0,Q14195,S,522,21,DPYSL3
Q9Y6D5|348|S|21,0,Q9Y6D5,S,348,21,ARFGEF2
Q9UQ35|1424|S|21,0,Q9UQ35,S,1424,21,SRRM2
Q9Y624|284|S|21,0,Q9Y624,S,284,21,F11R
Q96RT1|1082|S|21,0,Q96RT1,S,1082,21,ERBIN
P16144|1457|S|21,0,P16144,S,1457,21,ITGB4
Q658P3|19|S|21,0,Q658P3,S,19,21,STEAP3
Q15418|369|S|21,0,Q15418,S,369,21,RPS6KA1
Q9UPT8|1114|S|21,0,Q9UPT8,S,1114,21,ZC3H4
Q9GZR1|362|S|21,0,Q9GZR1,S,362,21,SENP6
Q03252|424|S|21,0,Q03252,S,424,21,LMNB2
Q04726|263|S|21,0,Q04726,S,263,21,TLE3
O60343|809|S|21,0,O60343,S,809,21,TBC1D4
Q09666|5832|S|21,0,Q09666,S,5832,21,AHNAK
P08581|990|S|21,0,P08581,S,990,21,MET
Q9BXK5|303|S|21,0,Q9BXK5,S,303,21,BCL2L13
P33527|930|S|21,0,P33527,S,930,21,ABCC1
Q9H3M7|358|S|21,0,Q9H3M7,S,358,21,TXNIP
P52292|54|S|21,0,P52292,S,54,21,KPNA2
Q9NSY1|1107|S|21,0,Q9NSY1,S,1107,21,BMP2K
P49792|1160|S|21,0,P49792,S,1160,21,RANBP2
Q2KHR3|1228|S|21,0,Q2KHR3,S,1228,21,QSER1
Q9UHI6|703|S|21,0,Q9UHI6,S,703,21,DDX20
Q86X29|436|S|21,0,Q86X29,S,436,21,LSR
Q9H2H9|56|S|21,0,Q9H2H9,S,56,21,SLC38A1
A8CG34|369|S|21,0,A8CG34,S,369,21,POM121C
Q9NRY4|975|S|21,0,Q9NRY4,S,975,21,ARHGAP35
Q9NRY4|980|S|21,0,Q9NRY4,S,980,21,ARHGAP35
Q9UQ35|1423|S|21,0,Q9UQ35,S,1423,21,SRRM2
P46013|543|T|21,0,P46013,T,543,21,MKI67
Q14195|518|S|21,0,Q14195,S,518,21,DPYSL3
Q9BXJ9|855|S|21,0,Q9BXJ9,S,855,21,NAA15
P51153|178|S|21,0,P51153,S,178,21,RAB13
O15085|656|T|21,1,O15085,T,656,21,ARHGEF11
P28799|203|S|21,1,P28799,S,203,21,GRN
Q9P0K1|869|S|21,1,Q9P0K1,S,869,21,ADAM22
O60641|313|S|21,1,O60641,S,313,21,SNAP91
Q5SW79|630|S|21,1,Q5SW79,S,630,21,CEP170
Q5VT52|479|S|21,1,Q5VT52,S,479,21,RPRD2
Q9BRD0|163|S|21,1,Q9BRD0,S,163,21,BUD13
Q5VWQ8|973|S|21,1,Q5VWQ8,S,973,21,DAB2IP
P61244|141|S|21,1,P61244,S,141,21,MAX
P46100|26|S|21,1,P46100,S,26,21,ATRX
Q9UQ35|817|S|21,1,Q9UQ35,S,817,21,SRRM2
P61244|144|S|21,1,P61244,S,144,21,MAX
P54259|746|S|21,1,P54259,S,746,21,ATN1
Q5VT52|485|S|21,1,Q5VT52,S,485,21,RPRD2
Q9UPT8|808|S|21,1,Q9UPT8,S,808,21,ZC3H4
Q9HCE3|294|S|21,1,Q9HCE3,S,294,21,ZNF532
P49792|786|S|21,1,P49792,S,786,21,RANBP2
Q8NI08|183|S|21,1,Q8NI08,S,183,21,NCOA7
Q02040|639|T|21,1,Q02040,T,639,21,AKAP17A
Q3KQU3|552|S|21,1,Q3KQU3,S,552,21,MAP7D1
Q13428|769|S|21,1,Q13428,S,769,21,TCOF1
Q5JSH3|471|S|21,1,Q5JSH3,S,471,21,WDR44
Q9BW71|339|S|21,1,Q9BW71,S,339,21,HIRIP3
Q6PD62|1021|S|21,1,Q6PD62,S,1021,21,CTR9
Q14839|1535|S|21,1,Q14839,S,1535,21,CHD4
Q9UQ35|974|S|21,1,Q9UQ35,S,974,21,SRRM2
Q9UJK0|264|S|21,1,Q9UJK0,S,264,21,TSR3
P46821|1262|S|21,1,P46821,S,1262,21,MAP1B
Q9P2P5|1042|S|21,1,Q9P2P5,S,1042,21,HECW2
P46100|1012|S|21,1,P46100,S,1012,21,ATRX
Q8N1G0|1083|S|21,1,Q8N1G0,S,1083,21,ZNF687
Q14978|332|S|21,1,Q14978,S,332,21,NOLC1
P11137|1790|S|21,1,P11137,S,1790,21,MAP2
Q68E01|1018|S|21,1,Q68E01,S,1018,21,INTS3
Q04656|1447|S|21,1,Q04656,S,1447,21,ATP7A
Q14676|485|S|21,1,Q14676,S,485,21,MDC1
Q99856|88|S|21,1,Q99856,S,88,21,ARID3A
Q9BW85|308|S|21,1,Q9BW85,S,308,21,YJU2
Q9UQ35|1658|S|21,1,Q9UQ35,S,1658,21,SRRM2
O15085|655|S|21,1,O15085,S,655,21,ARHGEF11
Q9Y520|1263|S|21,1,Q9Y520,S,1263,21,PRRC2C
Q8N1G2|49|S|21,1,Q8N1G2,S,49,21,CMTR1
Q02880|1344|S|21,1,Q02880,S,1344,21,TOP2B
Q02880|1340|S|21,1,Q02880,S,1340,21,TOP2B
Q4VC05|110|S|21,1,Q4VC05,S,110,21,BCL7A
Q7Z4V5|366|S|23,1,Q7Z4V5,S,366,23,HDGFL2
Q04656|354|T|21,1,Q04656,T,354,21,ATP7A
Q9H6Z4|346|R|7,1,Q9H6Z4,R,346,7,RANBP3
Q6PD62|1016|S|21,1,Q6PD62,S,1016,21,CTR9
Q9NUQ6|117|S|21,1,Q9NUQ6,S,117,21,SPATS2L
Q96FC7|15|S|21,1,Q96FC7,S,15,21,PHYHIPL
Q8WVM7|1067|S|21,1,Q8WVM7,S,1067,21,STAG1
Q86UE8|41|S|21,1,Q86UE8,S,41,21,TLK2
Q5SW79|1129|S|21,1,Q5SW79,S,1129,21,CEP170
Q86UE8|44|S|21,1,Q86UE8,S,44,21,TLK2
Q6PD62|1020|S|21,1,Q6PD62,S,1020,21,CTR9
Q96BT3|402|S|21,1,Q96BT3,S,402,21,CENPT
Q5T481|865|S|21,1,Q5T481,S,865,21,RBM20
O75592|183|S|21,1,O75592,S,183,21,MYCBP2
O75592|178|S|21,1,O75592,S,178,21,MYCBP2
Q8N9T8|94|S|21,1,Q8N9T8,S,94,21,KRI1
Q5VWQ8|972|S|21,1,Q5VWQ8,S,972,21,DAB2IP
Q5SW79|1132|S|21,1,Q5SW79,S,1132,21,CEP170
O75592|181|S|21,1,O75592,S,181,21,MYCBP2
P04198|375|S|21,1,P04198,S,375,21,MYCN
Q9H501|82|S|21,1,Q9H501,S,82,21,ESF1
Q9BRD0|159|T|21,1,Q9BRD0,T,159,21,BUD13
Q4VC05|114|S|21,1,Q4VC05,S,114,21,BCL7A
Q15910|364|R|7,1,Q15910,R,364,7,EZH2
Q9HCE3|298|S|21,1,Q9HCE3,S,298,21,ZNF532
Q9BRD0|391|S|21,1,Q9BRD0,S,391,21,BUD13
Q9UQ35|1657|S|21,1,Q9UQ35,S,1657,21,SRRM2
O75475|118|S|21,1,O75475,S,118,21,PSIP1
P04198|377|S|21,1,P04198,S,377,21,MYCN
Q9BTA9|535|S|21,1,Q9BTA9,S,535,21,WAC
Q92833|120|S|21,1,Q92833,S,120,21,JARID2
P46100|977|T|21,1,P46100,T,977,21,ATRX
Q9BRD0|188|S|21,1,Q9BRD0,S,188,21,BUD13
Q9H6F5|110|S|21,1,Q9H6F5,S,110,21,CCDC86
Q14978|363|S|21,1,Q14978,S,363,21,NOLC1
Q96T58|1380|S|21,1,Q96T58,S,1380,21,SPEN
O14813|171|S|21,1,O14813,S,171,21,PHOX2A
Q8N1G2|51|S|21,1,Q8N1G2,S,51,21,CMTR1
Q9H2J7|701|S|21,1,Q9H2J7,S,701,21,SLC6A15
Q92833|124|S|21,1,Q92833,S,124,21,JARID2
P28358|239|S|21,1,P28358,S,239,21,HOXD10
Q96HA1|184|S|21,1,Q96HA1,S,184,21,POM121
P07910|239|S|21,1,P07910,S,239,21,HNRNPC
Q96KQ7|118|S|21,1,Q96KQ7,S,118,21,EHMT2
O95785|1155|S|21,1,O95785,S,1155,21,WIZ
Q8IZ40|36|S|21,1,Q8IZ40,S,36,21,RCOR2
O75554|223|S|21,1,O75554,S,223,21,WBP4
P46100|974|S|21,1,P46100,S,974,21,ATRX
P43243|597|Y|21,1,P43243,Y,597,21,MATR3
Q96KQ7|115|S|21,1,Q96KQ7,S,115,21,EHMT2
Q96BT3|404|T|21,1,Q96BT3,T,404,21,CENPT
Q5SW79|1133|S|21,1,Q5SW79,S,1133,21,CEP170
P28799|205|S|21,1,P28799,S,205,21,GRN
Q2KJY2|975|S|21,1,Q2KJY2,S,975,21,KIF26B
Q5SW79|627|S|21,1,Q5SW79,S,627,21,CEP170
O75554|222|S|21,1,O75554,S,222,21,WBP4
P46100|1011|S|21,1,P46100,S,1011,21,ATRX
Q9UJK0|259|S|21,1,Q9UJK0,S,259,21,TSR3
Q6UWZ7|387|S|21,1,Q6UWZ7,S,387,21,ABRAXAS1
Q02880|1342|S|21,1,Q02880,S,1342,21,TOP2B
Q14978|333|S|21,1,Q14978,S,333,21,NOLC1
Q8N9T8|97|S|21,1,Q8N9T8,S,97,21,KRI1
Q08945|673|S|21,1,Q08945,S,673,21,SSRP1
Q06455|411|S|21,1,Q06455,S,411,21,RUNX1T1
Q02880|1336|S|21,1,Q02880,S,1336,21,TOP2B
O15014|576|S|21,1,O15014,S,576,21,ZNF609
Q96BT3|397|S|21,1,Q96BT3,S,397,21,CENPT
Q96KQ7|119|S|21,1,Q96KQ7,S,119,21,EHMT2
Q8TF01|311|S|21,1,Q8TF01,S,311,21,PNISR
Q15059|560|S|21,1,Q15059,S,560,21,BRD3
Q86UE8|46|S|21,1,Q86UE8,S,46,21,TLK2
Q86UE8|38|S|21,1,Q86UE8,S,38,21,TLK2
Q8WVC0|606|Y|21,1,Q8WVC0,Y,606,21,LEO1
Q5SW79|1131|T|21,1,Q5SW79,T,1131,21,CEP170
O15085|654|S|21,1,O15085,S,654,21,ARHGEF11
Q02040|638|S|21,1,Q02040,S,638,21,AKAP17A
Q14978|370|S|21,1,Q14978,S,370,21,NOLC1
Q14978|331|S|21,1,Q14978,S,331,21,NOLC1
Q9NYD6|244|T|21,1,Q9NYD6,T,244,21,HOXC10
Q9BTA9|523|S|21,1,Q9BTA9,S,523,21,WAC
P24928|1856|T|21,1,P24928,T,1856,21,POLR2A
P61244|142|S|21,1,P61244,S,142,21,MAX
Q5SW79|628|T|21,1,Q5SW79,T,628,21,CEP170
P28358|236|S|21,1,P28358,S,236,21,HOXD10
Q8NI27|1516|S|21,1,Q8NI27,S,1516,21,THOC2
Q9UN37|99|S|21,1,Q9UN37,S,99,21,VPS4A
Q92766|42|S|21,1,Q92766,S,42,21,RREB1
Q06455|417|S|21,1,Q06455,S,417,21,RUNX1T1
Q01484|1732|S|21,1,Q01484,S,1732,21,ANK2
Q9H4L7|132|S|21,1,Q9H4L7,S,132,21,SMARCAD1
Q8N556|278|S|21,1,Q8N556,S,278,21,AFAP1
Q4VC05|156|S|21,1,Q4VC05,S,156,21,BCL7A
Q9H6F5|102|S|21,1,Q9H6F5,S,102,21,CCDC86
Q9ULE4|559|S|21,1,Q9ULE4,S,559,21,FAM184B
P24928|1845|S|21,1,P24928,S,1845,21,POLR2A
P14618|77|S|21,1,P14618,S,77,21,PKM
Q14839|1531|S|21,1,Q14839,S,1531,21,CHD4
Q86VR2|285|S|21,1,Q86VR2,S,285,21,RETREG3
Q15059|563|S|21,1,Q15059,S,563,21,BRD3
Q9BVC5|197|T|21,1,Q9BVC5,T,197,21,C2orf49
Q9BTA9|532|S|21,1,Q9BTA9,S,532,21,WAC
P35269|381|S|21,1,P35269,S,381,21,GTF2F1
Q99081|535|S|21,1,Q99081,S,535,21,TCF12
P46100|978|S|21,1,P46100,S,978,21,ATRX
Q9UPX0|797|S|21,1,Q9UPX0,S,797,21,IGSF9B
A0JNW5|423|S|21,1,A0JNW5,S,423,21,BLTP3B
P61244|138|S|21,1,P61244,S,138,21,MAX
A6NF01|51|S|21,1,A6NF01,S,51,21,POM121B
P46100|1348|S|21,1,P46100,S,1348,21,ATRX
Q5JSZ5|1691|S|21,1,Q5JSZ5,S,1691,21,PRRC2B
O75554|229|S|21,1,O75554,S,229,21,WBP4
P15884|370|S|21,1,P15884,S,370,21,TCF4
Q05209|613|S|21,1,Q05209,S,613,21,PTPN12
P61244|140|S|21,1,P61244,S,140,21,MAX
Q9HCM3|1388|S|21,1,Q9HCM3,S,1388,21,KIAA1549
Q9BRD0|185|S|21,1,Q9BRD0,S,185,21,BUD13
Q86V59|333|S|21,1,Q86V59,S,333,21,PNMA8A
P49792|788|S|21,1,P49792,S,788,21,RANBP2
Q9UPT8|807|S|21,1,Q9UPT8,S,807,21,ZC3H4
Q9BW85|316|S|21,1,Q9BW85,S,316,21,YJU2
Q969R5|689|S|21,1,Q969R5,S,689,21,L3MBTL2
Q15154|59|R|7,1,Q15154,R,59,7,PCM1
Q5JSH3|470|S|21,1,Q5JSH3,S,470,21,WDR44
Q5JSH3|472|S|21,1,Q5JSH3,S,472,21,WDR44
Q9Y520|1269|S|21,1,Q9Y520,S,1269,21,PRRC2C
P37275|702|T|21,1,P37275,T,702,21,ZEB1
P35612|697|S|21,1,P35612,S,697,21,ADD2
P07910|241|S|21,1,P07910,S,241,21,HNRNPC
Q15648|1463|S|21,1,Q15648,S,1463,21,MED1
Q13428|273|S|21,1,Q13428,S,273,21,TCOF1
P37275|704|S|21,1,P37275,S,704,21,ZEB1
Q5VWQ8|971|S|21,1,Q5VWQ8,S,971,21,DAB2IP
O95251|158|S|21,1,O95251,S,158,21,KAT7
Q92766|36|S|21,1,Q92766,S,36,21,RREB1
P07910|240|S|21,1,P07910,S,240,21,HNRNPC
P07910|238|S|21,1,P07910,S,238,21,HNRNPC
Q06455|413|S|21,1,Q06455,S,413,21,RUNX1T1
P46100|34|S|21,1,P46100,S,34,21,ATRX
P35612|701|S|21,1,P35612,S,701,21,ADD2
P07197|672|S|21,1,P07197,S,672,21,NEFM
Q86VR2|288|S|21,1,Q86VR2,S,288,21,RETREG3
Q8N556|283|S|21,1,Q8N556,S,283,21,AFAP1
Q8N556|277|S|21,1,Q8N556,S,277,21,AFAP1
Q5VT52|482|T|21,1,Q5VT52,T,482,21,RPRD2
P15884|372|S|21,1,P15884,S,372,21,TCF4
Q9BVS4|335|S|21,1,Q9BVS4,S,335,21,RIOK2
P37275|701|S|21,1,P37275,S,701,21,ZEB1
Q9NUQ6|118|T|21,1,Q9NUQ6,T,118,21,SPATS2L
Q9NYF8|264|S|21,1,Q9NYF8,S,264,21,BCLAF1
Q9BTA9|525|S|21,1,Q9BTA9,S,525,21,WAC
Q5VZL5|1068|S|21,1,Q5VZL5,S,1068,21,ZMYM4
Q13428|771|S|21,1,Q13428,S,771,21,TCOF1
Q6UWZ7|390|T|21,1,Q6UWZ7,T,390,21,ABRAXAS1
Q12872|893|S|21,1,Q12872,S,893,21,SFSWAP
P48681|465|S|21,1,P48681,S,465,21,NES
Q5VT52|476|S|21,1,Q5VT52,S,476,21,RPRD2
Q15154|530|T|21,1,Q15154,T,530,21,PCM1
Q8NI08|181|S|21,1,Q8NI08,S,181,21,NCOA7
P46100|1991|S|21,1,P46100,S,1991,21,ATRX
P35269|380|S|21,1,P35269,S,380,21,GTF2F1
Q9ULE4|560|S|21,1,Q9ULE4,S,560,21,FAM184B
Q14978|366|S|21,1,Q14978,S,366,21,NOLC1
Q13206|807|S|21,1,Q13206,S,807,21,DDX10
Q12789|1845|S|21,1,Q12789,S,1845,21,GTF3C1
Q9BRD0|386|S|21,1,Q9BRD0,S,386,21,BUD13
Q5VWQ8|978|S|21,1,Q5VWQ8,S,978,21,DAB2IP
Q5SW79|1130|T|21,1,Q5SW79,T,1130,21,CEP170
Q5T481|660|S|21,1,Q5T481,S,660,21,RBM20
Q2KJY2|977|S|21,1,Q2KJY2,S,977,21,KIF26B
O95785|1017|S|21,1,O95785,S,1017,21,WIZ
O95785|1006|S|21,1,O95785,S,1006,21,WIZ
P46100|1013|S|21,1,P46100,S,1013,21,ATRX
O75554|227|S|21,1,O75554,S,227,21,WBP4
Q9NYD6|245|S|21,1,Q9NYD6,S,245,21,HOXC10
Q96BT3|400|S|21,1,Q96BT3,S,400,21,CENPT
P28358|238|S|21,1,P28358,S,238,21,HOXD10
Q8IYB3|795|S|21,1,Q8IYB3,S,795,21,SRRM1
Q5T481|862|S|21,1,Q5T481,S,862,21,RBM20
O95696|21|S|21,1,O95696,S,21,21,BRD1
Q9Y520|1242|S|21,1,Q9Y520,S,1242,21,PRRC2C
Q96BT3|403|S|21,1,Q96BT3,S,403,21,CENPT
P35612|693|S|21,1,P35612,S,693,21,ADD2
Q9UJX5|779|S|21,1,Q9UJX5,S,779,21,ANAPC4
Q9HCM3|1395|S|21,1,Q9HCM3,S,1395,21,KIAA1549
Q4VC05|154|S|21,1,Q4VC05,S,154,21,BCL7A
Q2M1K9|604|S|21,1,Q2M1K9,S,604,21,ZNF423
P11171|191|S|21,1,P11171,S,191,21,EPB41
Q8N1G0|1082|S|21,1,Q8N1G0,S,1082,21,ZNF687
Q13523|87|S|21,1,Q13523,S,87,21,PRP4K
O95714|1948|S|21,1,O95714,S,1948,21,HERC2
Q4VC05|111|S|21,1,Q4VC05,S,111,21,BCL7A
Q9BRD0|187|T|21,1,Q9BRD0,T,187,21,BUD13
Q14004|349|S|21,1,Q14004,S,349,21,CDK13
O75554|225|S|21,1,O75554,S,225,21,WBP4
Q9UJX5|777|S|21,1,Q9UJX5,S,777,21,ANAPC4
Q8IZ40|35|S|21,1,Q8IZ40,S,35,21,RCOR2
Q8NEY8|208|S|21,1,Q8NEY8,S,208,21,PPHLN1
P51858|208|R|7,1,P51858,R,208,7,HDGF
Q5JSZ5|1687|S|21,1,Q5JSZ5,S,1687,21,PRRC2B
Q13428|765|S|21,1,Q13428,S,765,21,TCOF1
Q13523|93|S|21,1,Q13523,S,93,21,PRP4K
O75400|938|S|21,1,O75400,S,938,21,PRPF40A
Q9UID3|18|S|21,1,Q9UID3,S,18,21,VPS51
Q99081|540|S|21,1,Q99081,S,540,21,TCF12
Q14978|368|S|21,1,Q14978,S,368,21,NOLC1
Q14978|365|S|21,1,Q14978,S,365,21,NOLC1
Q7Z460|555|S|21,1,Q7Z460,S,555,21,CLASP1
P15884|371|S|21,1,P15884,S,371,21,TCF4
P04198|371|S|21,1,P04198,S,371,21,MYCN
Q9UGU0|541|S|21,1,Q9UGU0,S,541,21,TCF20
Q6UWZ7|386|S|21,1,Q6UWZ7,S,386,21,ABRAXAS1
O95696|25|S|21,1,O95696,S,25,21,BRD1
O94880|280|S|21,1,O94880,S,280,21,PHF14
Q13428|764|S|21,1,Q13428,S,764,21,TCOF1
Q9BTA9|534|S|21,1,Q9BTA9,S,534,21,WAC
Q8NI08|179|S|21,1,Q8NI08,S,179,21,NCOA7
O75475|116|S|21,1,O75475,S,116,21,PSIP1
Q9HCE3|297|S|21,1,Q9HCE3,S,297,21,ZNF532
Q14978|362|S|21,1,Q14978,S,362,21,NOLC1
Q99081|534|S|21,1,Q99081,S,534,21,TCF12
Q969R5|688|S|21,1,Q969R5,S,688,21,L3MBTL2
Q01484|1733|S|21,1,Q01484,S,1733,21,ANK2
A0JNW5|418|S|21,1,A0JNW5,S,418,21,BLTP3B
P35269|377|S|21,1,P35269,S,377,21,GTF2F1
Q5VWQ8|974|S|21,1,Q5VWQ8,S,974,21,DAB2IP
Q8NI08|182|S|21,1,Q8NI08,S,182,21,NCOA7
P46100|1352|S|21,1,P46100,S,1352,21,ATRX
O95251|162|S|21,1,O95251,S,162,21,KAT7
Q06455|410|S|21,1,Q06455,S,410,21,RUNX1T1
Q9ULI0|83|S|21,1,Q9ULI0,S,83,21,ATAD2B
Q14978|264|S|21,1,Q14978,S,264,21,NOLC1
P42166|180|S|21,1,P42166,S,180,21,TMPO
Q9UKS6|354|S|21,1,Q9UKS6,S,354,21,PACSIN3
P11171|188|S|21,1,P11171,S,188,21,EPB41
O75928|478|S|21,1,O75928,S,478,21,PIAS2
P07197|615|S|21,1,P07197,S,615,21,NEFM
O95251|164|S|21,1,O95251,S,164,21,KAT7
P35659|232|S|21,1,P35659,S,232,21,DEK
P46100|25|S|21,1,P46100,S,25,21,ATRX
P28799|204|S|21,1,P28799,S,204,21,GRN
O14813|172|S|21,1,O14813,S,172,21,PHOX2A
P28799|219|S|21,1,P28799,S,219,21,GRN
Q9ULE4|558|T|21,1,Q9ULE4,T,558,21,FAM184B
Q8IZ40|31|S|21,1,Q8IZ40,S,31,21,RCOR2
Q9NUQ6|120|S|21,1,Q9NUQ6,S,120,21,SPATS2L
P21333|2484|R|7,2,P21333,R,2484,7,FLNA
P21333|2395|R|7,2,P21333,R,2395,7,FLNA
P22626|203|R|36,2,P22626,R,203,36,HNRNPA2B1
Q8TCU6|1195|S|21,2,Q8TCU6,S,1195,21,PREX1
Q9UQ35|346|S|21,2,Q9UQ35,S,346,21,SRRM2
Q16186|34|K|535,2,Q16186,K,34,535,ADRM1
P46937|106|R|7,2,P46937,R,106,7,YAP1
P07355|47|K|34,2,P07355,K,47,34,ANXA2
P62328|4|K|34,2,P62328,K,4,34,TMSB4X
P24539|142|S|23,2,P24539,S,142,23,ATP5PB
P18621|139|Y|23,2,P18621,Y,139,23,RPL17
Q9BYX7|362|Y|23,2,Q9BYX7,Y,362,23,POTEKP
P14866|302|K|53,2,P14866,K,302,53,HNRNPL
P07737|129|Y|23,2,P07737,Y,129,23,PFN1
Q96T37|257|S|21,2,Q96T37,S,257,21,RBM15
P22694|202|T|21,2,P22694,T,202,21,PRKACB
P36578|52|Y|23,2,P36578,Y,52,23,RPL4
Q9H361|571|T|23,2,Q9H361,T,571,23,PABPC3
P02545|471|R|7,2,P02545,R,471,7,LMNA
Q9UPQ0|229|R|7,2,Q9UPQ0,R,229,7,LIMCH1
Q12756|1528|S|21,2,Q12756,S,1528,21,KIF1A
Q96S55|232|R|7,2,Q96S55,R,232,7,WRNIP1
Q9UQ35|1232|S|21,2,Q9UQ35,S,1232,21,SRRM2
P62979|29|K|535,2,P62979,K,29,535,RPS27A
P60201|107|T|23,2,P60201,T,107,23,PLP1
P21359|864|S|21,2,P21359,S,864,21,NF1
Q9C0C2|1158|S|21,2,Q9C0C2,S,1158,21,TNKS1BP1
Q15366|188|S|21,2,Q15366,S,188,21,PCBP2
Q9Y2V2|32|S|21,2,Q9Y2V2,S,32,21,CARHSP1
Q5BKZ1|116|R|7,2,Q5BKZ1,R,116,7,ZNF326
P62979|65|S|23,2,P62979,S,65,23,RPS27A
Q01518|29|R|7,2,Q01518,R,29,7,CAP1
P19338|589|K|34,2,P19338,K,589,34,NCL
P02686|199|R|7,2,P02686,R,199,7,MBP
Q96EI5|142|K|535,2,Q96EI5,K,142,535,TCEAL4
P80723|164|S|23,2,P80723,S,164,23,BASP1
P62979|11|K|535,2,P62979,K,11,535,RPS27A
P08670|196|R|7,2,P08670,R,196,7,VIM
P62258|233|S|21,2,P62258,S,233,21,YWHAE
P60201|111|K|64,2,P60201,K,111,64,PLP1
P08195|21|K|535,2,P08195,K,21,535,SLC3A2
Q92777|428|R|7,2,Q92777,R,428,7,SYN2
P19338|580|S|21,2,P19338,S,580,21,NCL
P54252|265|S|21,2,P54252,S,265,21,ATXN3
Q5BKZ1|57|Y|21,2,Q5BKZ1,Y,57,21,ZNF326
P22626|244|Y|21,2,P22626,Y,244,21,HNRNPA2B1
Q15717|85|R|7,2,Q15717,R,85,7,ELAVL1
P11021|585|K|37,2,P11021,K,585,37,HSPA5
Q9UQ35|398|S|21,2,Q9UQ35,S,398,21,SRRM2
Q9BW71|159|S|21,2,Q9BW71,S,159,21,HIRIP3
P05783|207|K|34,2,P05783,K,207,34,KRT18
P13987|80|R|7,2,P13987,R,80,7,CD59
P13639|407|K|34,2,P13639,K,407,34,EEF2
P47914|5|K|34,2,P47914,K,5,34,RPL29
P62979|6|K|535,2,P62979,K,6,535,RPS27A
O95817|173|S|21,2,O95817,S,173,21,BAG3
Q53F19|415|S|21,2,Q53F19,S,415,21,NCBP3
P02686|177|R|7,2,P02686,R,177,7,MBP
P05109|36|K|34,2,P05109,K,36,34,S100A8
Q9UNZ2|114|S|21,2,Q9UNZ2,S,114,21,NSFL1C
P08670|325|S|21,2,P08670,S,325,21,VIM
P62979|57|S|23,2,P62979,S,57,23,RPS27A
P42765|216|T|23,2,P42765,T,216,23,ACAA2
Q13283|19|Y|23,2,Q13283,Y,19,23,G3BP1
P02675|395|R|7,2,P02675,R,395,7,FGB
Q562R1|329|K|34,2,Q562R1,K,329,34,ACTBL2
Q9BW71|160|S|21,2,Q9BW71,S,160,21,HIRIP3
P22626|213|R|34,2,P22626,R,213,34,HNRNPA2B1
P16435|438|R|7,2,P16435,R,438,7,POR
Q9GZV5|89|S|21,2,Q9GZV5,S,89,21,WWTR1
P11021|585|K|34,2,P11021,K,585,34,HSPA5
O95429|237|R|7,2,O95429,R,237,7,BAG4
P61626|68|R|7,2,P61626,R,68,7,LYZ
P02686|241|R|36,2,P02686,R,241,36,MBP
Q96A08|118|K|1,2,Q96A08,K,118,1,H2BC1
P11142|425|T|23,2,P11142,T,425,23,HSPA8
P14317|333|T|23,2,P14317,T,333,23,HCLS1
P02545|12|S|21,2,P02545,S,12,21,LMNA
P31943|233|R|36,2,P31943,R,233,36,HNRNPH1
Q5TEC6|10|K|37,2,Q5TEC6,K,10,37,H3
P01009|337|S|23,2,P01009,S,337,23,SERPINA1
P07355|184|S|23,2,P07355,S,184,23,ANXA2
P62979|147|T|21,2,P62979,T,147,21,RPS27A
P51991|286|R|34,2,P51991,R,286,34,HNRNPA3
P01591|69|R|7,2,P01591,R,69,7,JCHAIN
P22626|244|Y|23,2,P22626,Y,244,23,HNRNPA2B1
Q15149|2099|K|1,2,Q15149,K,2099,1,PLEC
P55795|233|R|36,2,P55795,R,233,36,HNRNPH2
Q96JM3|297|S|21,2,Q96JM3,S,297,21,CHAMP1
P62753|46|K|53,2,P62753,K,46,53,RPS6
P11142|524|K|535,2,P11142,K,524,535,HSPA8
P00558|30|K|34,2,P00558,K,30,34,PGK1
Q15365|189|S|21,2,Q15365,S,189,21,PCBP1
Q9UMS4|39|T|23,2,Q9UMS4,T,39,23,PRPF19
Q5VTE0|240|R|7,2,Q5VTE0,R,240,7,EEF1A1P5
P62979|63|K|535,2,P62979,K,63,535,RPS27A
P0DP23|100|Y|23,2,P0DP23,Y,100,23,CALM1
O15143|311|S|21,2,O15143,S,311,21,ARPC1B
P22626|82|R|7,2,P22626,R,82,7,HNRNPA2B1
P62857|31|R|7,2,P62857,R,31,7,RPS28
Q9BW71|155|R|7,2,Q9BW71,R,155,7,HIRIP3
P31946|143|T|23,2,P31946,T,143,23,YWHAB
Q5TEC6|28|K|37,2,Q5TEC6,K,28,37,H3
Q32P51|156|H|53,2,Q32P51,H,156,53,HNRNPA1L2
P05455|246|R|7,2,P05455,R,246,7,SSB
Q8TCU6|1200|S|21,2,Q8TCU6,S,1200,21,PREX1
Q13283|435|R|36,2,Q13283,R,435,36,G3BP1
P10809|389|K|34,2,P10809,K,389,34,HSPD1
Q96T37|269|S|21,2,Q96T37,S,269,21,RBM15
P08670|304|R|7,2,P08670,R,304,7,VIM
P13591|279|K|1,2,P13591,K,279,1,NCAM1
P60201|106|T|23,2,P60201,T,106,23,PLP1
Q15369|35|H|53,2,Q15369,H,35,53,ELOC
P78347|679|S|21,2,P78347,S,679,21,GTF2I
Q96T37|259|S|21,2,Q96T37,S,259,21,RBM15
P07197|142|S|23,2,P07197,S,142,23,NEFM
Q8TF01|211|S|21,2,Q8TF01,S,211,21,PNISR
O75533|614|R|7,2,O75533,R,614,7,SF3B1
P23396|207|H|53,2,P23396,H,207,53,RPS3
P02751|2447|R|7,2,P02751,R,2447,7,FN1
Q96T37|258|R|7,2,Q96T37,R,258,7,RBM15
P22492|83|R|7,2,P22492,R,83,7,H1
Q13283|231|S|21,2,Q13283,S,231,21,G3BP1
P08195|212|R|7,2,P08195,R,212,7,SLC3A2
Q15149|2255|K|1,2,Q15149,K,2255,1,PLEC
P07197|384|Y|23,2,P07197,Y,384,23,NEFM
Q9H1E3|177|T|21,2,Q9H1E3,T,177,21,NUCKS1
P53597|69|T|23,2,P53597,T,69,23,SUCLG1
Q9UKK9|9|S|21,2,Q9UKK9,S,9,21,NUDT5
P02751|265|R|7,2,P02751,R,265,7,FN1
P21333|2103|R|7,2,P21333,R,2103,7,FLNA
Q3ZCM7|359|R|7,2,Q3ZCM7,R,359,7,TUBB8
P02686|183|R|36,2,P02686,R,183,36,MBP
P08865|205|R|7,2,P08865,R,205,7,RPSA
P22626|266|R|34,2,P22626,R,266,34,HNRNPA2B1
P0C0S5|122|K|1,2,P0C0S5,K,122,1,H2AZ1
P06702|25|K|34,2,P06702,K,25,34,S100A9
P51991|355|S|21,2,P51991,S,355,21,HNRNPA3
Q5BKY9|191|S|21,2,Q5BKY9,S,191,21,FAM133B
P04075|119|T|23,2,P04075,T,119,23,ALDOA
P00558|66|R|7,2,P00558,R,66,7,PGK1
Q8NFA0|1423|S|21,2,Q8NFA0,S,1423,21,USP32
Q15149|2463|K|1,2,Q15149,K,2463,1,PLEC
P43003|534|K|535,2,P43003,K,534,535,SLC1A3
Q86YS7|260|S|21,2,Q86YS7,S,260,21,C2CD5
O75083|348|Y|21,2,O75083,Y,348,21,WDR1
P22626|228|R|34,2,P22626,R,228,34,HNRNPA2B1
P02686|264|R|7,2,P02686,R,264,7,MBP
P22626|203|R|34,2,P22626,R,203,34,HNRNPA2B1
P11142|128|K|1,2,P11142,K,128,1,HSPA8
P46783|139|K|535,2,P46783,K,139,535,RPS10
P60903|47|K|535,2,P60903,K,47,535,S100A10
Q92734|385|R|36,2,Q92734,R,385,36,TFG
Q12756|1532|S|21,2,Q12756,S,1532,21,KIF1A
P60033|127|Y|23,2,P60033,Y,127,23,CD81
Q8NFA0|1422|S|21,2,Q8NFA0,S,1422,21,USP32
Q9Y2D5|1011|T|21,2,Q9Y2D5,T,1011,21,PALM2AKAP2
P0DP23|116|K|37,2,P0DP23,K,116,37,CALM1
Q5BKZ1|24|R|7,2,Q5BKZ1,R,24,7,ZNF326
P22626|247|Y|21,2,P22626,Y,247,21,HNRNPA2B1
P55795|233|R|34,2,P55795,R,233,34,HNRNPH2
Q9UJY5|163|R|7,2,Q9UJY5,R,163,7,GGA1
Q6PEY2|60|K|34,2,Q6PEY2,K,60,34,TUBA3E
P06576|241|R|7,2,P06576,R,241,7,ATP5F1B
P02671|271|R|7,2,P02671,R,271,7,FGA
P02686|183|R|34,2,P02686,R,183,34,MBP
Q96ST2|278|S|21,2,Q96ST2,S,278,21,IWS1
Q9NY61|310|T|21,2,Q9NY61,T,310,21,AATF
P22392|105|R|7,2,P22392,R,105,7,NME2
Q562R1|187|T|23,2,Q562R1,T,187,23,ACTBL2
P25705|337|Y|23,2,P25705,Y,337,23,ATP5F1A
P10809|107|E|299,2,P10809,E,107,299,HSPD1
P02452|1125|S|21,2,P02452,S,1125,21,COL1A1
P31946|142|T|23,2,P31946,T,142,23,YWHAB
P02671|129|R|7,2,P02671,R,129,7,FGA
P16402|64|K|34,2,P16402,K,64,34,H1
P61254|93|T|23,2,P61254,T,93,23,RPL26
P10809|105|T|23,2,P10809,T,105,23,HSPD1
P08670|207|R|7,2,P08670,R,207,7,VIM
P09651|75|R|7,2,P09651,R,75,7,HNRNPA1
P06454|103|K|34,2,P06454,K,103,34,PTMA
Q96T37|271|S|21,2,Q96T37,S,271,21,RBM15
Q92777|431|T|21,2,Q92777,T,431,21,SYN2
Q13247|46|R|7,2,Q13247,R,46,7,SRSF6
P09211|199|Y|23,2,P09211,Y,199,23,GSTP1
Q16777|89|R|7,2,Q16777,R,89,7,H2AC20
O95218|181|S|21,2,O95218,S,181,21,ZRANB2
P98179|105|R|36,2,P98179,R,105,36,RBM3
Q9GZV5|93|S|21,2,Q9GZV5,S,93,21,WWTR1
O95429|108|R|36,2,O95429,R,108,36,BAG4
Q01844|471|R|36,2,Q01844,R,471,36,EWSR1
P11142|427|T|23,2,P11142,T,427,23,HSPA8
Q96ST2|276|S|21,2,Q96ST2,S,276,21,IWS1
P68133|320|T|23,2,P68133,T,320,23,ACTA1
Q92522|86|R|7,2,Q92522,R,86,7,H1
O43166|1645|S|21,2,O43166,S,1645,21,SIPA1L1
P0DMV8|561|K|37,2,P0DMV8,K,561,37,HSPA1A
P62995|203|T|21,2,P62995,T,203,21,TRA2B
P61604|66|K|34,2,P61604,K,66,34,HSPE1
P62979|27|K|535,2,P62979,K,27,535,RPS27A
Q99497|48|R|7,2,Q99497,R,48,7,PARK7
P05783|177|S|23,2,P05783,S,177,23,KRT18
Q9UQ35|2103|R|7,2,Q9UQ35,R,2103,7,SRRM2
P0DP23|116|K|1,2,P0DP23,K,116,1,CALM1
Q8WVC0|574|R|7,2,Q8WVC0,R,574,7,LEO1
P02452|889|S|21,2,P02452,S,889,21,COL1A1
P51991|177|H|53,2,P51991,H,177,53,HNRNPA3
P22694|198|T|21,2,P22694,T,198,21,PRKACB
P08670|426|T|23,2,P08670,T,426,23,VIM
Q71RC2|594|S|21,2,Q71RC2,S,594,21,LARP4
P08670|450|R|7,2,P08670,R,450,7,VIM
Q13283|230|S|21,2,Q13283,S,230,21,G3BP1
Q13247|174|R|7,2,Q13247,R,174,7,SRSF6
P62979|59|Y|21,2,P62979,Y,59,21,RPS27A
P22626|213|R|36,2,P22626,R,213,36,HNRNPA2B1
Q15149|4466|R|7,2,Q15149,R,4466,7,PLEC
Q13247|169|T|23,2,Q13247,T,169,23,SRSF6
P08670|327|T|21,2,P08670,T,327,21,VIM
Q99729|245|R|34,2,Q99729,R,245,34,HNRNPAB
P09936|153|R|7,2,P09936,R,153,7,UCHL1
P01042|332|S|21,2,P01042,S,332,21,KNG1
P27348|141|T|23,2,P27348,T,141,23,YWHAQ
P04406|107|K|34,2,P04406,K,107,34,GAPDH
Q5BKY9|192|S|21,2,Q5BKY9,S,192,21,FAM133B
P10809|159|S|23,2,P10809,S,159,23,HSPD1
Q8NFJ5|345|S|21,2,Q8NFJ5,S,345,21,GPRC5A
Q5VTE0|408|K|64,2,Q5VTE0,K,408,64,EEF1A1P5
P04792|198|K|34,2,P04792,K,198,34,HSPB1
P02786|39|K|535,2,P02786,K,39,535,TFRC
P46783|138|K|535,2,P46783,K,138,535,RPS10
P02686|213|R|7,2,P02686,R,213,7,MBP
P31946|147|S|23,2,P31946,S,147,23,YWHAB
Q5BKY9|194|S|21,2,Q5BKY9,S,194,21,FAM133B
Q15365|190|S|21,2,Q15365,S,190,21,PCBP1
P23396|214|K|535,2,P23396,K,214,535,RPS3
P02686|256|R|7,2,P02686,R,256,7,MBP
Q86V81|166|Y|23,2,Q86V81,Y,166,23,ALYREF
P21333|973|K|34,2,P21333,K,973,34,FLNA
Q5TEC6|28|K|34,2,Q5TEC6,K,28,34,H3
Q9C0K0|678|S|21,2,Q9C0K0,S,678,21,BCL11B
P22626|159|T|23,2,P22626,T,159,23,HNRNPA2B1
Q9UQ35|1233|S|21,2,Q9UQ35,S,1233,21,SRRM2
Q5VTE0|165|K|37,2,Q5VTE0,K,165,37,EEF1A1P5
Q8N111|83|T|21,2,Q8N111,T,83,21,CEND1
Q13509|72|T|23,2,Q13509,T,72,23,TUBB3
P14136|49|R|7,2,P14136,R,49,7,GFAP
P16104|89|R|7,2,P16104,R,89,7,H2AX
Q5VTE0|79|K|37,2,Q5VTE0,K,79,37,EEF1A1P5
P29692|129|T|21,2,P29692,T,129,21,EEF1D
Q5BKZ1|56|S|21,2,Q5BKZ1,S,56,21,ZNF326
P62979|33|K|535,2,P62979,K,33,535,RPS27A
P31942|323|R|34,2,P31942,R,323,34,HNRNPH3
P31943|233|R|34,2,P31943,R,233,34,HNRNPH1
P42167|183|Y|21,2,P42167,Y,183,21,TMPO
Q6JBY9|105|S|21,2,Q6JBY9,S,105,21,RCSD1
Q9UKK9|10|S|21,2,Q9UKK9,S,10,21,NUDT5
P14625|702|K|53,2,P14625,K,702,53,HSP90B1
Q9H9E3|6|S|21,2,Q9H9E3,S,6,21,COG4
P09936|85|T|23,2,P09936,T,85,23,UCHL1
P11142|561|K|37,2,P11142,K,561,37,HSPA8
Q86V81|204|R|36,2,Q86V81,R,204,36,ALYREF
Q15365|246|S|23,2,Q15365,S,246,23,PCBP1
P60174|21|S|23,2,P60174,S,21,23,TPI1
Q96A08|122|K|535,2,Q96A08,K,122,535,H2BC1
P34931|427|T|23,2,P34931,T,427,23,HSPA1L
P84103|13|Y|21,2,P84103,Y,13,21,SRSF3
P06454|31|R|7,2,P06454,R,31,7,PTMA
P22626|247|Y|23,2,P22626,Y,247,23,HNRNPA2B1
P56537|239|S|21,3,P56537,S,239,21,EIF6
Q96AT1|50|S|21,3,Q96AT1,S,50,21,KIAA1143
Q96RT1|444|S|21,3,Q96RT1,S,444,21,ERBIN
P49792|2456|S|21,3,P49792,S,2456,21,RANBP2
Q6PI98|26|S|21,3,Q6PI98,S,26,21,INO80C
P20962|2|S|21,3,P20962,S,2,21,PTMS
Q9UH99|113|S|21,3,Q9UH99,S,113,21,SUN2
Q8IVP5|13|S|21,3,Q8IVP5,S,13,21,FUNDC1
P20700|23|S|21,3,P20700,S,23,21,LMNB1
O00712|284|S|21,3,O00712,S,284,21,NFIB
Q8WXI9|129|S|21,3,Q8WXI9,S,129,21,GATAD2B
Q9NYF8|268|S|21,3,Q9NYF8,S,268,21,BCLAF1
Q96JG6|498|S|21,3,Q96JG6,S,498,21,VPS50
P21291|192|S|21,3,P21291,S,192,21,CSRP1
Q5JSZ5|1134|T|21,3,Q5JSZ5,T,1134,21,PRRC2B
Q9HB90|2|S|21,3,Q9HB90,S,2,21,RRAGC
Q76L83|142|S|21,3,Q76L83,S,142,21,ASXL2
Q13085|25|S|21,3,Q13085,S,25,21,ACACA
Q13523|328|S|21,3,Q13523,S,328,21,PRP4K
Q13085|23|S|21,3,Q13085,S,23,21,ACACA
P36404|45|S|21,3,P36404,S,45,21,ARL2
Q8N1G0|1087|S|21,3,Q8N1G0,S,1087,21,ZNF687
Q9UHR4|251|S|21,3,Q9UHR4,S,251,21,BAIAP2L1
P46013|2231|T|21,3,P46013,T,2231,21,MKI67
Q9UGY1|140|S|21,3,Q9UGY1,S,140,21,NOL12
Q92597|367|S|21,3,Q92597,S,367,21,NDRG1
O75925|485|S|21,3,O75925,S,485,21,PIAS1
P37275|319|S|21,3,P37275,S,319,21,ZEB1
Q5M775|361|S|21,3,Q5M775,S,361,21,SPECC1
Q8IVP5|17|S|21,3,Q8IVP5,S,17,21,FUNDC1
P35658|666|S|21,3,P35658,S,666,21,NUP214
Q8WX93|893|S|21,3,Q8WX93,S,893,21,PALLD
Q9Y618|2054|S|21,3,Q9Y618,S,2054,21,NCOR2
Q9NTI5|1162|S|21,3,Q9NTI5,S,1162,21,PDS5B
Q14692|625|S|21,3,Q14692,S,625,21,BMS1
Q8NBN3|475|S|21,3,Q8NBN3,S,475,21,TMEM87A
Q9NTI5|1166|S|21,3,Q9NTI5,S,1166,21,PDS5B
Q13085|29|S|21,3,Q13085,S,29,21,ACACA
Q8WWI1|1026|S|21,3,Q8WWI1,S,1026,21,LMO7
Q01130|26|S|21,3,Q01130,S,26,21,SRSF2
Q9Y2F5|1903|S|21,3,Q9Y2F5,S,1903,21,ICE1
O00712|295|S|21,3,O00712,S,295,21,NFIB
O60245|989|S|21,3,O60245,S,989,21,PCDH7
Q9UKV3|410|S|21,3,Q9UKV3,S,410,21,ACIN1
Q7KZ85|7|S|21,3,Q7KZ85,S,7,21,SUPT6H
Q12872|282|S|21,3,Q12872,S,282,21,SFSWAP
Q14692|639|S|21,3,Q14692,S,639,21,BMS1
P02545|386|R|7,3,P02545,R,386,7,LMNA
Q9UQ35|2407|S|21,3,Q9UQ35,S,2407,21,SRRM2
Q8N3U4|1064|S|21,3,Q8N3U4,S,1064,21,STAG2
Q9Y2H6|213|S|21,3,Q9Y2H6,S,213,21,FNDC3A
Q96JM3|632|S|21,3,Q96JM3,S,632,21,CHAMP1
O00233|13|S|21,3,O00233,S,13,21,PSMD9
Q96F86|140|S|21,3,Q96F86,S,140,21,EDC3
P78347|677|S|21,3,P78347,S,677,21,GTF2I
Q9BXK5|305|S|21,3,Q9BXK5,S,305,21,BCL2L13
P51784|953|S|21,3,P51784,S,953,21,USP11
P46821|1254|S|21,3,P46821,S,1254,21,MAP1B
P08670|49|S|21,3,P08670,S,49,21,VIM
P08670|55|S|21,3,P08670,S,55,21,VIM
Q9UH99|112|S|21,3,Q9UH99,S,112,21,SUN2
Q9NS37|16|S|21,3,Q9NS37,S,16,21,CREBZF
P20700|20|T|21,3,P20700,T,20,21,LMNB1
Q14692|624|S|21,3,Q14692,S,624,21,BMS1
P53667|298|S|21,3,P53667,S,298,21,LIMK1
Q9BXB5|30|S|21,3,Q9BXB5,S,30,21,OSBPL10
O00139|140|S|21,3,O00139,S,140,21,KIF2A
Q8N556|342|S|21,3,Q8N556,S,342,21,AFAP1
Q6S8J3|933|S|21,3,Q6S8J3,S,933,21,POTEE
Q96RT1|440|S|21,3,Q96RT1,S,440,21,ERBIN
Q96F86|138|S|21,3,Q96F86,S,138,21,EDC3
Q92922|330|S|21,3,Q92922,S,330,21,SMARCC1
Q9HCG8|102|S|21,3,Q9HCG8,S,102,21,CWC22
Q9HCG8|93|S|21,3,Q9HCG8,S,93,21,CWC22
Q9NPI6|525|S|21,3,Q9NPI6,S,525,21,DCP1A
Q14181|156|T|21,3,Q14181,T,156,21,POLA2
P55081|43|K|53,3,P55081,K,43,53,MFAP1
Q8N3U4|1058|S|21,3,Q8N3U4,S,1058,21,STAG2
P51784|952|S|21,3,P51784,S,952,21,USP11
Q4LE39|1152|S|21,3,Q4LE39,S,1152,21,ARID4B
Q9NTI5|1369|S|21,3,Q9NTI5,S,1369,21,PDS5B
Q7Z5L9|455|S|21,3,Q7Z5L9,S,455,21,IRF2BP2
Q8N3F8|644|S|21,3,Q8N3F8,S,644,21,MICALL1
Q9Y2H6|203|S|21,3,Q9Y2H6,S,203,21,FNDC3A
Q4LE39|1153|S|21,3,Q4LE39,S,1153,21,ARID4B
P27816|358|S|21,3,P27816,S,358,21,MAP4
Q9HB09|37|S|21,3,Q9HB09,S,37,21,BCL2L12
Q7Z5L9|453|R|7,3,Q7Z5L9,R,453,7,IRF2BP2
Q9Y2F5|1891|S|21,3,Q9Y2F5,S,1891,21,ICE1
O75962|2429|S|21,3,O75962,S,2429,21,TRIO
Q9UHF7|1085|S|21,3,Q9UHF7,S,1085,21,TRPS1
Q12888|1646|S|21,3,Q12888,S,1646,21,TP53BP1
Q9ULU4|495|S|21,3,Q9ULU4,S,495,21,ZMYND8
Q09666|5762|S|21,3,Q09666,S,5762,21,AHNAK
Q6PD74|311|S|21,3,Q6PD74,S,311,21,AAGAB
Q8N3U4|1061|S|21,3,Q8N3U4,S,1061,21,STAG2
P35606|847|S|21,3,P35606,S,847,21,COPB2
Q7KZ85|2|S|21,3,Q7KZ85,S,2,21,SUPT6H
Q9HB90|15|S|21,3,Q9HB90,S,15,21,RRAGC
Q7Z5L9|452|R|7,3,Q7Z5L9,R,452,7,IRF2BP2
P20962|5|S|21,3,P20962,S,5,21,PTMS
Q92597|362|S|21,3,Q92597,S,362,21,NDRG1
P46100|598|S|21,3,P46100,S,598,21,ATRX
Q12888|1635|S|21,3,Q12888,S,1635,21,TP53BP1
Q3KQU3|70|S|21,3,Q3KQU3,S,70,21,MAP7D1
P46100|594|S|21,3,P46100,S,594,21,ATRX
Q9H0D6|479|S|21,3,Q9H0D6,S,479,21,XRN2
Q9Y2H6|207|S|21,3,Q9Y2H6,S,207,21,FNDC3A
P51784|948|S|21,3,P51784,S,948,21,USP11
Q12872|283|S|21,3,Q12872,S,283,21,SFSWAP
Q5QJE6|141|S|21,3,Q5QJE6,S,141,21,DNTTIP2
Q14978|698|S|21,3,Q14978,S,698,21,NOLC1
A2RU67|33|S|21,3,A2RU67,S,33,21,FAM234B
P55884|117|S|21,3,P55884,S,117,21,EIF3B
Q6PKG0|847|S|21,3,Q6PKG0,S,847,21,LARP1
Q8N556|343|S|21,3,Q8N556,S,343,21,AFAP1
Q8TDM6|1146|S|21,3,Q8TDM6,S,1146,21,DLG5
Q14980|2000|T|21,3,Q14980,T,2000,21,NUMA1
Q16643|337|S|21,3,Q16643,S,337,21,DBN1
Q92922|328|S|21,3,Q92922,S,328,21,SMARCC1
Q9BWU0|412|S|21,3,Q9BWU0,S,412,21,SLC4A1AP
P60468|7|S|21,3,P60468,S,7,21,SEC61B
P02545|388|R|7,3,P02545,R,388,7,LMNA
P46821|1260|S|21,3,P46821,S,1260,21,MAP1B
Q86T24|188|S|21,3,Q86T24,S,188,21,ZBTB33
Q6PKG0|536|S|21,3,Q6PKG0,S,536,21,LARP1
Q8N7R7|344|S|21,3,Q8N7R7,S,344,21,CCNYL1
P46100|596|S|21,3,P46100,S,596,21,ATRX
Q5QJE6|148|S|21,3,Q5QJE6,S,148,21,DNTTIP2
Q12888|1759|S|21,3,Q12888,S,1759,21,TP53BP1
Q8N556|687|S|21,3,Q8N556,S,687,21,AFAP1
Q12888|1758|S|21,3,Q12888,S,1758,21,TP53BP1
O60832|453|S|21,3,O60832,S,453,21,DKC1
Q8WXI9|122|S|21,3,Q8WXI9,S,122,21,GATAD2B
O00178|25|S|21,3,O00178,S,25,21,GTPBP1
Q9NZM3|887|S|21,3,Q9NZM3,S,887,21,ITSN2
Q9UHB7|706|S|21,3,Q9UHB7,S,706,21,AFF4
Q9UQ35|1413|T|21,3,Q9UQ35,T,1413,21,SRRM2
A0JLT2|226|S|21,3,A0JLT2,S,226,21,MED19
Q9Y2H6|206|S|21,3,Q9Y2H6,S,206,21,FNDC3A
Q92597|364|S|21,3,Q92597,S,364,21,NDRG1
Q15154|1260|S|21,3,Q15154,S,1260,21,PCM1
Q86X95|202|S|21,3,Q86X95,S,202,21,CIRSR
Q9UHR4|412|T|21,3,Q9UHR4,T,412,21,BAIAP2L1
Q9BXK5|302|S|21,3,Q9BXK5,S,302,21,BCL2L13
Q9NPI6|523|S|21,3,Q9NPI6,S,523,21,DCP1A
Q96JM3|627|S|21,3,Q96JM3,S,627,21,CHAMP1
Q5UIP0|1046|S|21,3,Q5UIP0,S,1046,21,RIF1
Q8WWQ0|1783|S|21,3,Q8WWQ0,S,1783,21,PHIP
P08670|47|S|21,3,P08670,S,47,21,VIM
Q8WXI9|120|T|21,3,Q8WXI9,T,120,21,GATAD2B
Q86UU1|461|S|21,3,Q86UU1,S,461,21,PHLDB1
Q15154|1257|S|21,3,Q15154,S,1257,21,PCM1
Q15154|1262|S|21,3,Q15154,S,1262,21,PCM1
Q4LE39|1155|S|21,3,Q4LE39,S,1155,21,ARID4B
Q9NS37|22|S|21,3,Q9NS37,S,22,21,CREBZF
Q96SI9|470|S|21,3,Q96SI9,S,470,21,STRBP
O60832|451|S|21,3,O60832,S,451,21,DKC1
Q4G0J3|258|S|21,3,Q4G0J3,S,258,21,LARP7
Q12872|279|S|21,3,Q12872,S,279,21,SFSWAP
Q96P16|156|S|21,3,Q96P16,S,156,21,RPRD1A
Q96JG6|494|S|21,3,Q96JG6,S,494,21,VPS50
Q15019|229|R|7,3,Q15019,R,229,7,SEPTIN2
P46821|1258|S|21,3,P46821,S,1258,21,MAP1B
Q99683|1029|S|21,3,Q99683,S,1029,21,MAP3K5
P13051|20|H|53,3,P13051,H,20,53,UNG
Q5UIP0|1685|K|53,3,Q5UIP0,K,1685,53,RIF1
A2RU67|30|S|21,3,A2RU67,S,30,21,FAM234B
O60245|982|S|21,3,O60245,S,982,21,PCDH7
Q15154|1263|S|21,3,Q15154,S,1263,21,PCM1
Q5QJE6|145|S|21,3,Q5QJE6,S,145,21,DNTTIP2
O15530|241|S|21,3,O15530,S,241,21,PDPK1
Q6S8J3|932|S|21,3,Q6S8J3,S,932,21,POTEE
Q96P16|152|S|21,3,Q96P16,S,152,21,RPRD1A
P17612|339|S|21,3,P17612,S,339,21,PRKACA
Q9UHB7|703|S|21,3,Q9UHB7,S,703,21,AFF4
Q9UQ35|1136|S|21,3,Q9UQ35,S,1136,21,SRRM2
Q5UIP0|1394|S|21,3,Q5UIP0,S,1394,21,RIF1
Q9UGV2|335|S|21,3,Q9UGV2,S,335,21,NDRG3
Q13614|58|S|21,3,Q13614,S,58,21,MTMR2
Q9Y2F5|1890|S|21,3,Q9Y2F5,S,1890,21,ICE1
Q13435|778|S|21,3,Q13435,S,778,21,SF3B2
Q9UH99|110|S|21,3,Q9UH99,S,110,21,SUN2
O15085|251|S|21,3,O15085,S,251,21,ARHGEF11
Q9C0C2|983|S|21,3,Q9C0C2,S,983,21,TNKS1BP1
Q9UDY2|130|S|21,3,Q9UDY2,S,130,21,TJP2
Q96SI9|465|S|21,3,Q96SI9,S,465,21,STRBP
Q7KZ85|12|S|21,3,Q7KZ85,S,12,21,SUPT6H
Q6PKG0|824|S|21,3,Q6PKG0,S,824,21,LARP1
P02794|179|S|21,3,P02794,S,179,21,FTH1
Q9Y4F1|34|T|21,3,Q9Y4F1,T,34,21,FARP1
Q8NE71|22|S|21,3,Q8NE71,S,22,21,ABCF1
P35658|430|S|21,3,P35658,S,430,21,NUP214
P53667|302|S|21,3,P53667,S,302,21,LIMK1
Q96HC4|313|S|21,3,Q96HC4,S,313,21,PDLIM5
Q6PD74|310|S|21,3,Q6PD74,S,310,21,AAGAB
P80303|332|S|21,3,P80303,S,332,21,NUCB2
Q96JG6|496|S|21,3,Q96JG6,S,496,21,VPS50
Q9UQ35|895|S|21,3,Q9UQ35,S,895,21,SRRM2
O60832|455|S|21,3,O60832,S,455,21,DKC1
Q5M775|364|S|21,3,Q5M775,S,364,21,SPECC1
P33527|921|S|21,3,P33527,S,921,21,ABCC1
P17096|99|S|23,3,P17096,S,99,23,HMGA1
Q5UIP0|1688|S|21,3,Q5UIP0,S,1688,21,RIF1
Q8N302|17|S|21,3,Q8N302,S,17,21,AGGF1
P04792|82|S|23,3,P04792,S,82,23,HSPB1
P49792|2454|S|21,3,P49792,S,2454,21,RANBP2
Q3KQU3|72|S|21,3,Q3KQU3,S,72,21,MAP7D1
Q9HCG8|91|S|21,3,Q9HCG8,S,91,21,CWC22
Q96AT1|49|H|53,3,Q96AT1,H,49,53,KIAA1143
P13051|23|S|21,3,P13051,S,23,21,UNG
Q96P16|153|S|21,3,Q96P16,S,153,21,RPRD1A
Q96P16|158|S|21,3,Q96P16,S,158,21,RPRD1A
O43159|176|S|21,3,O43159,S,176,21,RRP8
O75925|488|S|21,3,O75925,S,488,21,PIAS1
P52948|1064|S|21,3,P52948,S,1064,21,NUP98
Q9BXP5|71|H|53,3,Q9BXP5,H,71,53,SRRT
Q9NPI6|531|T|21,3,Q9NPI6,T,531,21,DCP1A
P50402|8|S|21,3,P50402,S,8,21,EMD
P08670|42|S|21,3,P08670,S,42,21,VIM
O75925|483|S|21,3,O75925,S,483,21,PIAS1
Q8N556|679|S|21,3,Q8N556,S,679,21,AFAP1
Q9ULV3|350|S|21,3,Q9ULV3,S,350,21,CIZ1
P49006|14|T|21,3,P49006,T,14,21,MARCKSL1
P46013|2223|S|21,3,P46013,S,2223,21,MKI67
P09429|43|K|34,4,P09429,K,43,34,HMGB1
P07355|28|K|34,4,P07355,K,28,34,ANXA2
P01834|19|K|34,4,P01834,K,19,34,IGKC
P32119|26|K|34,4,P32119,K,26,34,PRDX2
Q9NY65|370|K|34,4,Q9NY65,K,370,34,TUBA8
P51149|126|K|34,4,P51149,K,126,34,RAB7A
P13639|785|K|34,4,P13639,K,785,34,EEF2
P14618|151|K|34,4,P14618,K,151,34,PKM
P69905|61|K|34,4,P69905,K,61,34,HBA1
P25705|316|K|34,4,P25705,K,316,34,ATP5F1A
P38646|173|K|34,4,P38646,K,173,34,HSPA9
P07197|391|K|34,4,P07197,K,391,34,NEFM
P84085|127|K|34,4,P84085,K,127,34,ARF5
P49327|1866|K|34,4,P49327,K,1866,34,FASN
O95831|337|K|34,4,O95831,K,337,34,AIFM1
P30040|137|K|34,4,P30040,K,137,34,ERP29
P22061|197|K|34,4,P22061,K,197,34,PCMT1
P00338|224|K|34,4,P00338,K,224,34,LDHA
P14618|89|K|34,4,P14618,K,89,34,PKM
Q16181|195|K|34,4,Q16181,K,195,34,SEPTIN7
P05387|61|K|34,4,P05387,K,61,34,RPLP2
P83731|93|K|34,4,P83731,K,93,34,RPL24
P38646|555|K|34,4,P38646,K,555,34,HSPA9
Q9H853|35|K|34,4,Q9H853,K,35,34,TUBA4B
P53396|554|K|34,4,P53396,K,554,34,ACLY
P62979|27|K|34,4,P62979,K,27,34,RPS27A
P68133|63|K|34,4,P68133,K,63,34,ACTA1
Q02878|285|K|34,4,Q02878,K,285,34,RPL6
P02042|145|K|34,4,P02042,K,145,34,HBD
P07900|100|K|34,4,P07900,K,100,34,HSP90AA1
P02679|111|K|34,4,P02679,K,111,34,FGG
Q13509|297|K|34,4,Q13509,K,297,34,TUBB3
P61604|54|K|34,4,P61604,K,54,34,HSPE1
Q04837|81|K|34,4,Q04837,K,81,34,SSBP1
O75526|63|K|34,4,O75526,K,63,34,RBMXL2
Q07955|138|K|34,4,Q07955,K,138,34,SRSF1
P06396|720|K|34,4,P06396,K,720,34,GSN
P40227|465|K|34,4,P40227,K,465,34,CCT6A
P62829|66|K|34,4,P62829,K,66,34,RPL23
P10809|493|K|34,4,P10809,K,493,34,HSPD1
O00299|113|K|34,4,O00299,K,113,34,CLIC1
P11021|464|K|34,4,P11021,K,464,34,HSPA5
P05141|23|K|34,4,P05141,K,23,34,SLC25A5
P07900|112|K|34,4,P07900,K,112,34,HSP90AA1
P05388|162|K|34,4,P05388,K,162,34,RPLP0
P06733|28|K|34,4,P06733,K,28,34,ENO1
P13639|272|K|34,4,P13639,K,272,34,EEF2
P07900|58|K|34,4,P07900,K,58,34,HSP90AA1
Q12906|371|K|34,4,Q12906,K,371,34,ILF3
P18085|30|K|34,4,P18085,K,30,34,ARF4
Q14315|80|K|34,4,Q14315,K,80,34,FLNC
Q9Y277|266|K|34,4,Q9Y277,K,266,34,VDAC3
P53621|1044|K|34,4,P53621,K,1044,34,COPA
P26583|157|K|34,4,P26583,K,157,34,HMGB2
P63244|225|K|34,4,P63244,K,225,34,RACK1
O43390|359|K|34,4,O43390,K,359,34,HNRNPR
P18206|210|K|34,4,P18206,K,210,34,VCL
P63173|67|K|34,4,P63173,K,67,34,RPL38
Q14152|388|K|34,4,Q14152,K,388,34,EIF3A
P68366|280|K|34,4,P68366,K,280,34,TUBA4A
P11142|71|K|34,4,P11142,K,71,34,HSPA8
P07437|379|K|34,4,P07437,K,379,34,TUBB
O43707|899|K|34,4,O43707,K,899,34,ACTN4
P12814|772|K|34,4,P12814,K,772,34,ACTN1
P04406|334|K|34,4,P04406,K,334,34,GAPDH
P16401|78|K|34,4,P16401,K,78,34,H1
P12956|46|K|34,4,P12956,K,46,34,XRCC6
P07910|89|K|34,4,P07910,K,89,34,HNRNPC
P78371|154|K|34,4,P78371,K,154,34,CCT2
Q96AY3|240|K|34,4,Q96AY3,K,240,34,FKBP10
P23284|67|K|34,4,P23284,K,67,34,PPIB
Q01105|167|K|34,4,Q01105,K,167,34,SET
P50395|390|K|34,4,P50395,K,390,34,GDI2
P62826|152|K|34,4,P62826,K,152,34,RAN
P23396|197|K|34,4,P23396,K,197,34,RPS3
P11021|633|K|34,4,P11021,K,633,34,HSPA5
Q96A08|110|K|34,4,Q96A08,K,110,34,H2BC1
Q00610|96|K|34,4,Q00610,K,96,34,CLTC
E9PAV3|1990|K|34,4,E9PAV3,K,1990,34,NACA
P68871|121|K|34,4,P68871,K,121,34,HBB
P02792|106|K|34,4,P02792,K,106,34,FTL
P60174|188|K|34,4,P60174,K,188,34,TPI1
P13804|101|K|34,4,P13804,K,101,34,ETFA
P14618|206|K|34,4,P14618,K,206,34,PKM
P00738|131|K|34,4,P00738,K,131,34,HP
P38646|485|K|34,4,P38646,K,485,34,HSPA9
P55786|794|K|34,4,P55786,K,794,34,NPEPPS
P06733|80|K|34,4,P06733,K,80,34,ENO1
P23284|84|K|34,4,P23284,K,84,34,PPIB
P09874|192|K|34,4,P09874,K,192,34,PARP1
P00338|222|K|34,4,P00338,K,222,34,LDHA
P08670|439|K|34,4,P08670,K,439,34,VIM
P40926|215|K|34,4,P40926,K,215,34,MDH2
P62820|173|K|34,4,P62820,K,173,34,RAB1A
P14618|224|K|34,4,P14618,K,224,34,PKM
O60506|356|K|34,4,O60506,K,356,34,SYNCRIP
Q12905|80|K|34,4,Q12905,K,80,34,ILF2
P12956|123|K|34,4,P12956,K,123,34,XRCC6
P04844|504|K|34,4,P04844,K,504,34,RPN2
P62258|50|K|34,4,P62258,K,50,34,YWHAE
P60174|33|K|34,4,P60174,K,33,34,TPI1
P29401|456|K|34,4,P29401,K,456,34,TKT
P11142|188|K|34,4,P11142,K,188,34,HSPA8
Q562R1|51|K|34,4,Q562R1,K,51,34,ACTBL2
P12956|114|K|34,4,P12956,K,114,34,XRCC6
Q00610|1034|K|34,4,Q00610,K,1034,34,CLTC
P07737|70|K|34,4,P07737,K,70,34,PFN1
P13804|139|K|34,4,P13804,K,139,34,ETFA
P07237|247|K|34,4,P07237,K,247,34,P4HB
Q9Y394|332|K|34,4,Q9Y394,K,332,34,DHRS7
Q12905|221|K|34,4,Q12905,K,221,34,ILF2
O14979|197|K|34,4,O14979,K,197,34,HNRNPDL
P12277|381|K|34,4,P12277,K,381,34,CKB
P13639|688|K|34,4,P13639,K,688,34,EEF2
Q05639|439|K|34,4,Q05639,K,439,34,EEF1A2
Q05639|154|K|34,4,Q05639,K,154,34,EEF1A2
P68036|82|K|34,4,P68036,K,82,34,UBE2L3
P11142|187|K|34,4,P11142,K,187,34,HSPA8
P10809|72|K|34,4,P10809,K,72,34,HSPD1
P30044|116|K|34,4,P30044,K,116,34,PRDX5
P11021|152|K|34,4,P11021,K,152,34,HSPA5
P68871|133|K|34,4,P68871,K,133,34,HBB
P26599|238|K|34,4,P26599,K,238,34,PTBP1
P11142|137|K|34,4,P11142,K,137,34,HSPA8
Q96A08|59|K|34,4,Q96A08,K,59,34,H2BC1
Q07020|132|K|34,4,Q07020,K,132,34,RPL18
O43809|50|K|34,4,O43809,K,50,34,NUDT21
P63104|138|K|34,4,P63104,K,138,34,YWHAZ
P11142|550|K|34,4,P11142,K,550,34,HSPA8
Q13509|174|K|34,4,Q13509,K,174,34,TUBB3
P36578|29|K|34,4,P36578,K,29,34,RPL4
P45880|277|K|34,4,P45880,K,277,34,VDAC2
P02042|121|K|34,4,P02042,K,121,34,HBD
Q9Y490|1780|K|34,4,Q9Y490,K,1780,34,TLN1
P30101|460|K|34,4,P30101,K,460,34,PDIA3
P02675|264|K|34,4,P02675,K,264,34,FGB
Q9UQ35|311|S|21,4,Q9UQ35,S,311,21,SRRM2
P07437|336|K|34,4,P07437,K,336,34,TUBB
O75390|43|K|34,4,O75390,K,43,34,CS
P07900|499|K|34,4,P07900,K,499,34,HSP90AA1
P63104|139|K|34,4,P63104,K,139,34,YWHAZ
P68871|18|K|34,4,P68871,K,18,34,HBB
P06733|221|K|34,4,P06733,K,221,34,ENO1
P69905|12|K|34,4,P69905,K,12,34,HBA1
P12236|23|K|34,4,P12236,K,23,34,SLC25A6
P10809|233|K|34,4,P10809,K,233,34,HSPD1
P07910|206|K|34,4,P07910,K,206,34,HNRNPC
P06733|228|K|34,4,P06733,K,228,34,ENO1
P62805|32|K|34,4,P62805,K,32,34,H4C1
O14980|810|K|34,4,O14980,K,810,34,XPO1
Q14103|197|K|34,4,Q14103,K,197,34,HNRNPD
P18085|127|K|34,4,P18085,K,127,34,ARF4
P14625|114|K|34,4,P14625,K,114,34,HSP90B1
P62913|52|K|34,4,P62913,K,52,34,RPL11
P05388|146|K|34,4,P05388,K,146,34,RPLP0
P26583|154|K|34,4,P26583,K,154,34,HMGB2
P22314|802|K|34,4,P22314,K,802,34,UBA1
P06576|198|K|34,4,P06576,K,198,34,ATP5F1B
Q9GZV4|67|K|34,4,Q9GZV4,K,67,34,EIF5A2
P61978|219|K|34,4,P61978,K,219,34,HNRNPK
P06733|103|K|34,4,P06733,K,103,34,ENO1
Q05639|146|K|34,4,Q05639,K,146,34,EEF1A2
Q9NR30|247|K|34,4,Q9NR30,K,247,34,DDX21
P14625|682|K|34,4,P14625,K,682,34,HSP90B1
P09874|196|K|34,4,P09874,K,196,34,PARP1
P07195|244|K|34,4,P07195,K,244,34,LDHB
P32119|92|K|34,4,P32119,K,92,34,PRDX2
P30044|191|K|34,4,P30044,K,191,34,PRDX5
Q8WUM4|438|K|34,4,Q8WUM4,K,438,34,PDCD6IP
P62826|71|K|34,4,P62826,K,71,34,RAN
P05198|259|K|34,4,P05198,K,259,34,EIF2S1
P07195|23|K|34,4,P07195,K,23,34,LDHB
P00558|184|K|34,4,P00558,K,184,34,PGK1
Q06830|109|K|34,4,Q06830,K,109,34,PRDX1
P62318|78|K|34,4,P62318,K,78,34,SNRPD3
P08670|139|K|34,4,P08670,K,139,34,VIM
Q6PEY2|336|K|34,4,Q6PEY2,K,336,34,TUBA3E
P02679|101|K|34,4,P02679,K,101,34,FGG
P52272|83|K|34,4,P52272,K,83,34,HNRNPM
P06733|326|K|34,4,P06733,K,326,34,ENO1
P04406|162|K|34,4,P04406,K,162,34,GAPDH
P60174|175|K|34,4,P60174,K,175,34,TPI1
P62826|23|K|34,4,P62826,K,23,34,RAN
P29692|232|K|34,4,P29692,K,232,34,EEF1D
P55072|614|K|34,4,P55072,K,614,34,VCP
P06702|38|K|34,4,P06702,K,38,34,S100A9
P30050|83|K|34,4,P30050,K,83,34,RPL12
P07237|263|K|34,4,P07237,K,263,34,P4HB
P13639|308|K|34,4,P13639,K,308,34,EEF2
P26358|714|S|21,4,P26358,S,714,21,DNMT1
P30566|134|K|34,4,P30566,K,134,34,ADSL
P06744|211|K|34,4,P06744,K,211,34,GPI
Q15404|208|K|34,4,Q15404,K,208,34,RSU1
P22087|313|Y|23,4,P22087,Y,313,23,FBL
P62258|153|K|34,4,P62258,K,153,34,YWHAE
P30086|113|K|34,4,P30086,K,113,34,PEBP1
P07437|297|K|34,4,P07437,K,297,34,TUBB
P35579|225|K|34,4,P35579,K,225,34,MYH9
P06576|225|K|34,4,P06576,K,225,34,ATP5F1B
P07737|116|K|34,4,P07737,K,116,34,PFN1
P62258|118|K|34,4,P62258,K,118,34,YWHAE
P02671|210|K|34,4,P02671,K,210,34,FGA
Q00839|536|K|34,4,Q00839,K,536,34,HNRNPU
Q15436|46|K|34,4,Q15436,K,46,34,SEC23A
P60866|99|K|34,4,P60866,K,99,34,RPS20
P34931|552|K|34,4,P34931,K,552,34,HSPA1L
P69905|140|K|34,4,P69905,K,140,34,HBA1
P07814|300|K|34,4,P07814,K,300,34,EPRS1
Q96A08|45|K|34,4,Q96A08,K,45,34,H2BC1
P07900|69|K|34,4,P07900,K,69,34,HSP90AA1
P69905|17|K|34,4,P69905,K,17,34,HBA1
P07737|54|K|34,4,P07737,K,54,34,PFN1
P04406|139|K|34,4,P04406,K,139,34,GAPDH
Q05639|30|K|34,4,Q05639,K,30,34,EEF1A2
Q9BXP5|67|S|21,5,Q9BXP5,S,67,21,SRRT
Q9UQ35|866|T|21,5,Q9UQ35,T,866,21,SRRM2
Q13573|232|S|21,5,Q13573,S,232,21,SNW1
Q86YP4|114|S|21,5,Q86YP4,S,114,21,GATAD2A
P02545|390|S|21,5,P02545,S,390,21,LMNA
Q9Y2X3|514|S|21,5,Q9Y2X3,S,514,21,NOP58
Q9UQ35|1455|S|21,5,Q9UQ35,S,1455,21,SRRM2
Q9NYF8|512|S|21,5,Q9NYF8,S,512,21,BCLAF1
Q9UQ35|353|S|21,5,Q9UQ35,S,353,21,SRRM2
Q15149|4385|S|21,5,Q15149,S,4385,21,PLEC
Q6PKG0|548|S|21,5,Q6PKG0,S,548,21,LARP1
Q8IYB3|616|S|21,5,Q8IYB3,S,616,21,SRRM1
Q8NE71|108|T|21,5,Q8NE71,T,108,21,ABCF1
Q9NYV4|681|S|21,5,Q9NYV4,S,681,21,CDK12
O75475|273|S|21,5,O75475,S,273,21,PSIP1
O95684|160|S|21,5,O95684,S,160,21,CEP43
O43159|62|S|21,5,O43159,S,62,21,RRP8
Q641Q2|619|S|21,5,Q641Q2,S,619,21,WASHC2A
Q9NXG2|86|S|21,5,Q9NXG2,S,86,21,THUMPD1
O15027|1069|S|21,5,O15027,S,1069,21,SEC16A
Q9Y2W1|248|S|21,5,Q9Y2W1,S,248,21,THRAP3
Q9UQ35|1463|S|21,5,Q9UQ35,S,1463,21,SRRM2
Q9H1E3|181|S|21,5,Q9H1E3,S,181,21,NUCKS1
Q9H0D6|473|S|21,5,Q9H0D6,S,473,21,XRN2
P60468|13|S|21,5,P60468,S,13,21,SEC61B
P60468|14|S|21,5,P60468,S,14,21,SEC61B
Q13523|142|S|21,5,Q13523,S,142,21,PRP4K
P49916|210|S|21,5,P49916,S,210,21,LIG3
Q96B36|212|S|21,5,Q96B36,S,212,21,AKT1S1
Q9H0D6|470|S|21,5,Q9H0D6,S,470,21,XRN2
Q14160|1309|S|21,5,Q14160,S,1309,21,SCRIB
P35221|641|S|21,5,P35221,S,641,21,CTNNA1
P42166|67|S|21,5,P42166,S,67,21,TMPO
Q15365|173|S|21,5,Q15365,S,173,21,PCBP1
O60841|135|S|21,5,O60841,S,135,21,EIF5B
Q15637|80|S|21,5,Q15637,S,80,21,SF1
Q9Y2X3|502|S|21,5,Q9Y2X3,S,502,21,NOP58
P23396|220|T|21,5,P23396,T,220,21,RPS3
Q9UQ35|2449|S|21,5,Q9UQ35,S,2449,21,SRRM2
O75822|11|S|21,5,O75822,S,11,21,EIF3J
P42166|66|S|21,5,P42166,S,66,21,TMPO
Q9UQ35|2132|S|21,5,Q9UQ35,S,2132,21,SRRM2
P08238|255|S|21,5,P08238,S,255,21,HSP90AB1
P04792|82|S|21,5,P04792,S,82,21,HSPB1
P06748|70|S|21,5,P06748,S,70,21,NPM1
Q9Y520|878|S|21,5,Q9Y520,S,878,21,PRRC2C
Q96PK6|206|T|21,5,Q96PK6,T,206,21,RBM14
Q9UK58|335|S|21,5,Q9UK58,S,335,21,CCNL1
Q9H1E3|179|T|21,5,Q9H1E3,T,179,21,NUCKS1
Q13523|144|S|21,5,Q13523,S,144,21,PRP4K
P25788|250|S|21,5,P25788,S,250,21,PSMA3
Q9Y5J1|124|S|21,5,Q9Y5J1,S,124,21,UTP18
Q13435|309|S|21,5,Q13435,S,309,21,SF3B2
P29692|133|S|21,5,P29692,S,133,21,EEF1D
Q8IYB3|781|S|21,5,Q8IYB3,S,781,21,SRRM1
Q8IYB3|778|T|21,5,Q8IYB3,T,778,21,SRRM1
Q9NTZ6|422|S|21,5,Q9NTZ6,S,422,21,RBM12
Q9UQ35|854|S|21,5,Q9UQ35,S,854,21,SRRM2
O95684|156|S|21,5,O95684,S,156,21,CEP43
Q5JTV8|154|S|21,5,Q5JTV8,S,154,21,TOR1AIP1
O60841|137|S|21,5,O60841,S,137,21,EIF5B
Q8NE71|109|S|21,5,Q8NE71,S,109,21,ABCF1
Q8IYB3|777|S|21,5,Q8IYB3,S,777,21,SRRM1
Q9NYV4|685|S|21,5,Q9NYV4,S,685,21,CDK12
Q9NXG2|88|S|21,5,Q9NXG2,S,88,21,THUMPD1
P42858|417|S|21,5,P42858,S,417,21,HTT
Q9NTZ6|424|S|21,5,Q9NTZ6,S,424,21,RBM12
P42858|432|S|21,5,P42858,S,432,21,HTT
Q9C0C2|1621|S|21,5,Q9C0C2,S,1621,21,TNKS1BP1
O43159|58|S|21,5,O43159,S,58,21,RRP8
Q9NQC3|12|S|21,5,Q9NQC3,S,12,21,RTN4
Q5JTV8|157|S|21,5,Q5JTV8,S,157,21,TOR1AIP1
Q9NQC3|15|S|21,5,Q9NQC3,S,15,21,RTN4
Q9UQ35|351|S|21,5,Q9UQ35,S,351,21,SRRM2
P49959|688|S|21,5,P49959,S,688,21,MRE11
Q6PKG0|143|S|21,5,Q6PKG0,S,143,21,LARP1
Q9UQ35|1320|S|21,5,Q9UQ35,S,1320,21,SRRM2
Q9ULJ3|435|S|21,5,Q9ULJ3,S,435,21,ZBTB21
Q99590|799|T|21,5,Q99590,T,799,21,SCAF11
Q8TAQ2|302|S|21,5,Q8TAQ2,S,302,21,SMARCC2
Q9UQ35|357|S|21,5,Q9UQ35,S,357,21,SRRM2
P36871|117|S|21,5,P36871,S,117,21,PGM1
P60468|17|S|21,5,P60468,S,17,21,SEC61B
Q8NE71|105|S|21,5,Q8NE71,S,105,21,ABCF1
Q13501|272|S|21,5,Q13501,S,272,21,SQSTM1
Q13435|431|S|21,5,Q13435,S,431,21,SF3B2
O00264|57|S|21,5,O00264,S,57,21,PGRMC1
Q9UQ35|1462|S|21,5,Q9UQ35,S,1462,21,SRRM2
Q9UQ35|1443|S|21,5,Q9UQ35,S,1443,21,SRRM2
Q8IYB3|769|S|21,5,Q8IYB3,S,769,21,SRRM1
Q8N9T8|171|S|21,5,Q8N9T8,S,171,21,KRI1
Q9UQ80|2|S|21,5,Q9UQ80,S,2,21,PA2G4
Q15019|218|S|21,5,Q15019,S,218,21,SEPTIN2
P51858|165|S|21,5,P51858,S,165,21,HDGF
Q9H1E3|19|S|21,5,Q9H1E3,S,19,21,NUCKS1
O75475|275|S|21,5,O75475,S,275,21,PSIP1
O75475|272|T|21,5,O75475,T,272,21,PSIP1
Q9C0C2|1620|S|21,5,Q9C0C2,S,1620,21,TNKS1BP1
Q9UQ35|297|S|21,5,Q9UQ35,S,297,21,SRRM2
P42858|430|S|21,5,P42858,S,430,21,HTT
P02765|138|S|21,5,P02765,S,138,21,AHSG
P35579|1943|S|21,5,P35579,S,1943,21,MYH9
O75822|13|S|21,5,O75822,S,13,21,EIF3J
O76094|620|S|21,5,O76094,S,620,21,SRP72
Q8WW12|119|S|21,5,Q8WW12,S,119,21,PCNP
Q8IYB3|402|S|21,5,Q8IYB3,S,402,21,SRRM1
P43243|596|S|21,5,P43243,S,596,21,MATR3
Q96B36|202|S|21,5,Q96B36,S,202,21,AKT1S1
Q86YP4|100|S|21,5,Q86YP4,S,100,21,GATAD2A
Q9UQ35|2121|S|21,5,Q9UQ35,S,2121,21,SRRM2
Q13501|269|T|21,5,Q13501,T,269,21,SQSTM1
Q8TAQ2|304|S|21,5,Q8TAQ2,S,304,21,SMARCC2
O60841|214|S|21,5,O60841,S,214,21,EIF5B
Q8TAQ2|300|K|53,5,Q8TAQ2,K,300,53,SMARCC2
Q9Y5J1|121|S|21,5,Q9Y5J1,S,121,21,UTP18
P62753|240|S|21,5,P62753,S,240,21,RPS6
P62753|235|S|21,5,P62753,S,235,21,RPS6
P62753|236|S|21,5,P62753,S,236,21,RPS6
Q8IYB3|406|T|21,5,Q8IYB3,T,406,21,SRRM1
Q9NQC3|11|S|21,5,Q9NQC3,S,11,21,RTN4
P17096|102|S|21,5,P17096,S,102,21,HMGA1
Q9UQ35|876|S|21,5,Q9UQ35,S,876,21,SRRM2
O75821|42|S|21,5,O75821,S,42,21,EIF3G
Q9NQC3|13|S|21,5,Q9NQC3,S,13,21,RTN4
P23396|221|T|21,5,P23396,T,221,21,RPS3
Q9UQ35|295|S|21,5,Q9UQ35,S,295,21,SRRM2
Q13283|232|S|21,5,Q13283,S,232,21,G3BP1
Q9UQ35|1458|S|21,5,Q9UQ35,S,1458,21,SRRM2
Q9UQ35|1010|S|21,5,Q9UQ35,S,1010,21,SRRM2
O76094|621|S|21,5,O76094,S,621,21,SRP72
P17096|103|S|21,5,P17096,S,103,21,HMGA1
O00193|17|S|21,5,O00193,S,17,21,SMAP
P42858|419|S|21,5,P42858,S,419,21,HTT
Q9UK58|342|S|21,5,Q9UK58,S,342,21,CCNL1
Q9UQ35|358|S|21,5,Q9UQ35,S,358,21,SRRM2
P16401|18|S|21,5,P16401,S,18,21,H1
Q15637|82|S|21,5,Q15637,S,82,21,SF1
O75475|271|S|21,5,O75475,S,271,21,PSIP1
Q9BXP5|74|S|21,5,Q9BXP5,S,74,21,SRRT
Q9UQ35|846|S|21,5,Q9UQ35,S,846,21,SRRM2
P43243|598|S|21,5,P43243,S,598,21,MATR3
Q9UQ35|1072|S|21,5,Q9UQ35,S,1072,21,SRRM2
Q9UQ35|1073|S|21,5,Q9UQ35,S,1073,21,SRRM2
O43159|53|S|21,5,O43159,S,53,21,RRP8
Q13200|16|S|21,5,Q13200,S,16,21,PSMD2
O76094|627|R|7,5,O76094,R,627,7,SRP72
Q8IYB3|775|S|21,5,Q8IYB3,S,775,21,SRRM1
P58107|2720|S|21,5,P58107,S,2720,21,EPPK1
Q9BVV8|120|S|21,5,Q9BVV8,S,120,21,FAM174C
Q9UQ35|1444|S|21,5,Q9UQ35,S,1444,21,SRRM2
Q86YP4|107|S|21,5,Q86YP4,S,107,21,GATAD2A
Q9UQ35|857|S|21,5,Q9UQ35,S,857,21,SRRM2
Q9BVV8|117|S|21,5,Q9BVV8,S,117,21,FAM174C
P05455|366|S|21,5,P05455,S,366,21,SSB
P42858|429|S|21,5,P42858,S,429,21,HTT
Q13435|435|S|21,5,Q13435,S,435,21,SF3B2
P55081|53|S|21,5,P55081,S,53,21,MFAP1
Q9UQ35|2123|S|21,5,Q9UQ35,S,2123,21,SRRM2
Q9UQ35|2100|S|21,5,Q9UQ35,S,2100,21,SRRM2
Q9H0D6|475|S|21,5,Q9H0D6,S,475,21,XRN2
Q01518|308|S|21,5,Q01518,S,308,21,CAP1
Q9UQ35|1069|S|21,5,Q9UQ35,S,1069,21,SRRM2
Q9NQC3|7|S|21,5,Q9NQC3,S,7,21,RTN4
Q8IYB3|220|T|21,5,Q8IYB3,T,220,21,SRRM1
O76094|630|S|21,5,O76094,S,630,21,SRP72
O00567|520|S|21,5,O00567,S,520,21,NOP56
Q9H0D6|471|S|21,5,Q9H0D6,S,471,21,XRN2
P16949|25|S|21,5,P16949,S,25,21,STMN1
Q13573|224|S|21,5,Q13573,S,224,21,SNW1
Q9BQG0|1267|S|21,5,Q9BQG0,S,1267,21,MYBBP1A
Q9H7L9|236|S|21,5,Q9H7L9,S,236,21,SUDS3
Q99590|800|T|21,5,Q99590,T,800,21,SCAF11
Q8IYB3|773|S|21,5,Q8IYB3,S,773,21,SRRM1
P02545|392|S|21,5,P02545,S,392,21,LMNA
O75475|177|S|21,5,O75475,S,177,21,PSIP1
Q641Q2|620|S|21,5,Q641Q2,S,620,21,WASHC2A
O60841|134|Y|21,5,O60841,Y,134,21,EIF5B
Q14157|454|S|21,5,Q14157,S,454,21,UBAP2L
Q15637|79|R|7,5,Q15637,R,79,7,SF1
Q14676|402|S|21,5,Q14676,S,402,21,MDC1
P29966|150|T|21,5,P29966,T,150,21,MARCKS
Q9UQ35|875|S|21,5,Q9UQ35,S,875,21,SRRM2
Q9UN86|225|S|21,5,Q9UN86,S,225,21,G3BP2
P49006|85|T|21,5,P49006,T,85,21,MARCKSL1
Q9H7L9|237|S|21,5,Q9H7L9,S,237,21,SUDS3
Q9H7L9|234|S|21,5,Q9H7L9,S,234,21,SUDS3
P55081|52|S|21,5,P55081,S,52,21,MFAP1
Q13435|307|S|21,5,Q13435,S,307,21,SF3B2
P16401|2|S|21,5,P16401,S,2,21,H1
Q13435|436|S|21,5,Q13435,S,436,21,SF3B2
Q9UQ35|2104|T|21,5,Q9UQ35,T,2104,21,SRRM2
P55081|267|T|21,5,P55081,T,267,21,MFAP1
P11388|1247|S|21,5,P11388,S,1247,21,TOP2A
Q9UQ35|1453|T|21,5,Q9UQ35,T,1453,21,SRRM2
P49959|689|S|21,5,P49959,S,689,21,MRE11
Q9UQ35|2102|S|21,5,Q9UQ35,S,2102,21,SRRM2
Q96B36|203|S|21,5,Q96B36,S,203,21,AKT1S1
Q96B36|211|S|21,5,Q96B36,S,211,21,AKT1S1
Q5JTV8|156|S|21,5,Q5JTV8,S,156,21,TOR1AIP1
Q9BUJ2|194|S|21,5,Q9BUJ2,S,194,21,HNRNPUL1
Q15149|4384|S|21,5,Q15149,S,4384,21,PLEC
O76094|625|S|21,5,O76094,S,625,21,SRP72
Q9NYV4|388|R|7,5,Q9NYV4,R,388,7,CDK12
Q96RL1|46|S|21,6,Q96RL1,S,46,21,UIMC1
P78559|2104|S|21,6,P78559,S,2104,21,MAP1A
Q9GZN2|4|S|21,6,Q9GZN2,S,4,21,TGIF2
Q9ULH0|1682|T|21,6,Q9ULH0,T,1682,21,KIDINS220
Q9H4L7|247|S|21,6,Q9H4L7,S,247,21,SMARCAD1
Q96G23|340|R|7,6,Q96G23,R,340,7,CERS2
Q13029|739|S|21,6,Q13029,S,739,21,PRDM2
P62328|4|K|1,6,P62328,K,4,1,TMSB4X
O60583|537|S|21,6,O60583,S,537,21,CCNT2
Q92609|552|T|21,6,Q92609,T,552,21,TBC1D5
P01106|362|S|21,6,P01106,S,362,21,MYC
Q13112|432|T|21,6,Q13112,T,432,21,CHAF1B
O96020|17|S|21,6,O96020,S,17,21,CCNE2
P17542|122|S|21,6,P17542,S,122,21,TAL1
Q9NZC7|14|S|21,6,Q9NZC7,S,14,21,WWOX
Q9H9L4|147|S|21,6,Q9H9L4,S,147,21,KANSL2
Q6PD62|943|S|21,6,Q6PD62,S,943,21,CTR9
Q6PD62|939|K|53,6,Q6PD62,K,939,53,CTR9
Q5U5Q3|543|R|7,6,Q5U5Q3,R,543,7,MEX3C
Q8IXJ6|23|S|21,6,Q8IXJ6,S,23,21,SIRT2
Q96G46|271|T|21,6,Q96G46,T,271,21,DUS3L
Q8TDD1|37|R|7,6,Q8TDD1,R,37,7,DDX54
Q9Y2K6|132|S|21,6,Q9Y2K6,S,132,21,USP20
Q96BD5|455|S|21,6,Q96BD5,S,455,21,PHF21A
P78559|1675|S|21,6,P78559,S,1675,21,MAP1A
Q9UI08|369|S|21,6,Q9UI08,S,369,21,EVL
Q92974|175|T|21,6,Q92974,T,175,21,ARHGEF2
Q8TF40|758|S|21,6,Q8TF40,S,758,21,FNIP1
O75179|1699|S|21,6,O75179,S,1699,21,ANKRD17
Q6PKG0|228|S|21,6,Q6PKG0,S,228,21,LARP1
Q9H0G5|255|S|21,6,Q9H0G5,S,255,21,NSRP1
Q9UQ35|871|S|21,6,Q9UQ35,S,871,21,SRRM2
Q9C0C9|89|S|21,6,Q9C0C9,S,89,21,UBE2O
O43426|1391|S|21,6,O43426,S,1391,21,SYNJ1
Q9ULJ3|983|S|21,6,Q9ULJ3,S,983,21,ZBTB21
Q8IXJ6|25|S|21,6,Q8IXJ6,S,25,21,SIRT2
Q9H4L7|246|S|21,6,Q9H4L7,S,246,21,SMARCAD1
Q8WV99|185|T|21,6,Q8WV99,T,185,21,ZFAND2B
Q86YV0|229|R|7,6,Q86YV0,R,229,7,RASAL3
O60583|536|S|21,6,O60583,S,536,21,CCNT2
Q14493|20|S|21,6,Q14493,S,20,21,SLBP
O60583|538|S|21,6,O60583,S,538,21,CCNT2
Q14137|122|Y|21,6,Q14137,Y,122,21,BOP1
Q86U86|355|S|21,6,Q86U86,S,355,21,PBRM1
Q9NZJ0|508|T|21,6,Q9NZJ0,T,508,21,DTL
P16455|198|T|21,6,P16455,T,198,21,MGMT
Q76FK4|1084|S|21,6,Q76FK4,S,1084,21,NOL8
A3KN83|692|S|21,6,A3KN83,S,692,21,SBNO1
A3KN83|697|S|21,6,A3KN83,S,697,21,SBNO1
Q76FK4|1083|S|21,6,Q76FK4,S,1083,21,NOL8
Q14C86|740|S|21,6,Q14C86,S,740,21,GAPVD1
Q14493|23|S|21,6,Q14493,S,23,21,SLBP
O43426|1392|S|21,6,O43426,S,1392,21,SYNJ1
Q9UKS7|56|S|21,6,Q9UKS7,S,56,21,IKZF2
Q5SSJ5|431|S|21,6,Q5SSJ5,S,431,21,HP1BP3
P78559|2105|T|21,6,P78559,T,2105,21,MAP1A
Q9H0G5|254|S|21,6,Q9H0G5,S,254,21,NSRP1
O95819|852|S|21,6,O95819,S,852,21,MAP4K4
Q08945|667|S|21,6,Q08945,S,667,21,SSRP1
Q9ULJ3|348|S|21,6,Q9ULJ3,S,348,21,ZBTB21
O95155|83|S|21,6,O95155,S,83,21,UBE4B
Q9H9J4|1219|S|21,6,Q9H9J4,S,1219,21,USP42
Q9UI08|345|S|21,6,Q9UI08,S,345,21,EVL
Q9P1Y6|101|S|21,6,Q9P1Y6,S,101,21,PHRF1
Q56P03|106|Y|21,6,Q56P03,Y,106,21,EAPP
P01106|359|S|21,6,P01106,S,359,21,MYC
O60711|23|S|21,6,O60711,S,23,21,LPXN
O60583|532|S|21,6,O60583,S,532,21,CCNT2
Q86TI0|571|S|21,6,Q86TI0,S,571,21,TBC1D1
P78559|2106|S|21,6,P78559,S,2106,21,MAP1A
Q86U86|353|S|21,6,Q86U86,S,353,21,PBRM1
Q96JM3|431|R|7,6,Q96JM3,R,431,7,CHAMP1
Q13610|55|T|21,6,Q13610,T,55,21,PWP1
Q8TF40|760|S|21,6,Q8TF40,S,760,21,FNIP1
Q5T200|374|Y|21,6,Q5T200,Y,374,21,ZC3H13
P52756|72|S|21,6,P52756,S,72,21,RBM5
Q96GN5|79|S|21,6,Q96GN5,S,79,21,CDCA7L
P51610|6|S|21,6,P51610,S,6,21,HCFC1
Q9Y2D5|383|S|21,6,Q9Y2D5,S,383,21,PALM2AKAP2
Q5T200|380|S|21,6,Q5T200,S,380,21,ZC3H13
Q8TEQ0|639|S|21,6,Q8TEQ0,S,639,21,SNX29
Q14669|1449|R|7,6,Q14669,R,1449,7,TRIP12
Q9H9L4|149|S|21,6,Q9H9L4,S,149,21,KANSL2
O94880|287|T|21,6,O94880,T,287,21,PHF14
Q6GYQ0|798|T|21,6,Q6GYQ0,T,798,21,RALGAPA1
Q9BVS4|332|S|21,6,Q9BVS4,S,332,21,RIOK2
Q6PD62|941|S|21,6,Q6PD62,S,941,21,CTR9
P52756|76|Y|21,6,P52756,Y,76,21,RBM5
A3KN83|689|S|21,6,A3KN83,S,689,21,SBNO1
Q96RT1|931|S|21,6,Q96RT1,S,931,21,ERBIN
Q6JBY9|127|S|21,6,Q6JBY9,S,127,21,RCSD1
O95251|60|R|7,6,O95251,R,60,7,KAT7
Q7Z5K2|459|S|21,6,Q7Z5K2,S,459,21,WAPL
P23193|96|T|21,6,P23193,T,96,21,TCEA1
P52756|78|S|21,6,P52756,S,78,21,RBM5
P78559|1654|S|21,6,P78559,S,1654,21,MAP1A
P49585|339|S|21,6,P49585,S,339,21,PCYT1A
Q8TDD1|34|S|21,6,Q8TDD1,S,34,21,DDX54
Q8WYJ6|322|T|21,6,Q8WYJ6,T,322,21,SEPTIN1
O95819|857|T|21,6,O95819,T,857,21,MAP4K4
Q6JBY9|268|S|21,6,Q6JBY9,S,268,21,RCSD1
Q6P2E9|875|S|21,6,Q6P2E9,S,875,21,EDC4
Q7Z5K2|69|T|21,6,Q7Z5K2,T,69,21,WAPL
Q8IXJ6|27|S|21,6,Q8IXJ6,S,27,21,SIRT2
Q8NDX5|616|S|21,6,Q8NDX5,S,616,21,PHC3
Q8TEQ0|642|S|21,6,Q8TEQ0,S,642,21,SNX29
Q8TEQ0|646|S|21,6,Q8TEQ0,S,646,21,SNX29
Q6JBY9|124|T|21,6,Q6JBY9,T,124,21,RCSD1
Q5VSY0|25|S|21,6,Q5VSY0,S,25,21,GKAP1
Q9UKV3|408|T|21,6,Q9UKV3,T,408,21,ACIN1
P78559|1653|T|21,6,P78559,T,1653,21,MAP1A
Q86WB0|333|T|21,6,Q86WB0,T,333,21,ZC3HC1
P43403|292|Y|21,6,P43403,Y,292,21,ZAP70
P49792|1400|S|21,6,P49792,S,1400,21,RANBP2
Q13283|143|T|21,6,Q13283,T,143,21,G3BP1
Q9ULJ3|979|T|21,6,Q9ULJ3,T,979,21,ZBTB21
Q9GZN2|2|S|21,6,Q9GZN2,S,2,21,TGIF2
Q5VSY0|23|S|21,6,Q5VSY0,S,23,21,GKAP1
Q9NY27|159|S|21,6,Q9NY27,S,159,21,PPP4R2
Q9C0C9|87|S|21,6,Q9C0C9,S,87,21,UBE2O
Q86U70|306|T|21,6,Q86U70,T,306,21,LDB1
Q86U86|351|Y|21,6,Q86U86,Y,351,21,PBRM1
P13796|7|S|21,6,P13796,S,7,21,LCP1
Q96A57|25|T|21,6,Q96A57,T,25,21,TMEM230
P31350|20|S|21,6,P31350,S,20,21,RRM2
O95155|84|S|21,6,O95155,S,84,21,UBE4B
Q15459|320|S|21,6,Q15459,S,320,21,SF3A1
Q8N573|203|T|21,6,Q8N573,T,203,21,OXR1
Q13422|63|S|21,6,Q13422,S,63,21,IKZF1
O94880|290|S|21,6,O94880,S,290,21,PHF14
P01106|363|S|21,6,P01106,S,363,21,MYC
Q9NWQ4|88|S|21,6,Q9NWQ4,S,88,21,GPATCH2L
O15027|589|S|21,6,O15027,S,589,21,SEC16A
Q96RL1|44|S|21,6,Q96RL1,S,44,21,UIMC1
Q01082|2316|S|21,6,Q01082,S,2316,21,SPTBN1
Q76FK4|1082|S|21,6,Q76FK4,S,1082,21,NOL8
O95819|854|S|21,6,O95819,S,854,21,MAP4K4
Q86YV0|166|S|21,6,Q86YV0,S,166,21,RASAL3
P08708|120|T|21,6,P08708,T,120,21,RPS17
Q96AG3|37|S|21,6,Q96AG3,S,37,21,SLC25A46
Q9UQ35|1601|S|21,6,Q9UQ35,S,1601,21,SRRM2
P67870|205|S|21,6,P67870,S,205,21,CSNK2B
Q53HL2|215|S|21,6,Q53HL2,S,215,21,CDCA8
Q9Y2K6|134|S|21,6,Q9Y2K6,S,134,21,USP20
O95819|855|S|21,6,O95819,S,855,21,MAP4K4
Q8TEM1|1859|S|21,6,Q8TEM1,S,1859,21,NUP210
Q92917|467|Y|21,6,Q92917,Y,467,21,GPKOW
Q9C0K0|417|T|21,6,Q9C0K0,T,417,21,BCL11B
Q9NSK0|593|Y|21,6,Q9NSK0,Y,593,21,KLC4
Q9UQ35|2412|S|21,6,Q9UQ35,S,2412,21,SRRM2
Q8NDX5|609|T|21,6,Q8NDX5,T,609,21,PHC3
A3KN83|693|S|21,6,A3KN83,S,693,21,SBNO1
Q9BXP5|544|T|21,6,Q9BXP5,T,544,21,SRRT
P23193|97|S|21,6,P23193,S,97,21,TCEA1
Q7Z5K2|461|S|21,6,Q7Z5K2,S,461,21,WAPL
Q6JBY9|267|S|21,6,Q6JBY9,S,267,21,RCSD1
Q9NWQ4|86|S|21,6,Q9NWQ4,S,86,21,GPATCH2L
Q96JC9|157|T|21,6,Q96JC9,T,157,21,EAF1
O95251|98|R|7,6,O95251,R,98,7,KAT7
Q13029|742|S|21,6,Q13029,S,742,21,PRDM2
Q86U70|302|S|21,6,Q86U70,S,302,21,LDB1
Q9UQ35|1600|S|21,6,Q9UQ35,S,1600,21,SRRM2
Q6IC98|24|S|21,6,Q6IC98,S,24,21,GRAMD4
O95819|853|S|21,6,O95819,S,853,21,MAP4K4
Q15554|359|T|21,6,Q15554,T,359,21,TERF2
Q9ULJ3|981|S|21,6,Q9ULJ3,S,981,21,ZBTB21
Q9C0K0|405|S|21,6,Q9C0K0,S,405,21,BCL11B
Q9H4L7|245|S|21,6,Q9H4L7,S,245,21,SMARCAD1
Q86U70|305|S|21,6,Q86U70,S,305,21,LDB1
Q9UQ35|315|T|21,6,Q9UQ35,T,315,21,SRRM2
Q6JBY9|126|S|21,6,Q6JBY9,S,126,21,RCSD1
Q6IC98|28|S|21,6,Q6IC98,S,28,21,GRAMD4
Q9P206|669|S|21,7,Q9P206,S,669,21,NHSL3
Q9Y5K6|458|S|21,7,Q9Y5K6,S,458,21,CD2AP
Q09666|135|S|21,7,Q09666,S,135,21,AHNAK
P02545|22|S|21,7,P02545,S,22,21,LMNA
Q09666|93|S|21,7,Q09666,S,93,21,AHNAK
O95359|2321|S|21,7,O95359,S,2321,21,TACC2
O60716|920|S|21,7,O60716,S,920,21,CTNND1
Q08J23|743|S|21,7,Q08J23,S,743,21,NSUN2
Q92598|809|S|21,7,Q92598,S,809,21,HSPH1
O75419|151|S|21,7,O75419,S,151,21,CDC45
O95359|2317|S|21,7,O95359,S,2317,21,TACC2
Q9UQ35|1083|S|21,7,Q9UQ35,S,1083,21,SRRM2
Q92530|153|S|21,7,Q92530,S,153,21,PSMF1
P00558|203|S|21,7,P00558,S,203,21,PGK1
Q58FG0|78|S|21,7,Q58FG0,S,78,21,HSP90AA5P
O15027|569|S|21,7,O15027,S,569,21,SEC16A
Q8IYB3|450|S|21,7,Q8IYB3,S,450,21,SRRM1
Q9P2M7|135|S|21,7,Q9P2M7,S,135,21,CGN
P16949|31|S|21,7,P16949,S,31,21,STMN1
Q9H1B7|662|S|21,7,Q9H1B7,S,662,21,IRF2BPL
P47712|435|S|21,7,P47712,S,435,21,PLA2G4A
O60716|252|S|21,7,O60716,S,252,21,CTNND1
Q9UDY2|978|S|21,7,Q9UDY2,S,978,21,TJP2
Q92614|2041|S|21,7,Q92614,S,2041,21,MYO18A
P47712|437|S|21,7,P47712,S,437,21,PLA2G4A
O43768|67|S|21,7,O43768,S,67,21,ENSA
Q9H1E3|214|S|21,7,Q9H1E3,S,214,21,NUCKS1
Q58FG0|89|S|21,7,Q58FG0,S,89,21,HSP90AA5P
Q5T8P6|127|S|21,7,Q5T8P6,S,127,21,RBM26
Q04724|286|S|21,7,Q04724,S,286,21,TLE1
P51397|3|S|21,7,P51397,S,3,21,DAP
P21333|1459|S|21,7,P21333,S,1459,21,FLNA
O95251|99|S|21,7,O95251,S,99,21,KAT7
Q01105|7|S|21,7,Q01105,S,7,21,SET
P51397|2|S|21,7,P51397,S,2,21,DAP
Q8IYB3|874|S|21,7,Q8IYB3,S,874,21,SRRM1
P18583|1555|T|21,7,P18583,T,1555,21,SON
Q09666|5839|T|21,7,Q09666,T,5839,21,AHNAK
P29966|46|S|21,7,P29966,S,46,21,MARCKS
Q8IYB3|452|S|21,7,Q8IYB3,S,452,21,SRRM1
P02545|406|S|21,7,P02545,S,406,21,LMNA
P49023|118|Y|21,7,P49023,Y,118,21,PXN
Q9UQ35|1177|T|21,7,Q9UQ35,T,1177,21,SRRM2
Q9P2M7|140|S|21,7,Q9P2M7,S,140,21,CGN
P07910|233|S|21,7,P07910,S,233,21,HNRNPC
Q8WWI1|1423|S|21,7,Q8WWI1,S,1423,21,LMO7
P05783|36|Y|21,7,P05783,Y,36,21,KRT18
Q12906|382|S|21,7,Q12906,S,382,21,ILF3
P05783|31|S|21,7,P05783,S,31,21,KRT18
Q14258|100|S|21,7,Q14258,S,100,21,TRIM25
Q9UDY2|986|S|21,7,Q9UDY2,S,986,21,TJP2
Q9H6F5|18|S|21,7,Q9H6F5,S,18,21,CCDC86
O95251|102|S|21,7,O95251,S,102,21,KAT7
O95251|100|S|21,7,O95251,S,100,21,KAT7
Q9Y365|284|S|21,7,Q9Y365,S,284,21,STARD10
Q9H0D6|501|S|21,7,Q9H0D6,S,501,21,XRN2
Q07666|18|S|21,7,Q07666,S,18,21,KHDRBS1
Q9UHR4|255|S|21,7,Q9UHR4,S,255,21,BAIAP2L1
O95218|188|S|21,7,O95218,S,188,21,ZRANB2
Q14157|471|S|21,7,Q14157,S,471,21,UBAP2L
Q01518|301|S|21,7,Q01518,S,301,21,CAP1
O60832|494|S|21,7,O60832,S,494,21,DKC1
Q14157|477|S|21,7,Q14157,S,477,21,UBAP2L
Q9P2M7|137|S|21,7,Q9P2M7,S,137,21,CGN
O43150|701|S|21,7,O43150,S,701,21,ASAP2
Q9HC35|146|S|21,7,Q9HC35,S,146,21,EML4
Q6NZY4|649|S|21,7,Q6NZY4,S,649,21,ZCCHC8
P07900|231|S|21,7,P07900,S,231,21,HSP90AA1
P02545|404|S|21,7,P02545,S,404,21,LMNA
O00515|355|S|21,7,O00515,S,355,21,LAD1
Q9UQ35|2409|T|21,7,Q9UQ35,T,2409,21,SRRM2
P38159|206|Y|21,7,P38159,Y,206,21,RBMX
Q8WWI1|1425|T|21,7,Q8WWI1,T,1425,21,LMO7
O00515|356|S|21,7,O00515,S,356,21,LAD1
P52948|888|S|21,7,P52948,S,888,21,NUP98
O14745|290|S|21,7,O14745,S,290,21,NHERF1
Q9UHR4|257|T|21,7,Q9UHR4,T,257,21,BAIAP2L1
Q9UHR4|261|S|21,7,Q9UHR4,S,261,21,BAIAP2L1
Q16204|240|S|21,7,Q16204,S,240,21,CCDC6
Q14160|1448|S|21,7,Q14160,S,1448,21,SCRIB
P16949|38|S|23,7,P16949,S,38,23,STMN1
Q14157|470|S|21,7,Q14157,S,470,21,UBAP2L
Q04724|285|S|21,7,Q04724,S,285,21,TLE1
Q04724|284|S|21,7,Q04724,S,284,21,TLE1
Q5T4S7|2722|S|21,7,Q5T4S7,S,2722,21,UBR4
Q8IYB3|614|T|21,7,Q8IYB3,T,614,21,SRRM1
O75419|154|S|21,7,O75419,S,154,21,CDC45
Q13895|98|S|21,7,Q13895,S,98,21,BYSL
P02545|407|S|21,7,P02545,S,407,21,LMNA
P02545|403|S|21,7,P02545,S,403,21,LMNA
Q14847|104|T|21,7,Q14847,T,104,21,LASP1
Q9UEY8|679|S|21,7,Q9UEY8,S,679,21,ADD3
Q9UQ35|1326|S|21,7,Q9UQ35,S,1326,21,SRRM2
P85037|415|R|7,7,P85037,R,415,7,FOXK1
P85037|413|S|21,7,P85037,S,413,21,FOXK1
Q8TE68|187|T|21,7,Q8TE68,T,187,21,EPS8L1
Q9P206|673|S|21,7,Q9P206,S,673,21,NHSL3
Q9NYF8|177|S|21,7,Q9NYF8,S,177,21,BCLAF1
Q9UQ35|1085|S|21,7,Q9UQ35,S,1085,21,SRRM2
Q06210|261|S|21,7,Q06210,S,261,21,GFPT1
O14974|445|S|21,7,O14974,S,445,21,PPP1R12A
Q93009|18|S|21,7,Q93009,S,18,21,USP7
P08238|226|S|21,7,P08238,S,226,21,HSP90AB1
Q8TE68|182|S|21,7,Q8TE68,S,182,21,EPS8L1
Q96MY1|130|S|21,7,Q96MY1,S,130,21,NOL4L
Q13442|19|S|21,7,Q13442,S,19,21,PDAP1
P18583|1556|S|21,7,P18583,S,1556,21,SON
O00499|303|S|21,7,O00499,S,303,21,BIN1
Q8WWI1|805|S|21,7,Q8WWI1,S,805,21,LMO7
Q5T4S7|2719|S|21,7,Q5T4S7,S,2719,21,UBR4
O14745|288|S|21,7,O14745,S,288,21,NHERF1
Q9UDY2|979|S|21,7,Q9UDY2,S,979,21,TJP2
Q5T4S7|2718|S|21,7,Q5T4S7,S,2718,21,UBR4
O75387|267|S|21,7,O75387,S,267,21,SLC43A1
P18754|11|S|21,7,P18754,S,11,21,RCC1
Q13177|141|S|21,7,Q13177,S,141,21,PAK2
P09651|6|S|21,7,P09651,S,6,21,HNRNPA1
Q9BPX3|674|S|21,7,Q9BPX3,S,674,21,NCAPG
Q13523|849|Y|21,7,Q13523,Y,849,21,PRP4K
Q08J23|751|S|21,7,Q08J23,S,751,21,NSUN2
Q86VM9|795|S|21,7,Q86VM9,S,795,21,ZC3H18
Q8WWI1|1510|S|21,7,Q8WWI1,S,1510,21,LMO7
Q9NR30|121|S|21,7,Q9NR30,S,121,21,DDX21
Q9Y4K1|892|S|21,7,Q9Y4K1,S,892,21,CRYBG1
O15027|568|S|21,7,O15027,S,568,21,SEC16A
Q9Y6D5|227|S|21,7,Q9Y6D5,S,227,21,ARFGEF2
A5YM69|184|S|21,7,A5YM69,S,184,21,ARHGEF35
Q9UHB6|490|S|21,7,Q9UHB6,S,490,21,LIMA1
Q07666|20|S|21,7,Q07666,S,20,21,KHDRBS1
Q9H1E3|202|T|21,7,Q9H1E3,T,202,21,NUCKS1
Q8WWI1|709|S|21,7,Q8WWI1,S,709,21,LMO7
P47712|434|S|21,7,P47712,S,434,21,PLA2G4A
O76070|124|S|21,7,O76070,S,124,21,SNCG
O75167|25|T|21,7,O75167,T,25,21,PHACTR2
Q15149|4386|S|21,7,Q15149,S,4386,21,PLEC
P07900|263|S|21,7,P07900,S,263,21,HSP90AA1
Q71RC2|597|S|21,7,Q71RC2,S,597,21,LARP4
P27816|280|S|21,7,P27816,S,280,21,MAP4
O75419|144|S|21,7,O75419,S,144,21,CDC45
Q00613|360|R|7,7,Q00613,R,360,7,HSF1
Q9H0D6|499|S|21,7,Q9H0D6,S,499,21,XRN2
Q9UDY2|983|R|7,7,Q9UDY2,R,983,7,TJP2
Q14247|414|R|7,7,Q14247,R,414,7,CTTN
O15014|470|S|21,7,O15014,S,470,21,ZNF609
Q01518|310|S|21,7,Q01518,S,310,21,CAP1
P85037|414|S|21,7,P85037,S,414,21,FOXK1
P55196|1173|S|21,7,P55196,S,1173,21,AFDN
Q06210|262|T|21,7,Q06210,T,262,21,GFPT1
O75419|148|S|21,7,O75419,S,148,21,CDC45
O00264|181|S|21,7,O00264,S,181,21,PGRMC1
Q14157|467|S|21,7,Q14157,S,467,21,UBAP2L
Q9HC35|144|S|21,7,Q9HC35,S,144,21,EML4
O60841|113|S|21,7,O60841,S,113,21,EIF5B
P02545|19|T|21,7,P02545,T,19,21,LMNA
Q9H1E3|204|S|21,7,Q9H1E3,S,204,21,NUCKS1
Q8TD55|389|S|21,8,Q8TD55,S,389,21,PLEKHO2
Q9UN86|149|S|21,8,Q9UN86,S,149,21,G3BP2
P22681|486|S|21,8,P22681,S,486,21,CBL
Q13541|85|S|21,8,Q13541,S,85,21,EIF4EBP1
Q9Y3F4|335|S|21,8,Q9Y3F4,S,335,21,STRAP
Q5T1M5|1162|S|21,8,Q5T1M5,S,1162,21,FKBP15
Q9UMZ2|855|S|21,8,Q9UMZ2,S,855,21,SYNRG
Q8NCF5|338|S|21,8,Q8NCF5,S,338,21,NFATC2IP
Q9UQ35|1048|S|21,8,Q9UQ35,S,1048,21,SRRM2
Q8WUA4|892|S|21,8,Q8WUA4,S,892,21,GTF3C2
Q86YV0|51|S|21,8,Q86YV0,S,51,21,RASAL3
Q13464|1105|S|21,8,Q13464,S,1105,21,ROCK1
Q6IQ23|994|S|21,8,Q6IQ23,S,994,21,PLEKHA7
P14317|275|S|21,8,P14317,S,275,21,HCLS1
Q9H246|95|S|21,8,Q9H246,S,95,21,C1orf21
O95671|239|S|21,8,O95671,S,239,21,ASMTL
P42167|306|S|21,8,P42167,S,306,21,TMPO
Q96EV2|741|S|21,8,Q96EV2,S,741,21,RBM33
P06493|161|T|21,8,P06493,T,161,21,CDK1
Q9BTK6|237|S|21,8,Q9BTK6,S,237,21,PAGR1
Q12933|5|S|21,8,Q12933,S,5,21,TRAF2
O75995|27|S|21,8,O75995,S,27,21,SASH3
Q9Y3Z3|592|T|21,8,Q9Y3Z3,T,592,21,SAMHD1
Q9P1Y6|948|S|21,8,Q9P1Y6,S,948,21,PHRF1
P19525|93|S|21,8,P19525,S,93,21,EIF2AK2
Q13469|761|S|21,8,Q13469,S,761,21,NFATC2
Q5T1M5|1164|S|21,8,Q5T1M5,S,1164,21,FKBP15
Q14181|147|S|21,8,Q14181,S,147,21,POLA2
P27824|583|S|21,8,P27824,S,583,21,CANX
Q8N6T3|361|S|21,8,Q8N6T3,S,361,21,ARFGAP1
Q15366|171|S|21,8,Q15366,S,171,21,PCBP2
Q9Y608|328|S|21,8,Q9Y608,S,328,21,LRRFIP2
Q86YV0|228|S|21,8,Q86YV0,S,228,21,RASAL3
Q9UBW5|462|S|21,8,Q9UBW5,S,462,21,BIN2
Q6P3S6|371|R|7,8,Q6P3S6,R,371,7,FBXO42
Q12933|11|S|21,8,Q12933,S,11,21,TRAF2
Q9UQ35|420|S|21,8,Q9UQ35,S,420,21,SRRM2
Q02880|1375|S|21,8,Q02880,S,1375,21,TOP2B
Q9UMZ2|854|S|21,8,Q9UMZ2,S,854,21,SYNRG
Q6JBY9|179|S|21,8,Q6JBY9,S,179,21,RCSD1
Q9NQZ2|362|T|21,8,Q9NQZ2,T,362,21,UTP3
Q8N392|64|S|21,8,Q8N392,S,64,21,ARHGAP18
Q8WUA4|893|S|21,8,Q8WUA4,S,893,21,GTF3C2
P46013|2708|S|21,8,P46013,S,2708,21,MKI67
Q13043|320|S|21,8,Q13043,S,320,21,STK4
P62995|201|T|21,8,P62995,T,201,21,TRA2B
P78347|210|S|21,8,P78347,S,210,21,GTF2I
Q7Z422|37|S|21,8,Q7Z422,S,37,21,SZRD1
Q15084|216|K|34,8,Q15084,K,216,34,PDIA6
Q96EV2|41|S|21,8,Q96EV2,S,41,21,RBM33
Q92974|152|T|21,8,Q92974,T,152,21,ARHGEF2
Q8WUA4|896|R|7,8,Q8WUA4,R,896,7,GTF3C2
Q12996|691|S|21,8,Q12996,S,691,21,CSTF3
Q5T1M5|1161|S|21,8,Q5T1M5,S,1161,21,FKBP15
P42858|1874|S|21,8,P42858,S,1874,21,HTT
P35658|1023|S|21,8,P35658,S,1023,21,NUP214
P56192|825|S|21,8,P56192,S,825,21,MARS1
P55081|258|S|21,8,P55081,S,258,21,MFAP1
O60884|399|S|21,8,O60884,S,399,21,DNAJA2
Q13523|839|S|21,8,Q13523,S,839,21,PRP4K
Q8N6S5|80|S|21,8,Q8N6S5,S,80,21,ARL6IP6
Q13523|837|S|21,8,Q13523,S,837,21,PRP4K
Q8WUA4|901|S|21,8,Q8WUA4,S,901,21,GTF3C2
P23588|207|S|21,8,P23588,S,207,21,EIF4B
Q14980|2047|S|21,8,Q14980,S,2047,21,NUMA1
Q5JSH3|3|S|21,8,Q5JSH3,S,3,21,WDR44
Q8WYJ6|320|S|21,8,Q8WYJ6,S,320,21,SEPTIN1
Q15366|173|S|21,8,Q15366,S,173,21,PCBP2
Q92974|886|S|21,8,Q92974,S,886,21,ARHGEF2
Q15042|9|S|21,8,Q15042,S,9,21,RAB3GAP1
Q12851|531|S|21,8,Q12851,S,531,21,MAP4K2
Q13541|83|S|21,8,Q13541,S,83,21,EIF4EBP1
P60174|19|K|1,8,P60174,K,19,1,TPI1
P42694|1163|T|21,8,P42694,T,1163,21,HELZ
Q6PKG0|647|T|21,8,Q6PKG0,T,647,21,LARP1
Q9BXP5|540|S|21,8,Q9BXP5,S,540,21,SRRT
Q7Z422|39|S|21,8,Q7Z422,S,39,21,SZRD1
Q15233|450|T|21,8,Q15233,T,450,21,NONO
Q86W92|29|S|21,8,Q86W92,S,29,21,PPFIBP1
Q13464|1102|S|21,8,Q13464,S,1102,21,ROCK1
Q9NRA8|78|S|21,8,Q9NRA8,S,78,21,EIF4ENIF1
Q9NRA8|74|S|21,8,Q9NRA8,S,74,21,EIF4ENIF1
Q8IZL8|745|T|21,8,Q8IZL8,T,745,21,PELP1
Q5JSH3|5|S|21,8,Q5JSH3,S,5,21,WDR44
Q9P246|680|S|21,8,Q9P246,S,680,21,STIM2
P19525|83|S|21,8,P19525,S,83,21,EIF2AK2
Q13469|759|S|21,8,Q13469,S,759,21,NFATC2
Q7Z460|600|S|21,8,Q7Z460,S,600,21,CLASP1
Q8IXM2|96|S|21,8,Q8IXM2,S,96,21,BACC1
Q8NCF5|337|S|21,8,Q8NCF5,S,337,21,NFATC2IP
Q9H4L5|304|S|21,8,Q9H4L5,S,304,21,OSBPL3
Q8WYJ6|253|S|21,8,Q8WYJ6,S,253,21,SEPTIN1
Q7Z6Z7|3376|S|21,8,Q7Z6Z7,S,3376,21,HUWE1
P21127|595|T|21,8,P21127,T,595,21,CDK11B
Q9Y3F4|338|S|21,8,Q9Y3F4,S,338,21,STRAP
Q92560|587|R|7,8,Q92560,R,587,7,BAP1
O75995|25|S|21,8,O75995,S,25,21,SASH3
O14497|363|S|21,8,O14497,S,363,21,ARID1A
Q86YV0|231|S|21,8,Q86YV0,S,231,21,RASAL3
Q13469|757|S|21,8,Q13469,S,757,21,NFATC2
Q9UMZ2|852|S|21,8,Q9UMZ2,S,852,21,SYNRG
Q13813|1217|S|21,8,Q13813,S,1217,21,SPTAN1
Q14289|375|S|21,8,Q14289,S,375,21,PTK2B
Q4KMP7|656|S|21,8,Q4KMP7,S,656,21,TBC1D10B
Q53HI1|6|S|21,8,Q53HI1,S,6,21,UNC50
Q9NPI6|144|S|21,8,Q9NPI6,S,144,21,DCP1A
Q9UBW5|466|S|21,8,Q9UBW5,S,466,21,BIN2
Q9UPT8|159|S|21,8,Q9UPT8,S,159,21,ZC3H4
Q8N3D4|1257|S|21,8,Q8N3D4,S,1257,21,EHBP1L1
P21127|589|S|21,8,P21127,S,589,21,CDK11B
Q7Z6J0|306|T|21,8,Q7Z6J0,T,306,21,SH3RF1
P55265|823|S|21,8,P55265,S,823,21,ADAR
P55209|62|T|21,8,P55209,T,62,21,NAP1L1
Q8IZL8|743|S|21,8,Q8IZL8,S,743,21,PELP1
O75995|26|S|21,8,O75995,S,26,21,SASH3
Q68CZ2|332|S|21,8,Q68CZ2,S,332,21,TNS3
Q6UN15|258|T|21,8,Q6UN15,T,258,21,FIP1L1
P08670|412|S|21,8,P08670,S,412,21,VIM
P55265|825|S|21,8,P55265,S,825,21,ADAR
Q15418|221|S|21,8,Q15418,S,221,21,RPS6KA1
Q53QZ3|212|S|21,8,Q53QZ3,S,212,21,ARHGAP15
Q9H7N4|239|S|21,8,Q9H7N4,S,239,21,SCAF1
P26358|127|S|21,8,P26358,S,127,21,DNMT1
Q14004|662|S|21,8,Q14004,S,662,21,CDK13
P06400|805|Y|21,8,P06400,Y,805,21,RB1
Q6Y7W6|236|S|21,8,Q6Y7W6,S,236,21,GIGYF2
Q86U42|150|S|21,8,Q86U42,S,150,21,PABPN1
Q92974|151|S|21,8,Q92974,S,151,21,ARHGEF2
Q13464|1098|S|21,8,Q13464,S,1098,21,ROCK1
Q14166|16|S|21,8,Q14166,S,16,21,TTLL12
Q14181|150|S|21,8,Q14181,S,150,21,POLA2
Q14181|149|S|21,8,Q14181,S,149,21,POLA2
Q7Z6Z7|3373|S|21,8,Q7Z6Z7,S,3373,21,HUWE1
Q05519|456|S|21,8,Q05519,S,456,21,SRSF11
O95747|339|S|21,8,O95747,S,339,21,OXSR1
P22681|483|S|21,8,P22681,S,483,21,CBL
Q14847|146|S|21,8,Q14847,S,146,21,LASP1
Q7Z422|51|S|21,8,Q7Z422,S,51,21,SZRD1
Q15185|100|S|21,8,Q15185,S,100,21,PTGES3
Q9UN86|141|S|21,8,Q9UN86,S,141,21,G3BP2
Q12851|527|S|21,8,Q12851,S,527,21,MAP4K2
Q13595|202|T|21,8,Q13595,T,202,21,TRA2A
O00303|258|S|21,8,O00303,S,258,21,EIF3F
Q13464|1100|S|21,8,Q13464,S,1100,21,ROCK1
Q5JTV8|164|S|21,8,Q5JTV8,S,164,21,TOR1AIP1
Q9NPI6|142|S|21,8,Q9NPI6,S,142,21,DCP1A
Q92974|896|S|21,8,Q92974,S,896,21,ARHGEF2
Q9BYW2|532|S|21,8,Q9BYW2,S,532,21,SETD2
Q9P1Y6|936|S|21,8,Q9P1Y6,S,936,21,PHRF1
Q13428|582|S|21,8,Q13428,S,582,21,TCOF1
Q5JTV8|163|S|21,8,Q5JTV8,S,163,21,TOR1AIP1
P06733|71|K|34,9,P06733,K,71,34,ENO1
P62328|26|K|34,9,P62328,K,26,34,TMSB4X
P16402|47|K|34,9,P16402,K,47,34,H1
P63313|4|K|1,9,P63313,K,4,1,TMSB10
P62979|48|K|535,9,P62979,K,48,535,RPS27A
Q16777|96|K|34,9,Q16777,K,96,34,H2AC20
P62937|76|K|34,9,P62937,K,76,34,PPIA
O75531|18|K|34,9,O75531,K,18,34,BANF1
P61353|93|K|34,9,P61353,K,93,34,RPL27
P06703|47|K|34,9,P06703,K,47,34,S100A6
Q96A08|118|K|34,9,Q96A08,K,118,34,H2BC1
P02461|1150|K|34,9,P02461,K,1150,34,COL3A1
P69905|8|K|34,9,P69905,K,8,34,HBA1
P62805|80|K|34,9,P62805,K,80,34,H4C1
P10809|387|K|34,9,P10809,K,387,34,HSPD1
Q16695|123|K|34,9,Q16695,K,123,34,H3
Q02539|88|K|34,9,Q02539,K,88,34,H1
P02452|505|K|34,9,P02452,K,505,34,COL1A1
P68133|330|K|34,9,P68133,K,330,34,ACTA1
P21333|1824|K|34,9,P21333,K,1824,34,FLNA
P30101|82|K|34,9,P30101,K,82,34,PDIA3
P22392|100|K|34,9,P22392,K,100,34,NME2
P0DP23|31|K|34,9,P0DP23,K,31,34,CALM1
P06576|133|K|34,9,P06576,K,133,34,ATP5F1B
P68133|328|K|34,9,P68133,K,328,34,ACTA1
Q16695|80|K|34,9,Q16695,K,80,34,H3
P14618|115|K|34,9,P14618,K,115,34,PKM
P27797|62|K|34,9,P27797,K,62,34,CALR
P16401|100|K|34,9,P16401,K,100,34,H1
P07195|7|K|34,9,P07195,K,7,34,LDHB
P62328|39|K|34,9,P62328,K,39,34,TMSB4X
Q06830|16|K|34,9,Q06830,K,16,34,PRDX1
P32119|135|K|34,9,P32119,K,135,34,PRDX2
P08670|373|K|34,9,P08670,K,373,34,VIM
P62805|24|R|36,9,P62805,R,24,36,H4C1
P05141|10|K|34,9,P05141,K,10,34,SLC25A5
P62805|78|K|34,9,P62805,K,78,34,H4C1
P68871|66|K|34,9,P68871,K,66,34,HBB
P68133|317|K|34,9,P68133,K,317,34,ACTA1
P67936|13|K|34,9,P67936,K,13,34,TPM4
P10412|17|K|34,9,P10412,K,17,34,H1
P60174|19|K|34,9,P60174,K,19,34,TPI1
P68871|96|K|34,9,P68871,K,96,34,HBB
P69905|62|K|34,9,P69905,K,62,34,HBA1
Q8N257|44|K|34,9,Q8N257,K,44,34,H2BC26
Q01995|75|K|34,9,Q01995,K,75,34,TAGLN
P07737|38|K|34,9,P07737,K,38,34,PFN1
P07951|118|K|34,9,P07951,K,118,34,TPM2
Q5TEC6|46|T|23,9,Q5TEC6,T,46,23,H3
Q06830|93|K|34,9,Q06830,K,93,34,PRDX1
Q5TEC6|38|K|34,9,Q5TEC6,K,38,34,H3
P61604|80|K|34,9,P61604,K,80,34,HSPE1
P60903|47|K|34,9,P60903,K,47,34,S100A10
P16401|93|K|34,9,P16401,K,93,34,H1
P02787|359|K|34,9,P02787,K,359,34,TF
P27797|215|K|34,9,P27797,K,215,34,CALR
Q9NY65|96|K|34,9,Q9NY65,K,96,34,TUBA8
Q5TEC6|37|K|34,9,Q5TEC6,K,37,34,H3
Q01844|615|R|36,9,Q01844,R,615,36,EWSR1
Q02539|93|K|34,9,Q02539,K,93,34,H1
P02671|123|R|7,9,P02671,R,123,7,FGA
P84243|80|K|34,9,P84243,K,80,34,H3
Q06830|27|K|34,9,Q06830,K,27,34,PRDX1
P05204|82|K|34,9,P05204,K,82,34,HMGN2
P16401|55|K|34,9,P16401,K,55,34,H1
Q96A08|122|K|34,9,Q96A08,K,122,34,H2BC1
P68133|52|K|34,9,P68133,K,52,34,ACTA1
P16401|17|K|34,9,P16401,K,17,34,H1
P0DP23|22|K|34,9,P0DP23,K,22,34,CALM1
P16402|53|K|34,9,P16402,K,53,34,H1
P22492|79|K|34,9,P22492,K,79,34,H1
P01834|83|K|34,9,P01834,K,83,34,IGKC
P16401|49|K|34,9,P16401,K,49,34,H1
P21333|1477|K|34,9,P21333,K,1477,34,FLNA
P04406|66|K|34,9,P04406,K,66,34,GAPDH
Q6PEY2|326|K|34,9,Q6PEY2,K,326,34,TUBA3E
P84243|38|K|34,9,P84243,K,38,34,H3
P06703|40|K|34,9,P06703,K,40,34,S100A6
Q15059|263|S|21,9,Q15059,S,263,21,BRD3
P68871|83|K|34,9,P68871,K,83,34,HBB
Q5TEC6|24|K|1,9,Q5TEC6,K,24,1,H3
P0DOY3|60|K|34,9,P0DOY3,K,60,34,IGLC3
Q16777|100|K|34,9,Q16777,K,100,34,H2AC20
P69905|57|K|34,9,P69905,K,57,34,HBA1
P04406|219|K|34,9,P04406,K,219,34,GAPDH
P83881|53|K|34,9,P83881,K,53,34,RPL36A
P16402|35|K|34,9,P16402,K,35,34,H1
P02042|60|K|34,9,P02042,K,60,34,HBD
P04083|90|K|34,9,P04083,K,90,34,ANXA1
P02452|742|K|34,9,P02452,K,742,34,COL1A1
Q06830|136|K|34,9,Q06830,K,136,34,PRDX1
P62979|11|K|34,9,P62979,K,11,34,RPS27A
P06733|202|K|34,9,P06733,K,202,34,ENO1
P27797|209|K|34,9,P27797,K,209,34,CALR
Q8N257|58|K|34,9,Q8N257,K,58,34,H2BC26
P02042|67|K|34,9,P02042,K,67,34,HBD
P16401|37|K|34,9,P16401,K,37,34,H1
P62937|133|K|34,9,P62937,K,133,34,PPIA
P62805|21|K|34,9,P62805,K,21,34,H4C1
P31949|27|K|34,9,P31949,K,27,34,S100A11
P62937|82|K|34,9,P62937,K,82,34,PPIA
P62979|48|K|34,9,P62979,K,48,34,RPS27A
P01857|292|K|34,9,P01857,K,292,34,IGHG1
P08670|113|R|7,9,P08670,R,113,7,VIM
Q5VTE0|165|K|34,9,Q5VTE0,K,165,34,EEF1A1P5
P50238|68|R|34,9,P50238,R,68,34,CRIP1
P01009|314|K|34,9,P01009,K,314,34,SERPINA1
Q01995|78|K|34,9,Q01995,K,78,34,TAGLN
P09211|128|K|34,9,P09211,K,128,34,GSTP1
O43852|47|Y|21,9,O43852,Y,47,21,CALU
Q16777|119|K|34,9,Q16777,K,119,34,H2AC20
P49411|259|K|34,9,P49411,K,259,34,TUFM
P84243|37|K|34,9,P84243,K,37,34,H3
P04075|28|K|34,9,P04075,K,28,34,ALDOA
P10809|551|K|34,9,P10809,K,551,34,HSPD1
P27797|64|K|34,9,P27797,K,64,34,CALR
P11940|493|R|36,9,P11940,R,493,36,PABPC1
P62328|32|K|34,9,P62328,K,32,34,TMSB4X
P62979|33|K|34,9,P62979,K,33,34,RPS27A
P51991|118|K|34,9,P51991,K,118,34,HNRNPA3
P68871|62|K|34,9,P68871,K,62,34,HBB
P05204|76|K|34,9,P05204,K,76,34,HMGN2
P04406|227|K|34,9,P04406,K,227,34,GAPDH
P68871|60|K|34,9,P68871,K,60,34,HBB
P01857|16|K|34,9,P01857,K,16,34,IGHG1
Q96A08|48|K|34,9,Q96A08,K,48,34,H2BC1
P04406|263|K|34,9,P04406,K,263,34,GAPDH
P22492|68|K|34,9,P22492,K,68,34,H1
P04406|215|K|34,9,P04406,K,215,34,GAPDH
P69905|41|K|34,9,P69905,K,41,34,HBA1
P08670|104|K|34,9,P08670,K,104,34,VIM
P62979|63|K|34,9,P62979,K,63,34,RPS27A
P09382|29|K|34,9,P09382,K,29,34,LGALS1
Q8N257|47|K|34,9,Q8N257,K,47,34,H2BC26
P35579|1513|K|34,9,P35579,K,1513,34,MYH9
Q96A08|127|K|34,9,Q96A08,K,127,34,H2BC1
P60709|18|K|34,9,P60709,K,18,34,ACTB
P08123|974|K|34,9,P08123,K,974,34,COL1A2
Q99879|44|K|34,9,Q99879,K,44,34,H2BC14
P63261|18|K|34,9,P63261,K,18,34,ACTG1
Q99879|47|K|34,9,Q99879,K,47,34,H2BC14
Q02539|84|K|34,9,Q02539,K,84,34,H1
P16403|17|K|34,9,P16403,K,17,34,H1
Q8IUE6|89|R|34,9,Q8IUE6,R,89,34,H2AC21
P04406|260|K|34,9,P04406,K,260,34,GAPDH
P60709|291|K|34,9,P60709,K,291,34,ACTB
P16070|694|R|7,9,P16070,R,694,7,CD44
P68871|9|K|34,9,P68871,K,9,34,HBB
Q96RL1|653|S|21,10,Q96RL1,S,653,21,UIMC1
P19634|796|S|21,10,P19634,S,796,21,SLC9A1
Q9UPU5|2561|S|21,10,Q9UPU5,S,2561,21,USP24
P85037|422|T|21,10,P85037,T,422,21,FOXK1
O14974|696|T|21,10,O14974,T,696,21,PPP1R12A
O15047|508|S|21,10,O15047,S,508,21,SETD1A
Q8NCY6|100|S|21,10,Q8NCY6,S,100,21,MSANTD4
P16383|429|S|21,10,P16383,S,429,21,GCFC2
P31689|335|S|21,10,P31689,S,335,21,DNAJA1
Q5VUA4|207|S|21,10,Q5VUA4,S,207,21,ZNF318
Q14161|418|S|21,10,Q14161,S,418,21,GIT2
Q96AD5|407|S|21,10,Q96AD5,S,407,21,PNPLA2
Q96FZ2|295|S|21,10,Q96FZ2,S,295,21,HMCES
Q14938|288|S|21,10,Q14938,S,288,21,NFIX
Q8NCY6|106|S|21,10,Q8NCY6,S,106,21,MSANTD4
P15056|446|S|21,10,P15056,S,446,21,BRAF
Q13796|231|S|21,10,Q13796,S,231,21,SHROOM2
Q9BUR4|90|S|21,10,Q9BUR4,S,90,21,WRAP53
P09651|341|Y|21,10,P09651,Y,341,21,HNRNPA1
Q9UPQ0|472|T|21,10,Q9UPQ0,T,472,21,LIMCH1
Q6PJG2|661|S|21,10,Q6PJG2,S,661,21,MIDEAS
Q8IV63|82|S|21,10,Q8IV63,S,82,21,VRK3
P49841|9|S|21,10,P49841,S,9,21,GSK3B
O75592|2871|S|21,10,O75592,S,2871,21,MYCBP2
Q6KC79|318|S|21,10,Q6KC79,S,318,21,NIPBL
Q6WKZ4|501|S|21,10,Q6WKZ4,S,501,21,RAB11FIP1
P46821|1932|T|21,10,P46821,T,1932,21,MAP1B
Q9Y2X3|350|T|21,10,Q9Y2X3,T,350,21,NOP58
Q14004|664|S|21,10,Q14004,S,664,21,CDK13
Q5VT52|374|S|21,10,Q5VT52,S,374,21,RPRD2
Q13796|230|S|21,10,Q13796,S,230,21,SHROOM2
P15924|2608|S|21,10,P15924,S,2608,21,DSP
Q9UK61|927|S|21,10,Q9UK61,S,927,21,TASOR
Q14676|411|S|21,10,Q14676,S,411,21,MDC1
O60716|288|S|21,10,O60716,S,288,21,CTNND1
Q96SB3|192|S|21,10,Q96SB3,S,192,21,PPP1R9B
P50851|1133|S|21,10,P50851,S,1133,21,LRBA
P15153|107|S|21,10,P15153,S,107,21,RAC2
Q05639|291|S|21,10,Q05639,S,291,21,EEF1A2
Q05655|658|S|21,10,Q05655,S,658,21,PRKCD
Q9BRJ6|175|S|21,10,Q9BRJ6,S,175,21,CHLSN
P52272|633|S|21,10,P52272,S,633,21,HNRNPM
Q8TBP0|228|S|21,10,Q8TBP0,S,228,21,TBC1D16
P20962|4|K|1,10,P20962,K,4,1,PTMS
Q6ZN18|15|S|21,10,Q6ZN18,S,15,21,AEBP2
O43379|1232|S|21,10,O43379,S,1232,21,WDR62
P54105|90|S|21,10,P54105,S,90,21,CLNS1A
Q14938|284|S|21,10,Q14938,S,284,21,NFIX
P27797|195|S|21,10,P27797,S,195,21,CALR
Q15084|428|S|21,10,Q15084,S,428,21,PDIA6
Q7Z417|652|S|21,10,Q7Z417,S,652,21,NUFIP2
Q13428|153|S|21,10,Q13428,S,153,21,TCOF1
Q9NPF5|445|T|21,10,Q9NPF5,T,445,21,DMAP1
Q9UPQ0|471|S|21,10,Q9UPQ0,S,471,21,LIMCH1
P51003|522|S|21,10,P51003,S,522,21,PAPOLA
Q8NBN3|540|S|21,10,Q8NBN3,S,540,21,TMEM87A
P46100|634|S|21,10,P46100,S,634,21,ATRX
Q05519|207|S|21,10,Q05519,S,207,21,SRSF11
P27816|636|S|21,10,P27816,S,636,21,MAP4
Q68E01|502|S|21,10,Q68E01,S,502,21,INTS3
Q7Z2W4|280|S|21,10,Q7Z2W4,S,280,21,ZC3HAV1
Q9UHR5|113|S|21,10,Q9UHR5,S,113,21,SAP30BP
P49841|13|S|21,10,P49841,S,13,21,GSK3B
Q9UHR4|331|S|21,10,Q9UHR4,S,331,21,BAIAP2L1
P19338|496|S|21,10,P19338,S,496,21,NCL
Q86XP3|111|S|21,10,Q86XP3,S,111,21,DDX42
Q14161|415|S|21,10,Q14161,S,415,21,GIT2
Q6P2E9|741|S|21,10,Q6P2E9,S,741,21,EDC4
P40818|719|S|21,10,P40818,S,719,21,USP8
Q9UER7|671|S|21,10,Q9UER7,S,671,21,DAXX
Q6WKZ4|156|S|21,10,Q6WKZ4,S,156,21,RAB11FIP1
Q8NDX5|761|S|21,10,Q8NDX5,S,761,21,PHC3
Q96B36|183|S|21,10,Q96B36,S,183,21,AKT1S1
Q13428|906|S|21,10,Q13428,S,906,21,TCOF1
Q58WW2|657|S|21,10,Q58WW2,S,657,21,DCAF6
Q9BQA1|5|T|21,10,Q9BQA1,T,5,21,WDR77
Q8WX93|1101|S|21,10,Q8WX93,S,1101,21,PALLD
Q6WKZ4|500|S|21,10,Q6WKZ4,S,500,21,RAB11FIP1
Q14938|280|S|21,10,Q14938,S,280,21,NFIX
Q8IV63|78|S|21,10,Q8IV63,S,78,21,VRK3
O60825|468|T|21,10,O60825,T,468,21,PFKFB2
Q6P2E9|737|S|21,10,Q6P2E9,S,737,21,EDC4
O15164|768|S|21,10,O15164,S,768,21,TRIM24
P40818|718|S|21,10,P40818,S,718,21,USP8
Q96FZ2|293|T|21,10,Q96FZ2,T,293,21,HMCES
O15164|770|S|21,10,O15164,S,770,21,TRIM24
Q96AD5|404|S|21,10,Q96AD5,S,404,21,PNPLA2
P16383|430|S|21,10,P16383,S,430,21,GCFC2
P08670|56|S|21,10,P08670,S,56,21,VIM
Q01130|22|T|21,10,Q01130,T,22,21,SRSF2
Q9NR19|30|S|21,10,Q9NR19,S,30,21,ACSS2
P15924|2606|S|21,10,P15924,S,2606,21,DSP
Q14161|421|S|21,10,Q14161,S,421,21,GIT2
Q9UKV3|481|S|21,10,Q9UKV3,S,481,21,ACIN1
O15164|771|S|21,10,O15164,S,771,21,TRIM24
Q9UNL2|11|S|21,10,Q9UNL2,S,11,21,SSR3
Q58WW2|649|S|21,10,Q58WW2,S,649,21,DCAF6
P22059|198|S|21,10,P22059,S,198,21,OSBP
Q9UHD8|30|S|21,10,Q9UHD8,S,30,21,SEPTIN9
Q8NDX5|762|S|21,10,Q8NDX5,S,762,21,PHC3
O60716|869|T|21,10,O60716,T,869,21,CTNND1
Q05639|300|S|21,10,Q05639,S,300,21,EEF1A2
P15924|2607|S|21,10,P15924,S,2607,21,DSP
Q8NCY6|101|S|21,10,Q8NCY6,S,101,21,MSANTD4
P46937|163|S|21,10,P46937,S,163,21,YAP1
O75151|879|S|21,10,O75151,S,879,21,PHF2
P51610|1497|S|21,10,P51610,S,1497,21,HCFC1
Q8IV63|83|S|21,10,Q8IV63,S,83,21,VRK3
P22059|200|S|21,10,P22059,S,200,21,OSBP
O15164|767|S|21,10,O15164,S,767,21,TRIM24
Q13085|80|S|21,10,Q13085,S,80,21,ACACA
Q9Y6M7|404|R|7,10,Q9Y6M7,R,404,7,SLC4A7
Q7Z2W4|284|S|21,10,Q7Z2W4,S,284,21,ZC3HAV1
Q86XP3|109|S|21,10,Q86XP3,S,109,21,DDX42
Q9Y383|18|S|21,10,Q9Y383,S,18,21,LUC7L2
Q8IV63|85|S|21,10,Q8IV63,S,85,21,VRK3
Q9UQ35|2397|T|21,10,Q9UQ35,T,2397,21,SRRM2
Q9BRD0|271|S|21,10,Q9BRD0,S,271,21,BUD13
Q9C073|213|S|21,10,Q9C073,S,213,21,FAM117A
Q6P2E9|735|S|21,10,Q6P2E9,S,735,21,EDC4
Q9UER7|668|S|21,10,Q9UER7,S,668,21,DAXX
Q9H8Y8|415|T|21,10,Q9H8Y8,T,415,21,GORASP2
Q14676|397|S|21,10,Q14676,S,397,21,MDC1
Q6P2E9|734|S|21,10,Q6P2E9,S,734,21,EDC4
P06733|291|S|21,10,P06733,S,291,21,ENO1
P35579|1308|S|21,10,P35579,S,1308,21,MYH9
Q13428|156|S|21,10,Q13428,S,156,21,TCOF1
P19338|494|S|21,10,P19338,S,494,21,NCL
Q96F86|131|S|21,11,Q96F86,S,131,21,EDC3
P02545|613|S|21,11,P02545,S,613,21,LMNA
Q9NRF8|564|S|21,11,Q9NRF8,S,564,21,CTPS2
Q15149|4030|T|21,11,Q15149,T,4030,21,PLEC
Q01082|2332|S|21,11,Q01082,S,2332,21,SPTBN1
O75947|95|K|34,11,O75947,K,95,34,ATP5PD
P38159|326|S|21,11,P38159,S,326,21,RBMX
Q9H0E3|855|S|21,11,Q9H0E3,S,855,21,SAP130
Q9UPN6|617|S|21,11,Q9UPN6,S,617,21,SCAF8
P33241|177|S|21,11,P33241,S,177,21,LSP1
P46527|10|S|21,11,P46527,S,10,21,CDKN1B
Q5H9R7|617|S|21,11,Q5H9R7,S,617,21,PPP6R3
P06400|373|T|21,11,P06400,T,373,21,RB1
P35269|218|S|21,11,P35269,S,218,21,GTF2F1
P48634|610|T|21,11,P48634,T,610,21,PRRC2A
Q9NQC3|5|D|299,11,Q9NQC3,D,5,299,RTN4
Q3B726|316|S|21,11,Q3B726,S,316,21,POLR1F
Q92917|471|S|21,11,Q92917,S,471,21,GPKOW
P33241|193|S|21,11,P33241,S,193,21,LSP1
Q99081|59|S|21,11,Q99081,S,59,21,TCF12
Q14137|127|S|21,11,Q14137,S,127,21,BOP1
P27348|230|S|21,11,P27348,S,230,21,YWHAQ
Q53T59|249|S|21,11,Q53T59,S,249,21,HS1BP3
Q13523|520|S|21,11,Q13523,S,520,21,PRP4K
Q7Z6E9|768|S|21,11,Q7Z6E9,S,768,21,RBBP6
Q9Y618|2263|S|21,11,Q9Y618,S,2263,21,NCOR2
Q9UBW5|461|T|21,11,Q9UBW5,T,461,21,BIN2
P42167|182|R|7,11,P42167,R,182,7,TMPO
P49736|26|S|21,11,P49736,S,26,21,MCM2
P62995|266|S|21,11,P62995,S,266,21,TRA2B
Q96T23|604|S|21,11,Q96T23,S,604,21,RSF1
Q9Y3Z3|18|S|21,11,Q9Y3Z3,S,18,21,SAMHD1
P46087|185|T|21,11,P46087,T,185,21,NOP2
Q9Y3Q8|229|T|21,11,Q9Y3Q8,T,229,21,TSC22D4
P12268|416|S|21,11,P12268,S,416,21,IMPDH2
Q92882|213|S|21,11,Q92882,S,213,21,OSTF1
Q9NQC3|2|E|299,11,Q9NQC3,E,2,299,RTN4
P25705|305|K|34,11,P25705,K,305,34,ATP5F1A
Q9UQ35|1856|T|21,11,Q9UQ35,T,1856,21,SRRM2
P46937|381|S|21,11,P46937,S,381,21,YAP1
Q96D71|162|S|21,11,Q96D71,S,162,21,REPS1
Q9H501|312|S|21,11,Q9H501,S,312,21,ESF1
P27824|564|S|21,11,P27824,S,564,21,CANX
Q9Y3Z3|33|S|21,11,Q9Y3Z3,S,33,21,SAMHD1
P49327|2204|T|21,11,P49327,T,2204,21,FASN
P56962|288|S|21,11,P56962,S,288,21,STX17
Q96AG3|34|S|21,11,Q96AG3,S,34,21,SLC25A46
Q15459|329|S|21,11,Q15459,S,329,21,SF3A1
Q9UBW5|456|T|21,11,Q9UBW5,T,456,21,BIN2
P19823|60|S|21,11,P19823,S,60,21,ITIH2
Q12888|1756|T|21,11,Q12888,T,1756,21,TP53BP1
Q5SSJ5|51|T|21,11,Q5SSJ5,T,51,21,HP1BP3
P33241|188|S|21,11,P33241,S,188,21,LSP1
O00567|468|T|21,11,O00567,T,468,21,NOP56
P35611|12|S|21,11,P35611,S,12,21,ADD1
P18583|1697|S|21,11,P18583,S,1697,21,SON
Q9BUT9|78|S|21,11,Q9BUT9,S,78,21,MCRIP2
P56962|289|S|21,11,P56962,S,289,21,STX17
Q96JM3|452|S|21,11,Q96JM3,S,452,21,CHAMP1
Q9H6Y2|14|S|21,11,Q9H6Y2,S,14,21,WDR55
P42224|727|S|21,11,P42224,S,727,21,STAT1
Q9Y3Z3|27|S|21,11,Q9Y3Z3,S,27,21,SAMHD1
Q99733|54|S|21,11,Q99733,S,54,21,NAP1L4
P46937|382|S|21,11,P46937,S,382,21,YAP1
P48634|609|T|21,11,P48634,T,609,21,PRRC2A
P08621|410|S|21,11,P08621,S,410,21,SNRNP70
P48681|768|S|21,11,P48681,S,768,21,NES
P38159|329|S|21,11,P38159,S,329,21,RBMX
Q96JM3|445|S|21,11,Q96JM3,S,445,21,CHAMP1
Q9H2P0|955|S|21,11,Q9H2P0,S,955,21,ADNP
Q13523|518|S|21,11,Q13523,S,518,21,PRP4K
Q8TD55|390|S|21,11,Q8TD55,S,390,21,PLEKHO2
Q9H501|313|S|21,11,Q9H501,S,313,21,ESF1
Q96D71|170|S|21,11,Q96D71,S,170,21,REPS1
P24821|72|S|21,11,P24821,S,72,21,TNC
Q96D71|166|S|21,11,Q96D71,S,166,21,REPS1
Q7Z6E9|770|S|21,11,Q7Z6E9,S,770,21,RBBP6
P31946|232|S|21,11,P31946,S,232,21,YWHAB
Q96JM3|443|S|21,11,Q96JM3,S,443,21,CHAMP1
P38159|330|S|21,11,P38159,S,330,21,RBMX
P13861|99|S|21,11,P13861,S,99,21,PRKAR2A
Q96D71|173|T|21,11,Q96D71,T,173,21,REPS1
Q9UQ35|1857|S|21,11,Q9UQ35,S,1857,21,SRRM2
Q9C0C9|838|T|21,11,Q9C0C9,T,838,21,UBE2O
Q9Y520|887|T|21,11,Q9Y520,T,887,21,PRRC2C
Q14137|126|S|21,11,Q14137,S,126,21,BOP1
Q9H2P0|953|S|21,11,Q9H2P0,S,953,21,ADNP
Q05519|224|K|53,11,Q05519,K,224,53,SRSF11
Q9NYF8|397|S|21,11,Q9NYF8,S,397,21,BCLAF1
Q9NTJ3|41|S|21,11,Q9NTJ3,S,41,21,SMC4
O43290|596|S|21,11,O43290,S,596,21,SART1
P33241|252|S|21,11,P33241,S,252,21,LSP1
Q15057|517|S|21,11,Q15057,S,517,21,ACAP2
Q96T23|1359|S|21,11,Q96T23,S,1359,21,RSF1
Q96T23|1375|S|21,11,Q96T23,S,1375,21,RSF1
Q6IBW4|284|S|21,11,Q6IBW4,S,284,21,NCAPH2
P33241|189|S|21,11,P33241,S,189,21,LSP1
P27824|554|S|21,11,P27824,S,554,21,CANX
P35611|586|S|21,11,P35611,S,586,21,ADD1
O43290|591|S|21,11,O43290,S,591,21,SART1
Q9UQ35|437|S|21,11,Q9UQ35,S,437,21,SRRM2
Q13523|519|S|21,11,Q13523,S,519,21,PRP4K
O15173|210|Y|21,11,O15173,Y,210,21,PGRMC2
P35269|217|S|21,11,P35269,S,217,21,GTF2F1
Q9UBW5|435|S|21,11,Q9UBW5,S,435,21,BIN2
O43290|598|S|21,11,O43290,S,598,21,SART1
Q8TF01|321|S|21,11,Q8TF01,S,321,21,PNISR
P35221|655|S|21,11,P35221,S,655,21,CTNNA1
Q5VT52|592|Y|21,11,Q5VT52,Y,592,21,RPRD2
P46087|181|S|21,11,P46087,S,181,21,NOP2
Q9NQC3|3|D|299,11,Q9NQC3,D,3,299,RTN4
Q9UQ35|440|S|21,11,Q9UQ35,S,440,21,SRRM2
P13796|5|S|21,11,P13796,S,5,21,LCP1
P27348|232|S|21,11,P27348,S,232,21,YWHAQ
Q9UQ35|435|S|21,11,Q9UQ35,S,435,21,SRRM2
Q9UBW5|436|S|21,11,Q9UBW5,S,436,21,BIN2
Q9Y5J1|204|T|21,11,Q9Y5J1,T,204,21,UTP18
P22059|377|T|21,11,P22059,T,377,21,OSBP
P04075|37|T|21,11,P04075,T,37,21,ALDOA
P62995|264|S|21,11,P62995,S,264,21,TRA2B
Q9UBW5|444|S|21,11,Q9UBW5,S,444,21,BIN2
Q13425|110|S|21,11,Q13425,S,110,21,SNTB2
P33241|175|T|21,11,P33241,T,175,21,LSP1
Q9Y3Z3|23|S|21,11,Q9Y3Z3,S,23,21,SAMHD1
P35269|224|S|21,11,P35269,S,224,21,GTF2F1
Q9UQ35|436|S|21,11,Q9UQ35,S,436,21,SRRM2
P68133|52|K|1,12,P68133,K,52,1,ACTA1
P11142|236|R|7,12,P11142,R,236,7,HSPA8
P07197|42|R|36,12,P07197,R,42,36,NEFM
Q562R1|255|R|7,12,Q562R1,R,255,7,ACTBL2
O00459|605|Y|21,12,O00459,Y,605,21,PIK3R2
Q05655|306|S|21,12,Q05655,S,306,21,PRKCD
P02686|183|R|7,12,P02686,R,183,7,MBP
O75508|198|S|21,12,O75508,S,198,21,CLDN11
P14618|106|R|7,12,P14618,R,106,7,PKM
P24844|20|S|21,12,P24844,S,20,21,MYL9
O14936|600|S|21,12,O14936,S,600,21,CASK
Q05397|576|Y|21,12,Q05397,Y,576,21,PTK2
Q5TEC6|59|T|23,12,Q5TEC6,T,59,23,H3
P29350|534|S|21,12,P29350,S,534,21,PTPN6
Q05655|313|Y|21,12,Q05655,Y,313,21,PRKCD
P00533|1172|Y|21,12,P00533,Y,1172,21,EGFR
P07197|42|R|34,12,P07197,R,42,34,NEFM
P16402|35|K|1,12,P16402,K,35,1,H1
P09651|347|Y|21,12,P09651,Y,347,21,HNRNPA1
Q9H422|359|Y|21,12,Q9H422,Y,359,21,HIPK3
P04406|234|R|7,12,P04406,R,234,7,GAPDH
P60709|198|Y|21,12,P60709,Y,198,21,ACTB
Q9Y4H2|823|Y|21,12,Q9Y4H2,Y,823,21,IRS2
Q05655|334|Y|21,12,Q05655,Y,334,21,PRKCD
Q16539|180|T|21,12,Q16539,T,180,21,MAPK14
Q9NRY4|1105|Y|21,12,Q9NRY4,Y,1105,21,ARHGAP35
Q13813|1032|R|7,12,Q13813,R,1032,7,SPTAN1
O14936|602|S|21,12,O14936,S,602,21,CASK
P12036|776|S|21,12,P12036,S,776,21,NEFH
P07910|189|K|1,12,P07910,K,189,1,HNRNPC
P53999|11|S|21,12,P53999,S,11,21,SUB1
P53999|9|S|21,12,P53999,S,9,21,SUB1
P14136|12|R|7,12,P14136,R,12,7,GFAP
P04075|246|H|53,12,P04075,H,246,53,ALDOA
P09543|235|K|1,12,P09543,K,235,1,CNP
P14136|79|R|7,12,P14136,R,79,7,GFAP
Q8IZP0|213|Y|21,12,Q8IZP0,Y,213,21,ABI1
P16401|37|K|1,12,P16401,K,37,1,H1
P29353|426|S|21,12,P29353,S,426,21,SHC1
P29353|427|Y|21,12,P29353,Y,427,21,SHC1
P02794|13|Y|23,12,P02794,Y,13,23,FTH1
P29317|593|T|21,12,P29317,T,593,21,EPHA2
Q9UPS8|296|Y|21,12,Q9UPS8,Y,296,21,ANKRD26
P07910|30|K|1,12,P07910,K,30,1,HNRNPC
P00533|693|T|21,12,P00533,T,693,21,EGFR
P09651|206|R|34,12,P09651,R,206,34,HNRNPA1
P09651|206|R|36,12,P09651,R,206,36,HNRNPA1
O00401|256|Y|21,12,O00401,Y,256,21,WASL
P29317|594|Y|21,12,P29317,Y,594,21,EPHA2
P56945|387|Y|21,12,P56945,Y,387,21,BCAR1
P16401|74|Y|21,12,P16401,Y,74,21,H1
P29317|772|Y|21,12,P29317,Y,772,21,EPHA2
Q04760|3|E|299,12,Q04760,E,3,299,GLO1
O75508|197|S|21,12,O75508,S,197,21,CLDN11
P24941|14|T|21,12,P24941,T,14,21,CDK2
P07355|236|S|21,12,P07355,S,236,21,ANXA2
P53801|174|Y|21,12,P53801,Y,174,21,PTTG1IP
P06493|15|Y|21,12,P06493,Y,15,21,CDK1
P24941|15|Y|21,12,P24941,Y,15,21,CDK2
P63104|145|S|21,12,P63104,S,145,21,YWHAZ
P53999|10|S|21,12,P53999,S,10,21,SUB1
P53999|12|S|21,12,P53999,S,12,21,SUB1
P68133|320|T|21,12,P68133,T,320,21,ACTA1
P68133|52|K|299,12,P68133,K,52,299,ACTA1
P60709|199|S|23,12,P60709,S,199,23,ACTB
P02686|231|R|7,12,P02686,R,231,7,MBP
P07900|620|R|7,12,P07900,R,620,7,HSP90AA1
Q05655|304|S|21,12,Q05655,S,304,21,PRKCD
P09651|337|S|21,12,P09651,S,337,21,HNRNPA1
Q5T8P6|123|R|7,12,Q5T8P6,R,123,7,RBM26
P06239|394|Y|21,12,P06239,Y,394,21,LCK
Q86X29|551|Y|21,12,Q86X29,Y,551,21,LSR
P08195|46|K|535,12,P08195,K,46,535,SLC3A2
P07355|318|Y|21,12,P07355,Y,318,21,ANXA2
P09651|338|S|21,12,P09651,S,338,21,HNRNPA1
Q96A22|103|Y|21,12,Q96A22,Y,103,21,C11orf52
Q9UHR4|274|Y|21,12,Q9UHR4,Y,274,21,BAIAP2L1
P15259|92|Y|21,12,P15259,Y,92,21,PGAM2
Q5T4S7|2724|T|21,12,Q5T4S7,T,2724,21,UBR4
Q14CZ8|298|R|7,12,Q14CZ8,R,298,7,HEPACAM
P07197|736|S|21,12,P07197,S,736,21,NEFM
P07355|24|Y|21,12,P07355,Y,24,21,ANXA2
Q9H5V8|707|Y|21,12,Q9H5V8,Y,707,21,CDCP1
Q8WVV4|98|S|21,12,Q8WVV4,S,98,21,POF1B
O75363|482|T|21,12,O75363,T,482,21,BCAS1
P14136|416|R|7,12,P14136,R,416,7,GFAP
Q16539|182|Y|21,12,Q16539,Y,182,21,MAPK14
P07195|310|K|1,12,P07195,K,310,1,LDHB
P06748|67|Y|21,12,P06748,Y,67,21,NPM1
P49916|242|S|21,12,P49916,S,242,21,LIG3
Q05655|307|S|21,12,Q05655,S,307,21,PRKCD
P29317|588|Y|21,12,P29317,Y,588,21,EPHA2
P63104|30|T|21,12,P63104,T,30,21,YWHAZ
P06493|14|T|21,12,P06493,T,14,21,CDK1
P29350|536|Y|21,12,P29350,Y,536,21,PTPN6
P22626|225|S|21,12,P22626,S,225,21,HNRNPA2B1
P51991|26|H|53,12,P51991,H,26,53,HNRNPA3
P28482|187|Y|21,12,P28482,Y,187,21,MAPK1
P49736|25|T|21,12,P49736,T,25,21,MCM2
P08670|424|R|7,12,P08670,R,424,7,VIM
P53985|466|T|21,12,P53985,T,466,21,SLC16A1
P27361|204|Y|21,12,P27361,Y,204,21,MAPK3
P29350|557|S|21,12,P29350,S,557,21,PTPN6
Q93052|317|Y|21,12,Q93052,Y,317,21,LPP
P27824|371|R|7,12,P27824,R,371,7,CANX
Q14247|446|Y|21,12,Q14247,Y,446,21,CTTN
Q05397|575|T|21,12,Q05397,T,575,21,PTK2
Q05639|29|Y|21,12,Q05639,Y,29,21,EEF1A2
P29350|564|Y|21,12,P29350,Y,564,21,PTPN6
P04406|75|T|21,12,P04406,T,75,21,GAPDH
P49023|88|Y|21,12,P49023,Y,88,21,PXN
P09543|68|R|7,12,P09543,R,68,7,CNP
P14136|173|R|7,12,P14136,R,173,7,GFAP
Q01082|1307|R|7,12,Q01082,R,1307,7,SPTBN1
P68366|271|T|23,12,P68366,T,271,23,TUBA4A
Q5VTE0|166|R|7,12,Q5VTE0,R,166,7,EEF1A1P5
O95832|210|Y|21,12,O95832,Y,210,21,CLDN1
P09543|93|R|7,12,P09543,R,93,7,CNP
Q9NYF8|272|S|21,12,Q9NYF8,S,272,21,BCLAF1
P07197|831|T|21,12,P07197,T,831,21,NEFM
P50238|12|Y|21,12,P50238,Y,12,21,CRIP1
Q9BYX7|362|Y|21,12,Q9BYX7,Y,362,21,POTEKP
P98175|736|S|21,13,P98175,S,736,21,RBM10
Q02880|1526|S|21,13,Q02880,S,1526,21,TOP2B
P55081|116|S|21,13,P55081,S,116,21,MFAP1
Q9Y6E2|414|S|21,13,Q9Y6E2,S,414,21,BZW2
Q9NQZ2|368|S|21,13,Q9NQZ2,S,368,21,UTP3
O60271|185|S|21,13,O60271,S,185,21,SPAG9
P46100|731|S|21,13,P46100,S,731,21,ATRX
Q8NI08|208|S|21,13,Q8NI08,S,208,21,NCOA7
Q12906|482|S|21,13,Q12906,S,482,21,ILF3
P98175|732|Y|21,13,P98175,Y,732,21,RBM10
Q8WVC0|179|S|21,13,Q8WVC0,S,179,21,LEO1
Q5SW79|1521|S|21,13,Q5SW79,S,1521,21,CEP170
Q99543|47|S|21,13,Q99543,S,47,21,DNAJC2
Q9BTC0|151|T|21,13,Q9BTC0,T,151,21,DIDO1
Q9NQS7|828|S|21,13,Q9NQS7,S,828,21,INCENP
Q9C0C2|504|S|21,13,Q9C0C2,S,504,21,TNKS1BP1
Q9Y3T9|672|S|21,13,Q9Y3T9,S,672,21,NOC2L
O60884|394|S|21,13,O60884,S,394,21,DNAJA2
O60231|103|S|21,13,O60231,S,103,21,DHX16
Q9H0W8|7|S|21,13,Q9H0W8,S,7,21,SMG9
Q08AE8|467|S|21,13,Q08AE8,S,467,21,SPIRE1
Q9BTC0|152|S|21,13,Q9BTC0,S,152,21,DIDO1
Q96ST2|422|S|21,13,Q96ST2,S,422,21,IWS1
Q9UQ35|1008|S|21,13,Q9UQ35,S,1008,21,SRRM2
P45973|13|S|21,13,P45973,S,13,21,CBX5
O43818|53|S|21,13,O43818,S,53,21,RRP9
Q14839|1544|S|21,13,Q14839,S,1544,21,CHD4
O60341|137|S|21,13,O60341,S,137,21,KDM1A
O43818|51|S|21,13,O43818,S,51,21,RRP9
Q9UQ35|1329|S|21,13,Q9UQ35,S,1329,21,SRRM2
Q13185|95|S|21,13,Q13185,S,95,21,CBX3
O60341|126|S|21,13,O60341,S,126,21,KDM1A
Q9UQ35|1003|T|21,13,Q9UQ35,T,1003,21,SRRM2
P51991|358|S|21,13,P51991,S,358,21,HNRNPA3
O00566|171|S|21,13,O00566,S,171,21,MPHOSPH10
P45973|11|S|21,13,P45973,S,11,21,CBX5
P41236|122|S|21,13,P41236,S,122,21,PPP1R2
Q9C0C2|498|S|21,13,Q9C0C2,S,498,21,TNKS1BP1
Q9BW71|289|S|21,13,Q9BW71,S,289,21,HIRIP3
Q04726|267|S|21,13,Q04726,S,267,21,TLE3
Q9H1E3|75|S|21,13,Q9H1E3,S,75,21,NUCKS1
Q15007|306|S|21,13,Q15007,S,306,21,WTAP
P46100|729|S|21,13,P46100,S,729,21,ATRX
Q9UQ35|1318|S|21,13,Q9UQ35,S,1318,21,SRRM2
Q9Y3T9|673|S|21,13,Q9Y3T9,S,673,21,NOC2L
Q6PKG0|627|S|21,13,Q6PKG0,S,627,21,LARP1
Q9H0W8|4|S|21,13,Q9H0W8,S,4,21,SMG9
Q8NFC6|484|S|21,13,Q8NFC6,S,484,21,BOD1L1
Q16637|28|S|21,13,Q16637,S,28,21,SMN1
Q13185|93|S|21,13,Q13185,S,93,21,CBX3
Q16643|339|S|21,13,Q16643,S,339,21,DBN1
O00566|167|S|21,13,O00566,S,167,21,MPHOSPH10
O00566|163|S|21,13,O00566,S,163,21,MPHOSPH10
Q99733|7|S|21,13,Q99733,S,7,21,NAP1L4
Q9H4A3|2032|S|21,13,Q9H4A3,S,2032,21,WNK1
Q9H1E3|79|S|21,13,Q9H1E3,S,79,21,NUCKS1
P45973|14|S|21,13,P45973,S,14,21,CBX5
O60341|131|S|21,13,O60341,S,131,21,KDM1A
Q9UQ35|1012|S|21,13,Q9UQ35,S,1012,21,SRRM2
P41236|121|S|21,13,P41236,S,121,21,PPP1R2
Q99543|49|S|21,13,Q99543,S,49,21,DNAJC2
O75376|158|S|21,13,O75376,S,158,21,NCOR1
Q9NQS7|831|S|21,13,Q9NQS7,S,831,21,INCENP
Q9BTC0|154|S|21,13,Q9BTC0,S,154,21,DIDO1
Q16637|31|S|21,13,Q16637,S,31,21,SMN1
Q9Y6M7|400|S|21,13,Q9Y6M7,S,400,21,SLC4A7
O60884|395|S|21,13,O60884,S,395,21,DNAJA2
P45973|12|S|21,13,P45973,S,12,21,CBX5
Q9Y6M7|403|S|21,13,Q9Y6M7,S,403,21,SLC4A7
Q8NI08|211|S|21,13,Q8NI08,S,211,21,NCOA7
Q9BRT9|12|S|21,13,Q9BRT9,S,12,21,GINS4
Q96ST2|415|S|21,13,Q96ST2,S,415,21,IWS1
Q8WVC0|171|S|21,13,Q8WVC0,S,171,21,LEO1
O94874|458|S|21,13,O94874,S,458,21,UFL1
P35251|71|S|21,13,P35251,S,71,21,RFC1
Q9Y6E2|412|S|21,13,Q9Y6E2,S,412,21,BZW2
Q96KC8|480|S|21,13,Q96KC8,S,480,21,DNAJC1
Q9UDY2|394|S|21,13,Q9UDY2,S,394,21,TJP2
Q9H6F5|80|S|21,13,Q9H6F5,S,80,21,CCDC86
Q01831|883|S|21,13,Q01831,S,883,21,XPC
Q9UDY2|398|S|21,13,Q9UDY2,S,398,21,TJP2
Q96KC8|479|S|21,13,Q96KC8,S,479,21,DNAJC1
O95490|1115|S|21,13,O95490,S,1115,21,ADGRL2
O43159|64|S|21,13,O43159,S,64,21,RRP8
Q9Y6M7|407|S|21,13,Q9Y6M7,S,407,21,SLC4A7
Q12906|476|S|21,13,Q12906,S,476,21,ILF3
O43818|50|S|21,13,O43818,S,50,21,RRP9
Q6P6C2|64|S|21,13,Q6P6C2,S,64,21,ALKBH5
O60231|106|S|21,13,O60231,S,106,21,DHX16
Q08AE8|464|S|21,13,Q08AE8,S,464,21,SPIRE1
O94806|31|S|21,13,O94806,S,31,21,PRKD3
O94806|30|S|21,13,O94806,S,30,21,PRKD3
Q6PEY2|48|S|21,13,Q6PEY2,S,48,21,TUBA3E
P98175|733|S|21,13,P98175,S,733,21,RBM10
Q9C0C2|494|S|21,13,Q9C0C2,S,494,21,TNKS1BP1
Q96ST2|420|S|21,13,Q96ST2,S,420,21,IWS1
Q8N9E0|120|S|21,13,Q8N9E0,S,120,21,FAM133A
P35251|69|S|21,13,P35251,S,69,21,RFC1
Q15007|305|S|21,13,Q15007,S,305,21,WTAP
P05387|105|S|21,13,P05387,S,105,21,RPLP2
P55081|118|S|21,13,P55081,S,118,21,MFAP1
Q12888|525|S|21,13,Q12888,S,525,21,TP53BP1
Q02880|1524|S|21,13,Q02880,S,1524,21,TOP2B
Q8N9T8|628|S|21,13,Q8N9T8,S,628,21,KRI1
O95490|1116|S|21,13,O95490,S,1116,21,ADGRL2
Q5SW79|1522|S|21,13,Q5SW79,S,1522,21,CEP170
Q16643|342|S|21,13,Q16643,S,342,21,DBN1
Q9NQZ2|365|S|21,13,Q9NQZ2,S,365,21,UTP3
Q01831|884|S|21,13,Q01831,S,884,21,XPC
Q02880|1522|S|21,13,Q02880,S,1522,21,TOP2B
Q9BRT9|16|S|21,13,Q9BRT9,S,16,21,GINS4
Q5SW79|1529|S|21,13,Q5SW79,S,1529,21,CEP170
Q96S82|230|S|21,13,Q96S82,S,230,21,UBL7
Q16643|341|S|21,13,Q16643,S,341,21,DBN1
Q6PKG0|631|S|21,13,Q6PKG0,S,631,21,LARP1
Q08AE8|465|S|21,13,Q08AE8,S,465,21,SPIRE1
Q8NFC6|482|S|21,13,Q8NFC6,S,482,21,BOD1L1
Q9UQ35|1014|S|21,13,Q9UQ35,S,1014,21,SRRM2
Q6P6C2|69|S|21,13,Q6P6C2,S,69,21,ALKBH5
P05387|102|S|21,13,P05387,S,102,21,RPLP2
Q9UDY2|400|S|21,13,Q9UDY2,S,400,21,TJP2
P07197|628|S|21,14,P07197,S,628,21,NEFM
P02686|159|R|7,14,P02686,R,159,7,MBP
P07197|620|S|21,14,P07197,S,620,21,NEFM
Q9Y2J2|9|S|21,14,Q9Y2J2,S,9,21,EPB41L3
P80723|36|T|21,14,P80723,T,36,21,BASP1
Q08357|253|S|21,14,Q08357,S,253,21,SLC20A2
Q08357|259|S|21,14,Q08357,S,259,21,SLC20A2
P04406|176|T|21,14,P04406,T,176,21,GAPDH
Q96QK1|7|S|21,14,Q96QK1,S,7,21,VPS35
Q9UPA5|1477|S|21,14,Q9UPA5,S,1477,21,BSN
Q4V328|691|S|21,14,Q4V328,S,691,21,GRIPAP1
Q8TDJ6|1137|S|21,14,Q8TDJ6,S,1137,21,DMXL2
P07197|633|S|21,14,P07197,S,633,21,NEFM
P46821|1399|R|7,14,P46821,R,1399,7,MAP1B
P40123|309|S|21,14,P40123,S,309,21,CAP2
P78559|1797|S|21,14,P78559,S,1797,21,MAP1A
P17600|432|S|21,14,P17600,S,432,21,SYN1
Q8N111|87|S|21,14,Q8N111,S,87,21,CEND1
Q4V328|692|S|21,14,Q4V328,S,692,21,GRIPAP1
P40123|305|S|21,14,P40123,S,305,21,CAP2
P35611|355|S|21,14,P35611,S,355,21,ADD1
Q5TH69|1061|S|21,14,Q5TH69,S,1061,21,ARFGEF3
P35611|353|S|21,14,P35611,S,353,21,ADD1
P14136|13|S|21,14,P14136,S,13,21,GFAP
P07197|685|S|21,14,P07197,S,685,21,NEFM
Q9NYI0|1012|S|21,14,Q9NYI0,S,1012,21,PSD3
Q9H3Z4|15|S|21,14,Q9H3Z4,S,15,21,DNAJC5
P46821|1147|T|21,14,P46821,T,1147,21,MAP1B
P78559|527|S|21,14,P78559,S,527,21,MAP1A
P46821|1144|S|21,14,P46821,S,1144,21,MAP1B
O60641|306|S|21,14,O60641,S,306,21,SNAP91
P40123|303|T|21,14,P40123,T,303,21,CAP2
Q8IXJ6|368|S|21,14,Q8IXJ6,S,368,21,SIRT2
Q9BQI5|319|S|21,14,Q9BQI5,S,319,21,SGIP1
P35612|613|S|21,14,P35612,S,613,21,ADD2
P40123|307|T|21,14,P40123,T,307,21,CAP2
Q9Y2J2|5|S|21,14,Q9Y2J2,S,5,21,EPB41L3
P46821|1152|T|21,14,P46821,T,1152,21,MAP1B
P46821|1324|S|21,14,P46821,S,1324,21,MAP1B
Q96PU5|475|S|21,14,Q96PU5,S,475,21,NEDD4L
P46821|1322|S|21,14,P46821,S,1322,21,MAP1B
P17677|180|T|21,14,P17677,T,180,21,GAP43
Q9NYI0|1011|S|21,14,Q9NYI0,S,1011,21,PSD3
P04179|99|S|23,14,P04179,S,99,23,SOD2
P02686|229|T|21,14,P02686,T,229,21,MBP
Q8N111|76|S|21,14,Q8N111,S,76,21,CEND1
O60641|305|S|21,14,O60641,S,305,21,SNAP91
Q9Y2J2|11|S|21,14,Q9Y2J2,S,11,21,EPB41L3
P17302|273|S|21,14,P17302,S,273,21,GJA1
P02686|232|T|21,14,P02686,T,232,21,MBP
P46821|1446|S|21,14,P46821,S,1446,21,MAP1B
P14136|14|Y|21,14,P14136,Y,14,21,GFAP
Q8IXJ6|366|S|21,14,Q8IXJ6,S,366,21,SIRT2
P80723|40|S|21,14,P80723,S,40,21,BASP1
P35612|604|S|21,14,P35612,S,604,21,ADD2
Q9H598|98|S|21,14,Q9H598,S,98,21,SLC32A1
Q9NYI0|1014|S|21,14,Q9NYI0,S,1014,21,PSD3
P07197|680|S|21,14,P07197,S,680,21,NEFM
Q9BQI5|316|S|21,14,Q9BQI5,S,316,21,SGIP1
Q92777|425|S|21,14,Q92777,S,425,21,SYN2
P07197|670|S|21,14,P07197,S,670,21,NEFM
P17302|272|S|21,14,P17302,S,272,21,GJA1
O00499|286|S|21,14,O00499,S,286,21,BIN1
P35612|617|S|21,14,P35612,S,617,21,ADD2
Q9UQM7|330|S|21,14,Q9UQM7,S,330,21,CAMK2A
P46821|1328|T|21,14,P46821,T,1328,21,MAP1B
Q8ND76|100|S|21,14,Q8ND76,S,100,21,CCNY
P07197|627|K|34,14,P07197,K,627,34,NEFM
Q8TDJ6|1138|R|7,14,Q8TDJ6,R,1138,7,DMXL2
P07197|667|S|21,14,P07197,S,667,21,NEFM
P46821|1330|S|21,14,P46821,S,1330,21,MAP1B
Q08495|91|T|21,14,Q08495,T,91,21,DMTN
Q9UN36|353|S|21,14,Q9UN36,S,353,21,NDRG2
P49418|549|S|21,14,P49418,S,549,21,AMPH
P35611|465|S|21,14,P35611,S,465,21,ADD1
P11137|1353|S|21,14,P11137,S,1353,21,MAP2
Q07960|49|S|21,14,Q07960,S,49,21,ARHGAP1
Q14194|518|S|21,14,Q14194,S,518,21,CRMP1
Q8TDJ6|1143|S|21,14,Q8TDJ6,S,1143,21,DMXL2
P17600|427|S|21,14,P17600,S,427,21,SYN1
Q7Z6L0|100|S|21,14,Q7Z6L0,S,100,21,PRRT2
P35221|654|T|21,14,P35221,T,654,21,CTNNA1
P46821|1646|S|21,14,P46821,S,1646,21,MAP1B
P46821|1503|T|21,14,P46821,T,1503,21,MAP1B
Q9UPA5|1476|S|21,14,Q9UPA5,S,1476,21,BSN
P78559|1801|S|21,14,P78559,S,1801,21,MAP1A
P35612|592|S|21,14,P35612,S,592,21,ADD2
Q07960|50|S|21,14,Q07960,S,50,21,ARHGAP1
Q8ND76|102|S|21,14,Q8ND76,S,102,21,CCNY
Q14194|521|S|21,14,Q14194,S,521,21,CRMP1
P35611|366|S|21,14,P35611,S,366,21,ADD1
P02686|249|S|21,14,P02686,S,249,21,MBP
Q08357|256|S|21,14,Q08357,S,256,21,SLC20A2
Q96RU3|301|S|21,14,Q96RU3,S,301,21,FNBP1
Q8IXJ6|364|S|21,14,Q8IXJ6,S,364,21,SIRT2
P29966|29|S|21,14,P29966,S,29,21,MARCKS
Q9UN36|355|S|21,14,Q9UN36,S,355,21,NDRG2
P04406|148|S|21,14,P04406,S,148,21,GAPDH
P17677|203|S|21,14,P17677,S,203,21,GAP43
P02686|146|S|21,14,P02686,S,146,21,MBP
Q8TDJ6|1140|S|21,14,Q8TDJ6,S,1140,21,DMXL2
P46821|1326|S|21,14,P46821,S,1326,21,MAP1B
P61266|14|S|21,14,P61266,S,14,21,STX1B
Q99719|225|S|21,14,Q99719,S,225,21,SEPTIN5
Q9Y2J2|7|S|21,14,Q9Y2J2,S,7,21,EPB41L3
P07197|837|S|21,14,P07197,S,837,21,NEFM
P78559|526|S|21,14,P78559,S,526,21,MAP1A
Q08357|261|S|21,14,Q08357,S,261,21,SLC20A2
Q8N111|86|S|21,14,Q8N111,S,86,21,CEND1
Q9UPA5|1475|S|21,14,Q9UPA5,S,1475,21,BSN
Q14194|522|S|21,14,Q14194,S,522,21,CRMP1
Q9UQM7|333|S|21,14,Q9UQM7,S,333,21,CAMK2A
Q86UU0|21|S|21,15,Q86UU0,S,21,21,BCL9L
Q9Y618|956|S|21,15,Q9Y618,S,956,21,NCOR2
Q96HC4|111|S|21,15,Q96HC4,S,111,21,PDLIM5
Q92934|99|S|21,15,Q92934,S,99,21,BAD
Q13153|220|S|21,15,Q13153,S,220,21,PAK1
Q86UU1|443|S|21,15,Q86UU1,S,443,21,PHLDB1
O95817|279|S|21,15,O95817,S,279,21,BAG3
Q9Y2W1|682|S|21,15,Q9Y2W1,S,682,21,THRAP3
Q5T200|877|S|21,15,Q5T200,S,877,21,ZC3H13
Q6ZRV2|924|S|21,15,Q6ZRV2,S,924,21,FAM83H
Q5T0N5|295|S|21,15,Q5T0N5,S,295,21,FNBP1L
Q9C0C2|691|S|21,15,Q9C0C2,S,691,21,TNKS1BP1
O14639|706|S|21,15,O14639,S,706,21,ABLIM1
Q8IVT2|395|S|21,15,Q8IVT2,S,395,21,MISP
P46821|1965|S|21,15,P46821,S,1965,21,MAP1B
Q13428|1228|S|21,15,Q13428,S,1228,21,TCOF1
Q8N0Y7|118|S|21,15,Q8N0Y7,S,118,21,PGAM4
O95817|284|S|21,15,O95817,S,284,21,BAG3
Q9BST9|520|S|21,15,Q9BST9,S,520,21,RTKN
Q09666|177|S|21,15,Q09666,S,177,21,AHNAK
Q9UN86|226|T|21,15,Q9UN86,T,226,21,G3BP2
Q09666|5833|K|34,15,Q09666,K,5833,34,AHNAK
Q9NYF8|658|S|21,15,Q9NYF8,S,658,21,BCLAF1
Q9NVD7|19|S|21,15,Q9NVD7,S,19,21,PARVA
Q13541|65|S|21,15,Q13541,S,65,21,EIF4EBP1
Q00341|31|S|21,15,Q00341,S,31,21,HDLBP
Q14157|609|S|21,15,Q14157,S,609,21,UBAP2L
Q09666|216|S|21,15,Q09666,S,216,21,AHNAK
Q9UQB8|365|S|21,15,Q9UQB8,S,365,21,BAIAP2
Q9UHB6|373|S|21,15,Q9UHB6,S,373,21,LIMA1
Q9UKV3|1004|S|21,15,Q9UKV3,S,1004,21,ACIN1
O14974|443|T|21,15,O14974,T,443,21,PPP1R12A
Q16643|142|S|21,15,Q16643,S,142,21,DBN1
O95817|283|S|21,15,O95817,S,283,21,BAG3
O60885|601|S|21,15,O60885,S,601,21,BRD4
Q9Y5B6|558|S|21,15,Q9Y5B6,S,558,21,PAXBP1
Q8IVT2|397|S|21,15,Q8IVT2,S,397,21,MISP
Q96EV2|765|S|21,15,Q96EV2,S,765,21,RBM33
Q7Z5L9|360|S|21,15,Q7Z5L9,S,360,21,IRF2BP2
P35611|358|S|21,15,P35611,S,358,21,ADD1
Q96T37|568|T|21,15,Q96T37,T,568,21,RBM15
Q6ZRV2|925|S|21,15,Q6ZRV2,S,925,21,FAM83H
Q8N9T8|639|S|21,15,Q8N9T8,S,639,21,KRI1
P10398|580|S|21,15,P10398,S,580,21,ARAF
Q9Y5B6|557|S|21,15,Q9Y5B6,S,557,21,PAXBP1
P16949|38|S|21,15,P16949,S,38,21,STMN1
O60716|268|S|21,15,O60716,S,268,21,CTNND1
Q5VT52|593|S|21,15,Q5VT52,S,593,21,RPRD2
P04637|315|S|21,15,P04637,S,315,21,TP53
Q32MZ4|120|S|21,15,Q32MZ4,S,120,21,LRRFIP1
P38159|208|S|21,15,P38159,S,208,21,RBMX
Q15054|307|S|21,15,Q15054,S,307,21,POLD3
Q9H2U2|317|S|21,15,Q9H2U2,S,317,21,PPA2
P49023|85|S|21,15,P49023,S,85,21,PXN
Q9H2P0|921|S|21,15,Q9H2P0,S,921,21,ADNP
Q5T200|873|S|21,15,Q5T200,S,873,21,ZC3H13
Q8TAQ2|347|S|21,15,Q8TAQ2,S,347,21,SMARCC2
P28290|739|S|21,15,P28290,S,739,21,ITPRID2
Q9UKM9|135|S|21,15,Q9UKM9,S,135,21,RALY
Q53EL6|94|S|21,15,Q53EL6,S,94,21,PDCD4
Q9Y4F1|427|S|21,15,Q9Y4F1,S,427,21,FARP1
O14545|415|S|21,15,O14545,S,415,21,TRAFD1
Q15121|116|S|21,15,Q15121,S,116,21,PEA15
Q15477|255|S|21,15,Q15477,S,255,21,SKIC2
O15014|1055|S|21,15,O15014,S,1055,21,ZNF609
O76094|624|T|21,15,O76094,T,624,21,SRP72
Q5T200|875|S|21,15,Q5T200,S,875,21,ZC3H13
Q9UHD8|85|S|21,15,Q9UHD8,S,85,21,SEPTIN9
Q9UQ35|1179|S|21,15,Q9UQ35,S,1179,21,SRRM2
Q9UPU5|2047|S|21,15,Q9UPU5,S,2047,21,USP24
Q13153|223|S|21,15,Q13153,S,223,21,PAK1
Q14160|1475|S|21,15,Q14160,S,1475,21,SCRIB
Q5VV41|6|S|21,15,Q5VV41,S,6,21,ARHGEF16
P22234|27|S|21,15,P22234,S,27,21,PAICS
Q8WWM7|557|S|21,15,Q8WWM7,S,557,21,ATXN2L
O15173|211|T|21,15,O15173,T,211,21,PGRMC2
Q9UKE5|769|S|21,15,Q9UKE5,S,769,21,TNIK
P14923|665|S|21,15,P14923,S,665,21,JUP
Q9P206|341|S|21,15,Q9P206,S,341,21,NHSL3
O43399|166|S|21,15,O43399,S,166,21,TPD52L2
Q96PU5|342|S|21,15,Q96PU5,S,342,21,NEDD4L
Q13177|139|Y|21,15,Q13177,Y,139,21,PAK2
O15173|208|S|21,15,O15173,S,208,21,PGRMC2
Q9UQB8|366|S|21,15,Q9UQB8,S,366,21,BAIAP2
Q96T37|127|S|21,15,Q96T37,S,127,21,RBM15
Q7L7X3|421|S|21,15,Q7L7X3,S,421,21,TAOK1
Q5JSZ5|388|S|21,15,Q5JSZ5,S,388,21,PRRC2B
P61978|284|S|21,15,P61978,S,284,21,HNRNPK
Q96JC9|165|S|21,15,Q96JC9,S,165,21,EAF1
Q8N4C8|778|S|21,15,Q8N4C8,S,778,21,MINK1
O00515|394|S|21,15,O00515,S,394,21,LAD1
Q8WWM7|558|S|21,15,Q8WWM7,S,558,21,ATXN2L
Q96S94|369|S|21,15,Q96S94,S,369,21,CCNL2
P43487|60|S|21,15,P43487,S,60,21,RANBP1
Q8WWM7|559|S|21,15,Q8WWM7,S,559,21,ATXN2L
Q8IVT2|394|S|21,15,Q8IVT2,S,394,21,MISP
Q96B36|246|T|21,15,Q96B36,T,246,21,AKT1S1
Q9UQB8|364|S|21,15,Q9UQB8,S,364,21,BAIAP2
Q9NWB6|76|S|21,15,Q9NWB6,S,76,21,ARGLU1
Q9UQ35|2581|S|21,15,Q9UQ35,S,2581,21,SRRM2
Q14160|502|S|21,15,Q14160,S,502,21,SCRIB
Q9NPR2|791|S|21,15,Q9NPR2,S,791,21,SEMA4B
O95817|274|S|21,15,O95817,S,274,21,BAG3
Q9UDY2|244|S|21,15,Q9UDY2,S,244,21,TJP2
Q53EL6|93|T|21,15,Q53EL6,T,93,21,PDCD4
Q9NQG5|134|S|21,15,Q9NQG5,S,134,21,RPRD1B
Q16204|244|S|21,15,Q16204,S,244,21,CCDC6
P02452|984|K|299,16,P02452,K,984,299,COL1A1
P02452|277|K|34,16,P02452,K,277,34,COL1A1
P02679|282|R|7,16,P02679,R,282,7,FGG
P12111|1754|K|34,16,P12111,K,1754,34,COL6A3
P02452|759|K|299,16,P02452,K,759,299,COL1A1
O95994|116|K|34,16,O95994,K,116,34,AGR2
Q562R1|304|S|21,16,Q562R1,S,304,21,ACTBL2
O43707|853|K|34,16,O43707,K,853,34,ACTN4
Q9NWB6|56|S|21,16,Q9NWB6,S,56,21,ARGLU1
P20908|1433|K|34,16,P20908,K,1433,34,COL5A1
P07148|121|K|34,16,P07148,K,121,34,FABP1
P01876|67|S|21,16,P01876,S,67,21,IGHA1
P55072|715|T|23,16,P55072,T,715,23,VCP
P12110|485|K|34,16,P12110,K,485,34,COL6A2
P04792|114|K|34,16,P04792,K,114,34,HSPB1
P02452|442|K|34,16,P02452,K,442,34,COL1A1
Q9H4B7|252|K|34,16,Q9H4B7,K,252,34,TUBB1
P01876|201|T|21,16,P01876,T,201,21,IGHA1
Q5TEC6|57|K|34,16,Q5TEC6,K,57,34,H3
P08123|738|K|34,16,P08123,K,738,34,COL1A2
Q06141|138|S|21,16,Q06141,S,138,21,REG3A
P06733|162|K|34,16,P06733,K,162,34,ENO1
P02452|759|K|34,16,P02452,K,759,34,COL1A1
P09327|699|K|34,16,P09327,K,699,34,VIL1
P02461|757|K|34,16,P02461,K,757,34,COL3A1
P68871|85|T|21,16,P68871,T,85,21,HBB
P68133|115|K|34,16,P68133,K,115,34,ACTA1
Q9ULC5|599|K|34,16,Q9ULC5,K,599,34,ACSL5
P01876|66|T|21,16,P01876,T,66,21,IGHA1
P01834|85|Y|21,16,P01834,Y,85,21,IGKC
Q9NWB6|60|S|21,16,Q9NWB6,S,60,21,ARGLU1
P02461|592|K|34,16,P02461,K,592,34,COL3A1
P01860|256|K|34,16,P01860,K,256,34,IGHG3
P01834|38|K|34,16,P01834,K,38,34,IGKC
P01857|173|K|34,16,P01857,K,173,34,IGHG1
P63267|292|K|34,16,P63267,K,292,34,ACTG2
P02461|740|K|34,16,P02461,K,740,34,COL3A1
P62081|15|K|535,16,P62081,K,15,535,RPS7
P02787|225|K|34,16,P02787,K,225,34,TF
P60709|113|K|34,16,P60709,K,113,34,ACTB
P14625|161|K|34,16,P14625,K,161,34,HSP90B1
P62937|28|K|34,16,P62937,K,28,34,PPIA
P02452|430|K|34,16,P02452,K,430,34,COL1A1
P08123|506|K|34,16,P08123,K,506,34,COL1A2
P07237|106|R|7,16,P07237,R,106,7,P4HB
P07305|40|K|34,16,P07305,K,40,34,H1
P27797|64|K|1,16,P27797,K,64,1,CALR
P01834|42|K|34,16,P01834,K,42,34,IGKC
P08123|1064|K|34,16,P08123,K,1064,34,COL1A2
P08123|381|R|7,16,P08123,R,381,7,COL1A2
P0CF74|84|S|21,16,P0CF74,S,84,21,IGLC6
P02452|552|K|34,16,P02452,K,552,34,COL1A1
P68366|422|R|7,16,P68366,R,422,7,TUBA4A
P01009|298|K|34,16,P01009,K,298,34,SERPINA1
P02461|743|K|34,16,P02461,K,743,34,COL3A1
P02452|228|K|34,16,P02452,K,228,34,COL1A1
P02452|1096|K|299,16,P02452,K,1096,299,COL1A1
P16401|109|K|34,16,P16401,K,109,34,H1
P02461|982|K|299,16,P02461,K,982,299,COL3A1
P04350|86|R|7,16,P04350,R,86,7,TUBB4A
P00338|228|K|34,16,P00338,K,228,34,LDHA
P02461|977|K|34,16,P02461,K,977,34,COL3A1
P02679|292|K|34,16,P02679,K,292,34,FGG
P12111|2052|K|34,16,P12111,K,2052,34,COL6A3
P02461|503|K|34,16,P02461,K,503,34,COL3A1
P02452|984|K|34,16,P02452,K,984,34,COL1A1
P07355|49|K|34,16,P07355,K,49,34,ANXA2
P12111|885|K|34,16,P12111,K,885,34,COL6A3
P01857|171|K|34,16,P01857,K,171,34,IGHG1
P02452|591|E|299,16,P02452,E,591,299,COL1A1
Q9NWB6|58|S|21,16,Q9NWB6,S,58,21,ARGLU1
P16401|112|K|34,16,P16401,K,112,34,H1
P62750|152|K|34,16,P62750,K,152,34,RPL23A
P10809|473|K|34,16,P10809,K,473,34,HSPD1
P08123|354|K|34,16,P08123,K,354,34,COL1A2
P01871|112|K|34,16,P01871,K,112,34,IGHM
P08123|380|K|34,16,P08123,K,380,34,COL1A2
P14625|168|K|34,16,P14625,K,168,34,HSP90B1
P02452|1096|K|34,16,P02452,K,1096,34,COL1A1
P02461|982|K|34,16,P02461,K,982,34,COL3A1
P02452|586|K|34,16,P02452,K,586,34,COL1A1
P68871|145|K|34,16,P68871,K,145,34,HBB
P08123|360|K|34,16,P08123,K,360,34,COL1A2
A8K7I4|560|K|34,16,A8K7I4,K,560,34,CLCA1
P02452|751|K|34,16,P02452,K,751,34,COL1A1
P02452|448|K|34,16,P02452,K,448,34,COL1A1
P49023|83|S|21,16,P49023,S,83,21,PXN
P02671|476|K|34,16,P02671,K,476,34,FGA
P08670|28|R|7,16,P08670,R,28,7,VIM
P61626|80|R|7,16,P61626,R,80,7,LYZ
Q96HR9|28|K|34,16,Q96HR9,K,28,34,REEP6
Q05639|255|K|34,16,Q05639,K,255,34,EEF1A2
P02452|940|D|299,16,P02452,D,940,299,COL1A1
O95994|165|K|34,16,O95994,K,165,34,AGR2
P08123|510|K|34,16,P08123,K,510,34,COL1A2
P02461|461|K|34,16,P02461,K,461,34,COL3A1
P02452|468|K|34,16,P02452,K,468,34,COL1A1
Q06830|120|K|34,16,Q06830,K,120,34,PRDX1
P63313|26|K|34,16,P63313,K,26,34,TMSB10
P02671|100|K|34,16,P02671,K,100,34,FGA
P02452|594|K|34,16,P02452,K,594,34,COL1A1
P0DOY3|50|K|34,16,P0DOY3,K,50,34,IGLC3
P01834|100|K|34,16,P01834,K,100,34,IGKC
O14936|595|S|21,17,O14936,S,595,21,CASK
Q9UKE5|766|S|21,17,Q9UKE5,S,766,21,TNIK
P53396|481|S|21,17,P53396,S,481,21,ACLY
Q8TE77|13|S|21,17,Q8TE77,S,13,21,SSH3
P16070|686|S|21,17,P16070,S,686,21,CD44
Q9H7P6|309|S|21,17,Q9H7P6,S,309,21,MVB12B
O15440|501|S|21,17,O15440,S,501,21,ABCC5
Q96QD8|12|S|21,17,Q96QD8,S,12,21,SLC38A2
Q9ULT8|631|S|21,17,Q9ULT8,S,631,21,HECTD1
Q5U5Q3|540|S|21,17,Q5U5Q3,S,540,21,MEX3C
Q70E73|17|S|21,17,Q70E73,S,17,21,RAPH1
Q8TE77|16|S|21,17,Q8TE77,S,16,21,SSH3
O15440|509|S|21,17,O15440,S,509,21,ABCC5
Q9UN37|95|S|21,17,Q9UN37,S,95,21,VPS4A
Q9UN37|97|S|21,17,Q9UN37,S,97,21,VPS4A
O14936|596|S|21,17,O14936,S,596,21,CASK
Q96QD8|22|S|21,17,Q96QD8,S,22,21,SLC38A2
Q14160|1306|S|21,17,Q14160,S,1306,21,SCRIB
Q9BZF1|807|S|21,17,Q9BZF1,S,807,21,OSBPL8
Q96QD8|19|S|21,17,Q96QD8,S,19,21,SLC38A2
Q0JRZ9|493|S|21,17,Q0JRZ9,S,493,21,FCHO2
Q96PU5|487|S|21,17,Q96PU5,S,487,21,NEDD4L
Q96PU5|479|S|21,17,Q96PU5,S,479,21,NEDD4L
P10398|582|S|21,17,P10398,S,582,21,ARAF
O15440|505|S|21,17,O15440,S,505,21,ABCC5
Q5U5Q3|545|S|21,17,Q5U5Q3,S,545,21,MEX3C
Q5SSJ5|156|S|21,17,Q5SSJ5,S,156,21,HP1BP3
Q9Y478|181|S|21,17,Q9Y478,S,181,21,PRKAB1
P41252|1047|S|21,17,P41252,S,1047,21,IARS1
P27708|1859|S|21,17,P27708,S,1859,21,CAD
Q53EZ4|436|S|21,17,Q53EZ4,S,436,21,CEP55
Q9Y6M7|84|S|21,17,Q9Y6M7,S,84,21,SLC4A7
Q53EZ4|428|S|21,17,Q53EZ4,S,428,21,CEP55
P18827|285|S|21,17,P18827,S,285,21,SDC1
Q9C0B5|694|S|21,17,Q9C0B5,S,694,21,ZDHHC5
Q9UQ35|2583|T|21,17,Q9UQ35,T,2583,21,SRRM2
Q6ZRV2|936|S|21,17,Q6ZRV2,S,936,21,FAM83H
P85037|213|S|21,17,P85037,S,213,21,FOXK1
Q9Y2D5|1009|S|21,17,Q9Y2D5,S,1009,21,PALM2AKAP2
Q9P265|79|T|21,17,Q9P265,T,79,21,DIP2B
Q9C0H2|496|S|21,17,Q9C0H2,S,496,21,TTYH3
P20020|1178|S|21,17,P20020,S,1178,21,ATP2B1
P53985|467|S|21,17,P53985,S,467,21,SLC16A1
Q58FF7|202|K|37,17,Q58FF7,K,202,37,HSP90AB3P
O95466|1031|S|21,17,O95466,S,1031,21,FMNL1
Q9BRK4|99|S|21,17,Q9BRK4,S,99,21,LZTS2
P04626|1174|S|21,17,P04626,S,1174,21,ERBB2
Q9UQ35|451|R|7,17,Q9UQ35,R,451,7,SRRM2
P16403|2|S|21,17,P16403,S,2,21,H1
P29966|26|S|21,17,P29966,S,26,21,MARCKS
P29966|27|S|21,17,P29966,S,27,21,MARCKS
P20020|1177|S|21,17,P20020,S,1177,21,ATP2B1
Q8TE77|9|S|21,17,Q8TE77,S,9,21,SSH3
P16402|2|S|21,17,P16402,S,2,21,H1
Q9NQW6|182|S|21,17,Q9NQW6,S,182,21,ANLN
Q9C0H2|512|T|21,17,Q9C0H2,T,512,21,TTYH3
Q58FF7|205|S|21,17,Q58FF7,S,205,21,HSP90AB3P
Q9BZF1|810|S|21,17,Q9BZF1,S,810,21,OSBPL8
Q96PU5|485|Y|21,17,Q96PU5,Y,485,21,NEDD4L
P15924|166|S|21,17,P15924,S,166,21,DSP
P85037|223|S|21,17,P85037,S,223,21,FOXK1
O15440|502|S|21,17,O15440,S,502,21,ABCC5
P19634|693|S|21,17,P19634,S,693,21,SLC9A1
P16403|4|T|21,17,P16403,T,4,21,H1
P10412|18|T|21,17,P10412,T,18,21,H1
Q9C0K0|493|S|21,17,Q9C0K0,S,493,21,BCL11B
O95297|219|S|21,17,O95297,S,219,21,MPZL1
Q9Y478|182|S|21,17,Q9Y478,S,182,21,PRKAB1
Q70E73|5|S|21,17,Q70E73,S,5,21,RAPH1
Q9BZF1|808|S|21,17,Q9BZF1,S,808,21,OSBPL8
Q9UQ35|1842|S|21,17,Q9UQ35,S,1842,21,SRRM2
Q96QD8|21|S|21,17,Q96QD8,S,21,21,SLC38A2
Q9UKE5|764|S|21,17,Q9UKE5,S,764,21,TNIK
Q5U5Q3|537|S|21,17,Q5U5Q3,S,537,21,MEX3C
Q16555|521|T|21,17,Q16555,T,521,21,DPYSL2
P67870|209|S|21,17,P67870,S,209,21,CSNK2B
Q96QD8|18|S|21,17,Q96QD8,S,18,21,SLC38A2
O15440|504|S|21,17,O15440,S,504,21,ABCC5
Q8NFJ5|347|Y|21,17,Q8NFJ5,Y,347,21,GPRC5A
Q96QD8|10|S|21,17,Q96QD8,S,10,21,SLC38A2
P15924|165|S|21,17,P15924,S,165,21,DSP
Q13425|95|S|21,17,Q13425,S,95,21,SNTB2
Q9H4G0|79|T|21,17,Q9H4G0,T,79,21,EPB41L1
Q9UN37|90|S|21,17,Q9UN37,S,90,21,VPS4A
Q9UQ35|2071|S|21,17,Q9UQ35,S,2071,21,SRRM2
Q13443|758|S|21,17,Q13443,S,758,21,ADAM9
Q92597|328|T|21,17,Q92597,T,328,21,NDRG1
Q02952|386|S|21,17,Q02952,S,386,21,AKAP12
Q9H1H9|1384|S|21,17,Q9H1H9,S,1384,21,KIF13A
P62070|186|S|21,17,P62070,S,186,21,RRAS2
O75351|102|S|21,17,O75351,S,102,21,VPS4B
Q9ULT8|632|S|21,17,Q9ULT8,S,632,21,HECTD1
Q9UQ35|1844|T|21,17,Q9UQ35,T,1844,21,SRRM2
Q9C0H2|504|S|21,17,Q9C0H2,S,504,21,TTYH3
Q02241|867|S|21,17,Q02241,S,867,21,KIF23
Q96QD8|17|S|21,17,Q96QD8,S,17,21,SLC38A2
P53985|461|S|21,17,P53985,S,461,21,SLC16A1
P07814|888|T|21,17,P07814,T,888,21,EPRS1
Q9H0H5|203|S|21,17,Q9H0H5,S,203,21,RACGAP1
O75351|93|S|21,17,O75351,S,93,21,VPS4B
Q02241|902|S|21,17,Q02241,S,902,21,KIF23
Q6NZI2|203|S|21,18,Q6NZI2,S,203,21,CAVIN1
P32004|1191|S|21,18,P32004,S,1191,21,L1CAM
Q07960|51|S|21,18,Q07960,S,51,21,ARHGAP1
Q96N67|907|T|21,18,Q96N67,T,907,21,DOCK7
Q9P0K7|389|S|21,18,Q9P0K7,S,389,21,RAI14
Q92597|332|S|21,18,Q92597,S,332,21,NDRG1
Q9P2R6|681|S|21,18,Q9P2R6,S,681,21,RERE
Q92597|330|S|21,18,Q92597,S,330,21,NDRG1
P12694|342|S|21,18,P12694,S,342,21,BCKDHA
O60716|868|S|21,18,O60716,S,868,21,CTNND1
Q9NW97|157|S|21,18,Q9NW97,S,157,21,TMEM51
Q8NE00|91|S|21,18,Q8NE00,S,91,21,SLC38A12
Q8NE00|94|S|21,18,Q8NE00,S,94,21,SLC38A12
Q9NQC3|860|S|21,18,Q9NQC3,S,860,21,RTN4
Q9NW97|163|S|21,18,Q9NW97,S,163,21,TMEM51
Q9UER7|495|S|21,18,Q9UER7,S,495,21,DAXX
O15439|646|T|21,18,O15439,T,646,21,ABCC4
Q9P0K7|383|S|21,18,Q9P0K7,S,383,21,RAI14
Q7L1V2|59|S|21,18,Q7L1V2,S,59,21,MON1B
Q13433|478|S|21,18,Q13433,S,478,21,SLC39A6
Q8WVC0|277|S|21,18,Q8WVC0,S,277,21,LEO1
O94804|451|R|7,18,O94804,R,451,7,STK10
O43493|70|S|21,18,O43493,S,70,21,TGOLN2
O60716|865|Y|21,18,O60716,Y,865,21,CTNND1
Q9Y6G9|512|T|21,18,Q9Y6G9,T,512,21,DYNC1LI1
Q7L1V2|61|S|21,18,Q7L1V2,S,61,21,MON1B
Q9NW97|160|S|21,18,Q9NW97,S,160,21,TMEM51
Q6ZMG9|341|S|21,18,Q6ZMG9,S,341,21,CERS6
O43493|71|S|21,18,O43493,S,71,21,TGOLN2
P30622|195|S|21,18,P30622,S,195,21,CLIP1
Q02952|698|S|21,18,Q02952,S,698,21,AKAP12
Q9BUA6|41|S|21,18,Q9BUA6,S,41,21,MYL10
P46937|63|T|21,18,P46937,T,63,21,YAP1
O94804|450|S|21,18,O94804,S,450,21,STK10
O94804|455|S|21,18,O94804,S,455,21,STK10
P29590|44|R|7,18,P29590,R,44,7,PML
P06748|218|S|21,18,P06748,S,218,21,NPM1
P30622|200|S|21,18,P30622,S,200,21,CLIP1
O43493|66|S|21,18,O43493,S,66,21,TGOLN2
Q15642|296|S|21,18,Q15642,S,296,21,TRIP10
Q13433|479|T|21,18,Q13433,T,479,21,SLC39A6
Q9BUA6|40|S|21,18,Q9BUA6,S,40,21,MYL10
O60716|861|S|21,18,O60716,S,861,21,CTNND1
Q9Y2K7|718|S|21,18,Q9Y2K7,S,718,21,KDM2A
Q96QR8|8|S|21,18,Q96QR8,S,8,21,PURB
Q04656|1435|S|21,18,Q04656,S,1435,21,ATP7A
Q9P2R6|675|S|21,18,Q9P2R6,S,675,21,RERE
P08240|298|S|21,18,P08240,S,298,21,SRPRA
Q9UI08|331|S|21,18,Q9UI08,S,331,21,EVL
Q5T1M5|326|S|21,18,Q5T1M5,S,326,21,FKBP15
Q9Y2K7|721|S|21,18,Q9Y2K7,S,721,21,KDM2A
P40123|299|T|21,18,P40123,T,299,21,CAP2
Q6UUV9|172|S|21,18,Q6UUV9,S,172,21,CRTC1
Q8N556|663|T|21,18,Q8N556,T,663,21,AFAP1
O94804|448|S|21,18,O94804,S,448,21,STK10
O94854|189|S|21,18,O94854,S,189,21,MACF1
Q9NQC3|863|S|21,18,Q9NQC3,S,863,21,RTN4
Q96S55|116|T|21,18,Q96S55,T,116,21,WRNIP1
O00562|346|S|21,18,O00562,S,346,21,PITPNM1
P30622|204|S|21,18,P30622,S,204,21,CLIP1
Q14008|828|S|21,18,Q14008,S,828,21,CKAP5
Q7Z7F0|571|S|21,18,Q7Z7F0,S,571,21,KHDC4
Q9Y520|2693|T|21,18,Q9Y520,T,2693,21,PRRC2C
Q9NW97|161|Y|21,18,Q9NW97,Y,161,21,TMEM51
Q8TAQ2|810|S|21,18,Q8TAQ2,S,810,21,SMARCC2
Q9Y4F1|889|S|21,18,Q9Y4F1,S,889,21,FARP1
Q8IY63|805|S|21,18,Q8IY63,S,805,21,AMOTL1
Q9H1E3|50|S|21,18,Q9H1E3,S,50,21,NUCKS1
Q9P0K7|386|S|21,18,Q9P0K7,S,386,21,RAI14
Q8TAQ2|813|S|21,18,Q8TAQ2,S,813,21,SMARCC2
Q8N108|377|S|21,18,Q8N108,S,377,21,MIER1
Q8NE00|90|S|21,18,Q8NE00,S,90,21,SLC38A12
Q9NSY1|1029|S|21,18,Q9NSY1,S,1029,21,BMP2K
P12694|343|S|21,18,P12694,S,343,21,BCKDHA
P11137|1780|T|21,18,P11137,T,1780,21,MAP2
O43293|312|S|21,18,O43293,S,312,21,DAPK3
Q9BUA6|45|S|21,18,Q9BUA6,S,45,21,MYL10
Q02952|697|S|21,18,Q02952,S,697,21,AKAP12
O94804|454|S|21,18,O94804,S,454,21,STK10
Q6NZI2|202|S|21,18,Q6NZI2,S,202,21,CAVIN1
O43493|68|S|21,18,O43493,S,68,21,TGOLN2
Q5JRA6|408|S|21,18,Q5JRA6,S,408,21,MIA3
Q02952|696|S|21,18,Q02952,S,696,21,AKAP12
P06748|219|T|21,18,P06748,T,219,21,NPM1
Q8WVC0|279|S|21,18,Q8WVC0,S,279,21,LEO1
Q9C0D5|63|S|21,18,Q9C0D5,S,63,21,TANC1
Q8NE00|92|T|21,18,Q8NE00,T,92,21,SLC38A12
P08240|296|S|21,18,P08240,S,296,21,SRPRA
O00562|342|S|21,18,O00562,S,342,21,PITPNM1
Q7Z4V5|232|S|21,18,Q7Z4V5,S,232,21,HDGFL2
O00562|345|S|21,18,O00562,S,345,21,PITPNM1
O00562|358|S|21,18,O00562,S,358,21,PITPNM1
P08240|297|S|21,18,P08240,S,297,21,SRPRA
Q96QR8|6|S|21,18,Q96QR8,S,6,21,PURB
Q9NQC3|862|S|21,18,Q9NQC3,S,862,21,RTN4
O94854|191|S|21,18,O94854,S,191,21,MACF1
Q8N556|664|S|21,18,Q8N556,S,664,21,AFAP1
Q92597|333|S|21,18,Q92597,S,333,21,NDRG1
Q15642|299|S|21,18,Q15642,S,299,21,TRIP10
Q9C0D5|67|S|21,18,Q9C0D5,S,67,21,TANC1
P00558|264|K|34,19,P00558,K,264,34,PGK1
Q32P51|161|K|34,19,Q32P51,K,161,34,HNRNPA1L2
Q15393|1074|K|34,19,Q15393,K,1074,34,SF3B3
P30041|84|K|34,19,P30041,K,84,34,PRDX6
P61604|86|K|34,19,P61604,K,86,34,HSPE1
P36542|79|K|34,19,P36542,K,79,34,ATP5F1C
P06744|252|K|34,19,P06744,K,252,34,GPI
P02675|471|K|34,19,P02675,K,471,34,FGB
P08243|195|K|34,19,P08243,K,195,34,ASNS
P11021|573|K|34,19,P11021,K,573,34,HSPA5
P07099|411|K|34,19,P07099,K,411,34,EPHX1
Q14204|1580|K|34,19,Q14204,K,1580,34,DYNC1H1
O75367|96|K|34,19,O75367,K,96,34,MACROH2A1
P31943|167|K|34,19,P31943,K,167,34,HNRNPH1
Q92928|170|K|34,19,Q92928,K,170,34,RAB1C
P35232|240|K|34,19,P35232,K,240,34,PHB1
P07900|191|K|34,19,P07900,K,191,34,HSP90AA1
P19338|639|K|34,19,P19338,K,639,34,NCL
O00231|46|K|34,19,O00231,K,46,34,PSMD11
P32119|119|K|34,19,P32119,K,119,34,PRDX2
Q14914|25|K|34,19,Q14914,K,25,34,PTGR1
Q15287|186|K|34,19,Q15287,K,186,34,RNPS1
P00558|291|K|34,19,P00558,K,291,34,PGK1
P05455|74|K|34,19,P05455,K,74,34,SSB
P07900|560|K|34,19,P07900,K,560,34,HSP90AA1
Q15691|122|K|34,19,Q15691,K,122,34,MAPRE1
P62140|259|K|34,19,P62140,K,259,34,PPP1CB
P55072|677|K|34,19,P55072,K,677,34,VCP
O75436|51|K|34,19,O75436,K,51,34,VPS26A
P13010|525|K|34,19,P13010,K,525,34,XRCC5
P04406|186|K|34,19,P04406,K,186,34,GAPDH
P0DP23|116|K|34,19,P0DP23,K,116,34,CALM1
P15880|257|K|34,19,P15880,K,257,34,RPS2
P43490|99|K|34,19,P43490,K,99,34,NAMPT
Q07021|220|K|34,19,Q07021,K,220,34,C1QBP
P36578|157|K|34,19,P36578,K,157,34,RPL4
P28066|32|K|34,19,P28066,K,32,34,PSMA5
Q7KZF4|603|K|34,19,Q7KZF4,K,603,34,SND1
P68133|86|K|34,19,P68133,K,86,34,ACTA1
P05388|264|K|34,19,P05388,K,264,34,RPLP0
P07900|559|K|34,19,P07900,K,559,34,HSP90AA1
P36578|162|K|34,19,P36578,K,162,34,RPL4
P07355|104|K|34,19,P07355,K,104,34,ANXA2
P0DP23|78|K|34,19,P0DP23,K,78,34,CALM1
P46777|241|K|34,19,P46777,K,241,34,RPL5
Q05682|170|K|34,19,Q05682,K,170,34,CALD1
P07237|385|K|34,19,P07237,K,385,34,P4HB
P19338|318|K|34,19,P19338,K,318,34,NCL
P26599|497|K|34,19,P26599,K,497,34,PTBP1
P00403|98|K|34,19,P00403,K,98,34,MT
P55209|194|K|34,19,P55209,K,194,34,NAP1L1
P14625|135|K|34,19,P14625,K,135,34,HSP90B1
P14625|285|K|34,19,P14625,K,285,34,HSP90B1
P08243|191|K|34,19,P08243,K,191,34,ASNS
P62937|91|K|34,19,P62937,K,91,34,PPIA
P22059|768|K|34,19,P22059,K,768,34,OSBP
P55072|312|K|34,19,P55072,K,312,34,VCP
Q00610|112|K|34,19,Q00610,K,112,34,CLTC
P06748|54|K|34,19,P06748,K,54,34,NPM1
Q01995|21|K|34,19,Q01995,K,21,34,TAGLN
P13010|565|K|34,19,P13010,K,565,34,XRCC5
P18085|59|K|34,19,P18085,K,59,34,ARF4
P62333|333|K|34,19,P62333,K,333,34,PSMC6
P14866|568|K|34,19,P14866,K,568,34,HNRNPL
Q58FF8|141|K|34,19,Q58FF8,K,141,34,HSP90AB2P
O76021|276|K|34,19,O76021,K,276,34,RSL1D1
Q13185|141|K|34,19,Q13185,K,141,34,CBX3
P07900|558|K|34,19,P07900,K,558,34,HSP90AA1
P22626|168|K|34,19,P22626,K,168,34,HNRNPA2B1
P0DP23|95|K|34,19,P0DP23,K,95,34,CALM1
P51991|182|K|34,19,P51991,K,182,34,HNRNPA3
Q02878|237|K|34,19,Q02878,K,237,34,RPL6
P61313|140|K|34,19,P61313,K,140,34,RPL15
P50991|319|K|34,19,P50991,K,319,34,CCT4
P35579|882|K|34,19,P35579,K,882,34,MYH9
O43707|300|K|34,19,O43707,K,300,34,ACTN4
P49411|94|K|34,19,P49411,K,94,34,TUFM
P35579|355|K|34,19,P35579,K,355,34,MYH9
P60660|79|K|34,19,P60660,K,79,34,MYL6
P30153|358|K|34,19,P30153,K,358,34,PPP2R1A
P14625|319|K|34,19,P14625,K,319,34,HSP90B1
P26641|147|K|34,19,P26641,K,147,34,EEF1G
P56385|69|K|34,19,P56385,K,69,34,ATP5ME
P02671|195|K|34,19,P02671,K,195,34,FGA
P52597|347|K|34,19,P52597,K,347,34,HNRNPF
P61313|128|K|34,19,P61313,K,128,34,RPL15
Q15084|208|K|34,19,Q15084,K,208,34,PDIA6
Q969H8|125|K|34,19,Q969H8,K,125,34,MYDGF
P06733|281|K|34,19,P06733,K,281,34,ENO1
P62258|28|K|34,19,P62258,K,28,34,YWHAE
P41219|288|K|34,19,P41219,K,288,34,PRPH
P27482|116|K|34,19,P27482,K,116,34,CALML3
P30101|395|K|34,19,P30101,K,395,34,PDIA3
Q8N0Y7|138|K|34,19,Q8N0Y7,K,138,34,PGAM4
P14625|428|K|34,19,P14625,K,428,34,HSP90B1
P21796|197|K|34,19,P21796,K,197,34,VDAC1
Q14847|128|K|34,19,Q14847,K,128,34,LASP1
P21333|936|K|34,20,P21333,K,936,34,FLNA
P08238|491|K|34,20,P08238,K,491,34,HSP90AB1
P00338|14|K|34,20,P00338,K,14,34,LDHA
Q99879|35|K|34,20,Q99879,K,35,34,H2BC14
P68371|379|K|34,20,P68371,K,379,34,TUBB4B
P09874|747|K|34,20,P09874,K,747,34,PARP1
Q13151|154|K|34,20,Q13151,K,154,34,HNRNPA0
Q6JBY9|120|S|21,20,Q6JBY9,S,120,21,RCSD1
P06744|194|K|34,20,P06744,K,194,34,GPI
P39023|312|K|34,20,P39023,K,312,34,RPL3
P60174|113|K|34,20,P60174,K,113,34,TPI1
P02545|233|K|34,20,P02545,K,233,34,LMNA
P34932|124|K|34,20,P34932,K,124,34,HSPA4
P40429|114|K|34,20,P40429,K,114,34,RPL13A
P05783|370|K|34,20,P05783,K,370,34,KRT18
Q13523|131|S|21,20,Q13523,S,131,21,PRP4K
P01834|76|K|34,20,P01834,K,76,34,IGKC
P35579|606|K|34,20,P35579,K,606,34,MYH9
P12956|539|K|34,20,P12956,K,539,34,XRCC6
P52272|667|K|34,20,P52272,K,667,34,HNRNPM
P40926|74|K|34,20,P40926,K,74,34,MDH2
P23528|92|K|34,20,P23528,K,92,34,CFL1
P07900|292|K|34,20,P07900,K,292,34,HSP90AA1
P08238|623|K|34,20,P08238,K,623,34,HSP90AB1
Q13451|452|K|34,20,Q13451,K,452,34,FKBP5
P34932|102|K|34,20,P34932,K,102,34,HSPA4
P00558|131|K|34,20,P00558,K,131,34,PGK1
P18124|212|K|34,20,P18124,K,212,34,RPL7
A0FGR8|738|S|21,20,A0FGR8,S,738,21,ESYT2
P15531|56|K|34,20,P15531,K,56,34,NME1
P09874|467|K|34,20,P09874,K,467,34,PARP1
P35579|419|K|34,20,P35579,K,419,34,MYH9
P11142|126|K|34,20,P11142,K,126,34,HSPA8
P00367|162|K|34,20,P00367,K,162,34,GLUD1
P41250|615|K|34,20,P41250,K,615,34,GARS1
P33991|439|K|34,20,P33991,K,439,34,MCM4
P60842|309|K|34,20,P60842,K,309,34,EIF4A1
P05388|26|K|34,20,P05388,K,26,34,RPLP0
P78527|3372|K|34,20,P78527,K,3372,34,PRKDC
P22626|46|K|34,20,P22626,K,46,34,HNRNPA2B1
P54577|391|K|34,20,P54577,K,391,34,YARS1
P51148|180|K|34,20,P51148,K,180,34,RAB5C
P27797|87|K|34,20,P27797,K,87,34,CALR
P11021|213|K|34,20,P11021,K,213,34,HSPA5
P25786|30|K|34,20,P25786,K,30,34,PSMA1
P05386|49|K|34,20,P05386,K,49,34,RPLP1
P15880|142|K|34,20,P15880,K,142,34,RPS2
P06576|480|K|34,20,P06576,K,480,34,ATP5F1B
P07339|222|K|34,20,P07339,K,222,34,CTSD
P07237|326|K|34,20,P07237,K,326,34,P4HB
Q9NQR4|123|K|34,20,Q9NQR4,K,123,34,NIT2
Q9UQ80|311|K|34,20,Q9UQ80,K,311,34,PA2G4
P30046|87|K|34,20,P30046,K,87,34,DDT
P40926|45|K|34,20,P40926,K,45,34,MDH2
P27824|182|K|34,20,P27824,K,182,34,CANX
P07355|324|K|34,20,P07355,K,324,34,ANXA2
P15880|275|K|34,20,P15880,K,275,34,RPS2
P42126|283|K|34,20,P42126,K,283,34,ECI1
P02042|66|K|34,20,P02042,K,66,34,HBD
P40926|269|K|34,20,P40926,K,269,34,MDH2
P61978|456|K|34,20,P61978,K,456,34,HNRNPK
P55145|62|K|34,20,P55145,K,62,34,MANF
P25705|103|K|34,20,P25705,K,103,34,ATP5F1A
P38646|234|K|34,20,P38646,K,234,34,HSPA9
Q99714|212|K|34,20,Q99714,K,212,34,HSD17B10
P24752|66|K|34,20,P24752,K,66,34,ACAT1
P07237|230|K|34,20,P07237,K,230,34,P4HB
Q9BUF5|350|K|34,20,Q9BUF5,K,350,34,TUBB6
Q8IY81|678|K|34,20,Q8IY81,K,678,34,FTSJ3
Q15365|70|K|34,20,Q15365,K,70,34,PCBP1
P43243|245|K|34,20,P43243,K,245,34,MATR3
P55072|502|K|34,20,P55072,K,502,34,VCP
P17980|144|K|34,20,P17980,K,144,34,PSMC3
Q04917|28|K|34,20,Q04917,K,28,34,YWHAH
P55072|45|K|34,20,P55072,K,45,34,VCP
P34931|128|K|34,20,P34931,K,128,34,HSPA1L
Q9Y4L1|463|K|34,20,Q9Y4L1,K,463,34,HYOU1
Q06830|35|K|34,20,Q06830,K,35,34,PRDX1
Q02790|354|K|34,20,Q02790,K,354,34,FKBP4
Q32P51|113|K|34,20,Q32P51,K,113,34,HNRNPA1L2
P07900|224|K|34,20,P07900,K,224,34,HSP90AA1
P07900|478|K|34,20,P07900,K,478,34,HSP90AA1
Q99729|118|K|34,20,Q99729,K,118,34,HNRNPAB
Q562R1|192|K|34,20,Q562R1,K,192,34,ACTBL2
P60660|98|K|34,20,P60660,K,98,34,MYL6
P31040|128|K|34,20,P31040,K,128,34,SDHA
P49368|248|K|34,20,P49368,K,248,34,CCT3
P78371|342|K|34,20,P78371,K,342,34,CCT2
Q16836|202|K|34,20,Q16836,K,202,34,HADH
P07900|327|K|34,20,P07900,K,327,34,HSP90AA1
P15259|176|K|34,20,P15259,K,176,34,PGAM2
P19338|467|K|34,20,P19338,K,467,34,NCL
P14618|186|K|34,20,P14618,K,186,34,PKM
P14618|422|K|34,20,P14618,K,422,34,PKM
P22059|386|S|21,21,P22059,S,386,21,OSBP
Q9P0P8|116|S|21,21,Q9P0P8,S,116,21,MTRES1
Q9P258|51|S|21,21,Q9P258,S,51,21,RCC2
Q9P2I0|419|S|21,21,Q9P2I0,S,419,21,CPSF2
Q8IY81|336|S|21,21,Q8IY81,S,336,21,FTSJ3
P41212|16|S|21,21,P41212,S,16,21,ETV6
P41212|17|Y|21,21,P41212,Y,17,21,ETV6
Q13247|295|S|21,21,Q13247,S,295,21,SRSF6
Q8IWA0|779|S|21,21,Q8IWA0,S,779,21,WDR75
P22059|382|S|21,21,P22059,S,382,21,OSBP
Q86UP2|75|S|21,21,Q86UP2,S,75,21,KTN1
Q96GY3|135|S|21,21,Q96GY3,S,135,21,LIN37
Q14814|98|S|21,21,Q14814,S,98,21,MEF2D
Q13769|314|S|21,21,Q13769,S,314,21,THOC5
P55209|10|S|21,21,P55209,S,10,21,NAP1L1
Q9BW71|227|S|21,21,Q9BW71,S,227,21,HIRIP3
Q9Y6X4|374|R|7,21,Q9Y6X4,R,374,7,FAM169A
P17812|568|S|21,21,P17812,S,568,21,CTPS1
Q9H1E3|132|S|21,21,Q9H1E3,S,132,21,NUCKS1
O14647|1369|S|21,21,O14647,S,1369,21,CHD2
Q8IY81|333|S|21,21,Q8IY81,S,333,21,FTSJ3
O14647|1364|S|21,21,O14647,S,1364,21,CHD2
Q9Y6X4|378|S|21,21,Q9Y6X4,S,378,21,FAM169A
Q9Y6X4|376|S|21,21,Q9Y6X4,S,376,21,FAM169A
Q8IY81|335|S|21,21,Q8IY81,S,335,21,FTSJ3
Q9P2I0|420|S|21,21,Q9P2I0,S,420,21,CPSF2
P19338|34|S|21,21,P19338,S,34,21,NCL
Q86YS7|662|S|21,21,Q86YS7,S,662,21,C2CD5
Q96ST2|398|S|21,21,Q96ST2,S,398,21,IWS1
Q9P258|45|S|21,21,Q9P258,S,45,21,RCC2
Q86WB0|58|S|21,21,Q86WB0,S,58,21,ZC3HC1
P51003|534|S|21,21,P51003,S,534,21,PAPOLA
Q14683|951|S|21,21,Q14683,S,951,21,SMC1A
P55081|132|S|21,21,P55081,S,132,21,MFAP1
Q9H1E3|130|S|21,21,Q9H1E3,S,130,21,NUCKS1
Q96GY3|137|S|21,21,Q96GY3,S,137,21,LIN37
Q12874|365|S|21,21,Q12874,S,365,21,SF3A3
Q9NU22|4898|T|21,21,Q9NU22,T,4898,21,MDN1
Q8IWA0|782|S|21,21,Q8IWA0,S,782,21,WDR75
Q86WB0|56|S|21,21,Q86WB0,S,56,21,ZC3HC1
Q13501|288|S|21,21,Q13501,S,288,21,SQSTM1
P13861|80|S|21,21,P13861,S,80,21,PRKAR2A
O60551|70|S|21,21,O60551,S,70,21,NMT2
Q9P258|43|S|21,21,Q9P258,S,43,21,RCC2
Q9P2I0|423|S|21,21,Q9P2I0,S,423,21,CPSF2
Q9P258|46|S|21,21,Q9P258,S,46,21,RCC2
Q9NY61|316|S|21,21,Q9NY61,S,316,21,AATF
Q5T3I0|130|S|21,21,Q5T3I0,S,130,21,GPATCH4
Q13247|301|S|21,21,Q13247,S,301,21,SRSF6
P63104|28|S|21,21,P63104,S,28,21,YWHAZ
P04083|182|S|21,21,P04083,S,182,21,ANXA1
Q14814|106|S|21,21,Q14814,S,106,21,MEF2D
O14647|1365|S|21,21,O14647,S,1365,21,CHD2
Q16513|958|T|21,21,Q16513,T,958,21,PKN2
Q96ST2|400|S|21,21,Q96ST2,S,400,21,IWS1
Q13442|60|S|21,21,Q13442,S,60,21,PDAP1
O60271|190|S|21,21,O60271,S,190,21,SPAG9
Q9Y3L3|262|S|21,21,Q9Y3L3,S,262,21,SH3BP1
Q9H6S0|1090|S|21,21,Q9H6S0,S,1090,21,YTHDC2
Q96D71|709|S|21,21,Q96D71,S,709,21,REPS1
Q13442|63|S|21,21,Q13442,S,63,21,PDAP1
Q8NAV1|193|S|21,21,Q8NAV1,S,193,21,PRPF38A
P22059|379|S|21,21,P22059,S,379,21,OSBP
P06733|157|S|23,21,P06733,S,157,23,ENO1
Q9NY61|321|S|21,21,Q9NY61,S,321,21,AATF
Q96GY3|138|S|21,21,Q96GY3,S,138,21,LIN37
Q13247|297|S|21,21,Q13247,S,297,21,SRSF6
Q12874|367|S|21,21,Q12874,S,367,21,SF3A3
Q9P0P8|110|S|21,21,Q9P0P8,S,110,21,MTRES1
O60551|68|S|21,21,O60551,S,68,21,NMT2
P27797|214|S|21,21,P27797,S,214,21,CALR
P19338|42|S|21,21,P19338,S,42,21,NCL
Q13769|312|S|21,21,Q13769,S,312,21,THOC5
P55081|133|S|21,21,P55081,S,133,21,MFAP1
Q13247|299|S|21,21,Q13247,S,299,21,SRSF6
Q8NAV1|194|S|21,21,Q8NAV1,S,194,21,PRPF38A
Q9P0P8|106|S|21,21,Q9P0P8,S,106,21,MTRES1
Q05655|506|S|21,21,Q05655,S,506,21,PRKCD
Q13555|395|K|37,21,Q13555,K,395,37,CAMK2G
Q9Y6X4|379|S|21,21,Q9Y6X4,S,379,21,FAM169A
Q9H1E3|113|S|21,21,Q9H1E3,S,113,21,NUCKS1
Q12874|369|S|21,21,Q12874,S,369,21,SF3A3
P49327|2156|S|21,21,P49327,S,2156,21,FASN
Q9P258|50|S|21,21,Q9P258,S,50,21,RCC2
Q86YS7|661|S|21,21,Q86YS7,S,661,21,C2CD5
Q9NY61|320|S|21,21,Q9NY61,S,320,21,AATF
Q5T3I0|128|S|21,21,Q5T3I0,S,128,21,GPATCH4
Q9BW71|223|S|21,21,Q9BW71,S,223,21,HIRIP3
P19338|41|S|21,21,P19338,S,41,21,NCL
P13861|78|S|21,21,P13861,S,78,21,PRKAR2A
Q9P258|44|S|21,21,Q9P258,S,44,21,RCC2
P22059|385|S|21,21,P22059,S,385,21,OSBP
P19338|28|S|21,21,P19338,S,28,21,NCL
Q07157|131|S|21,22,Q07157,S,131,21,TJP1
P29966|170|S|21,22,P29966,S,170,21,MARCKS
Q9H4G0|540|S|21,22,Q9H4G0,S,540,21,EPB41L1
Q14562|460|S|21,22,Q14562,S,460,21,DHX8
Q9H4G0|544|S|21,22,Q9H4G0,S,544,21,EPB41L1
O76094|639|S|21,22,O76094,S,639,21,SRP72
P05783|60|S|21,22,P05783,S,60,21,KRT18
O60716|199|T|21,22,O60716,T,199,21,CTNND1
Q86WR0|204|S|21,22,Q86WR0,S,204,21,CCDC25
Q92614|1974|S|21,22,Q92614,S,1974,21,MYO18A
Q9UKK3|101|T|21,22,Q9UKK3,T,101,21,PARP4
P49959|649|S|21,22,P49959,S,649,21,MRE11
O60716|201|T|21,22,O60716,T,201,21,CTNND1
P41162|409|T|21,22,P41162,T,409,21,ETV3
Q4G0J3|257|T|21,22,Q4G0J3,T,257,21,LARP7
Q9UBC2|229|S|21,22,Q9UBC2,S,229,21,EPS15L1
Q6PKG0|649|T|21,22,Q6PKG0,T,649,21,LARP1
Q8IYB3|431|S|21,22,Q8IYB3,S,431,21,SRRM1
Q6WKZ4|234|S|21,22,Q6WKZ4,S,234,21,RAB11FIP1
Q9BUL9|161|S|21,22,Q9BUL9,S,161,21,RPP25
O00559|36|S|21,22,O00559,S,36,21,EBAG9
Q01813|386|S|21,22,Q01813,S,386,21,PFKP
P53396|455|S|21,22,P53396,S,455,21,ACLY
O75533|142|T|21,22,O75533,T,142,21,SF3B1
P28482|185|T|21,22,P28482,T,185,21,MAPK1
O75533|129|S|21,22,O75533,S,129,21,SF3B1
Q9BUL9|162|S|21,22,Q9BUL9,S,162,21,RPP25
Q92614|2007|S|21,22,Q92614,S,2007,21,MYO18A
Q66K74|729|S|21,22,Q66K74,S,729,21,MAP1S
Q63ZY3|375|S|21,22,Q63ZY3,S,375,21,KANK2
P41162|414|T|21,22,P41162,T,414,21,ETV3
Q9NPR2|793|S|21,22,Q9NPR2,S,793,21,SEMA4B
Q9H7D0|1803|S|21,22,Q9H7D0,S,1803,21,DOCK5
P49450|17|S|21,22,P49450,S,17,21,CENPA
P29590|504|S|21,22,P29590,S,504,21,PML
Q6PD62|925|T|21,22,Q6PD62,T,925,21,CTR9
Q9H4G0|546|S|21,22,Q9H4G0,S,546,21,EPB41L1
Q7Z478|200|S|21,22,Q7Z478,S,200,21,DHX29
Q86UP2|153|T|21,22,Q86UP2,T,153,21,KTN1
P26006|1042|S|21,22,P26006,S,1042,21,ITGA3
P10412|4|T|21,22,P10412,T,4,21,H1
Q86X27|326|T|21,22,Q86X27,T,326,21,RALGPS2
Q9BW04|456|T|21,22,Q9BW04,T,456,21,SARG
Q9H4G0|541|S|21,22,Q9H4G0,S,541,21,EPB41L1
Q66K74|731|S|21,22,Q66K74,S,731,21,MAP1S
Q9Y2W1|408|S|21,22,Q9Y2W1,S,408,21,THRAP3
Q5JTV8|143|S|21,22,Q5JTV8,S,143,21,TOR1AIP1
Q92614|2020|S|21,22,Q92614,S,2020,21,MYO18A
Q96C19|74|S|21,22,Q96C19,S,74,21,EFHD2
Q8IYB3|429|S|21,22,Q8IYB3,S,429,21,SRRM1
O76094|637|S|21,22,O76094,S,637,21,SRP72
Q96RK0|2282|S|21,22,Q96RK0,S,2282,21,CIC
Q8NEY8|204|T|21,22,Q8NEY8,T,204,21,PPHLN1
Q13557|331|T|21,22,Q13557,T,331,21,CAMK2D
P49407|412|S|21,22,P49407,S,412,21,ARRB1
Q86X27|329|S|21,22,Q86X27,S,329,21,RALGPS2
Q15149|4613|S|21,22,Q15149,S,4613,21,PLEC
Q9UKV3|838|S|21,22,Q9UKV3,S,838,21,ACIN1
P29590|505|S|21,22,P29590,S,505,21,PML
Q92614|1970|S|21,22,Q92614,S,1970,21,MYO18A
Q16666|168|S|21,22,Q16666,S,168,21,IFI16
O76094|635|S|21,22,O76094,S,635,21,SRP72
Q13557|330|S|21,22,Q13557,S,330,21,CAMK2D
P36507|394|T|21,22,P36507,T,394,21,MAP2K2
Q4KMP7|678|S|21,22,Q4KMP7,S,678,21,TBC1D10B
P41162|404|T|21,22,P41162,T,404,21,ETV3
Q09666|5448|S|21,22,Q09666,S,5448,21,AHNAK
Q8IVF2|842|S|21,22,Q8IVF2,S,842,21,AHNAK2
Q01831|94|S|21,22,Q01831,S,94,21,XPC
P48681|355|S|21,22,P48681,S,355,21,NES
P50613|164|S|21,22,P50613,S,164,21,CDK7
Q92614|2006|S|21,22,Q92614,S,2006,21,MYO18A
Q9H7D0|1781|S|21,22,Q9H7D0,S,1781,21,DOCK5
Q9H7D0|1789|S|21,22,Q9H7D0,S,1789,21,DOCK5
P61978|216|S|21,22,P61978,S,216,21,HNRNPK
Q9UJU6|270|T|21,22,Q9UJU6,T,270,21,DBNL
O15438|911|S|21,22,O15438,S,911,21,ABCC3
O15438|908|S|21,22,O15438,S,908,21,ABCC3
Q9UHD8|142|T|21,22,Q9UHD8,T,142,21,SEPTIN9
P50613|170|T|21,22,P50613,T,170,21,CDK7
Q92466|26|S|21,22,Q92466,S,26,21,DDB2
Q07157|125|S|21,22,Q07157,S,125,21,TJP1
Q92614|2002|S|21,22,Q92614,S,2002,21,MYO18A
Q9H1B7|547|S|21,22,Q9H1B7,S,547,21,IRF2BPL
Q96RK0|2291|S|21,22,Q96RK0,S,2291,21,CIC
Q9Y6X4|615|S|21,22,Q9Y6X4,S,615,21,FAM169A
P07355|19|T|21,22,P07355,T,19,21,ANXA2
Q8WWI1|804|Y|21,22,Q8WWI1,Y,804,21,LMO7
Q09666|5824|T|21,22,Q09666,T,5824,21,AHNAK
P48681|352|S|21,22,P48681,S,352,21,NES
O15234|148|S|21,22,O15234,S,148,21,CASC3
P53396|453|T|21,22,P53396,T,453,21,ACLY
P10636|717|S|21,23,P10636,S,717,21,MAPT
Q96ST2|252|S|21,23,Q96ST2,S,252,21,IWS1
O75676|347|S|21,23,O75676,S,347,21,RPS6KA4
P11387|111|S|21,23,P11387,S,111,21,TOP1
Q8WWY3|450|S|21,23,Q8WWY3,S,450,21,PRPF31
P51636|20|S|21,23,P51636,S,20,21,CAV2
Q96J02|240|S|21,23,Q96J02,S,240,21,ITCH
Q9UKV3|216|S|21,23,Q9UKV3,S,216,21,ACIN1
Q8ND56|183|S|21,23,Q8ND56,S,183,21,LSM14A
Q9H307|381|S|21,23,Q9H307,S,381,21,PNN
Q15149|4622|S|21,23,Q15149,S,4622,21,PLEC
Q13428|1111|S|21,23,Q13428,S,1111,21,TCOF1
Q8WWY3|451|S|21,23,Q8WWY3,S,451,21,PRPF31
P33527|917|S|21,23,P33527,S,917,21,ABCC1
Q4KMP7|658|S|21,23,Q4KMP7,S,658,21,TBC1D10B
P11387|10|S|21,23,P11387,S,10,21,TOP1
Q6WCQ1|292|S|21,23,Q6WCQ1,S,292,21,MPRIP
Q6WCQ1|220|S|21,23,Q6WCQ1,S,220,21,MPRIP
Q92614|1070|S|21,23,Q92614,S,1070,21,MYO18A
P22059|351|S|21,23,P22059,S,351,21,OSBP
P33527|918|S|21,23,P33527,S,918,21,ABCC1
Q9BPY3|3|S|21,23,Q9BPY3,S,3,21,FAM118B
P10636|720|T|21,23,P10636,T,720,21,MAPT
Q9BPY3|9|S|21,23,Q9BPY3,S,9,21,FAM118B
Q15424|195|S|21,23,Q15424,S,195,21,SAFB
Q9BPY3|6|S|21,23,Q9BPY3,S,6,21,FAM118B
O00567|570|S|21,23,O00567,S,570,21,NOP56
P51636|23|S|21,23,P51636,S,23,21,CAV2
Q92614|1076|S|21,23,Q92614,S,1076,21,MYO18A
P52948|623|S|21,23,P52948,S,623,21,NUP98
Q15149|4623|T|21,23,Q15149,T,4623,21,PLEC
Q6PJG2|709|S|21,23,Q6PJG2,S,709,21,MIDEAS
Q15424|197|S|21,23,Q15424,S,197,21,SAFB
Q27J81|1147|S|21,23,Q27J81,S,1147,21,INF2
Q6WCQ1|224|S|21,23,Q6WCQ1,S,224,21,MPRIP
P08670|458|T|21,23,P08670,T,458,21,VIM
Q99543|60|S|21,23,Q99543,S,60,21,DNAJC2
Q9UKV3|478|S|21,23,Q9UKV3,S,478,21,ACIN1
P10636|713|S|21,23,P10636,S,713,21,MAPT
P10636|721|S|21,23,P10636,S,721,21,MAPT
Q9H501|657|S|21,23,Q9H501,S,657,21,ESF1
Q15149|4630|S|21,23,Q15149,S,4630,21,PLEC
Q9Y6M1|164|S|21,23,Q9Y6M1,S,164,21,IGF2BP2
Q63ZY3|171|S|21,23,Q63ZY3,S,171,21,KANK2
Q8ND56|182|S|21,23,Q8ND56,S,182,21,LSM14A
Q9Y5K6|510|S|21,23,Q9Y5K6,S,510,21,CD2AP
Q9Y5K6|514|S|21,23,Q9Y5K6,S,514,21,CD2AP
Q99543|63|S|21,23,Q99543,S,63,21,DNAJC2
Q96TC7|50|S|21,23,Q96TC7,S,50,21,RMDN3
Q9H6Z4|124|T|21,23,Q9H6Z4,T,124,21,RANBP3
O95819|805|S|21,23,O95819,S,805,21,MAP4K4
Q4KMP7|661|S|21,23,Q4KMP7,S,661,21,TBC1D10B
Q63ZY3|172|S|21,23,Q63ZY3,S,172,21,KANK2
Q15751|1521|S|21,23,Q15751,S,1521,21,HERC1
Q15149|4626|S|21,23,Q15149,S,4626,21,PLEC
Q92614|1068|S|21,23,Q92614,S,1068,21,MYO18A
Q6WCQ1|226|S|21,23,Q6WCQ1,S,226,21,MPRIP
Q6WCQ1|289|S|21,23,Q6WCQ1,S,289,21,MPRIP
P49585|343|S|21,23,P49585,S,343,21,PCYT1A
P17096|9|S|21,23,P17096,S,9,21,HMGA1
Q99733|12|S|21,23,Q99733,S,12,21,NAP1L4
Q8IWS0|145|S|21,23,Q8IWS0,S,145,21,PHF6
Q09666|5731|S|21,23,Q09666,S,5731,21,AHNAK
Q15149|4389|S|21,23,Q15149,S,4389,21,PLEC
Q09666|5793|S|21,23,Q09666,S,5793,21,AHNAK
Q7L014|804|S|21,23,Q7L014,S,804,21,DDX46
O00567|569|S|21,23,O00567,S,569,21,NOP56
Q12929|662|S|21,23,Q12929,S,662,21,EPS8
Q13586|660|S|21,23,Q13586,S,660,21,STIM1
Q92614|1067|S|21,23,Q92614,S,1067,21,MYO18A
Q92614|1069|S|21,23,Q92614,S,1069,21,MYO18A
Q09666|5841|S|21,23,Q09666,S,5841,21,AHNAK
P46821|1016|S|21,23,P46821,S,1016,21,MAP1B
Q9C0C2|1385|S|21,23,Q9C0C2,S,1385,21,TNKS1BP1
Q86SQ0|418|S|21,23,Q86SQ0,S,418,21,PHLDB2
Q9Y5S2|1690|S|21,23,Q9Y5S2,S,1690,21,CDC42BPB
Q15424|196|S|21,23,Q15424,S,196,21,SAFB
Q6PJG2|700|S|21,23,Q6PJG2,S,700,21,MIDEAS
Q9H501|663|S|21,23,Q9H501,S,663,21,ESF1
P33527|916|S|21,23,P33527,S,916,21,ABCC1
P33527|919|S|21,23,P33527,S,919,21,ABCC1
Q86YS7|281|S|21,23,Q86YS7,S,281,21,C2CD5
Q9UKV3|482|S|21,23,Q9UKV3,S,482,21,ACIN1
Q27J81|1149|S|21,23,Q27J81,S,1149,21,INF2
Q15751|1517|S|21,23,Q15751,S,1517,21,HERC1
P11387|112|S|21,23,P11387,S,112,21,TOP1
P51636|18|S|21,23,P51636,S,18,21,CAV2
Q09666|5790|S|21,23,Q09666,S,5790,21,AHNAK
Q4KMP7|657|S|21,23,Q4KMP7,S,657,21,TBC1D10B
Q9UHF7|1081|S|21,23,Q9UHF7,S,1081,21,TRPS1
P49585|347|S|21,23,P49585,S,347,21,PCYT1A
P33527|920|Y|21,23,P33527,Y,920,21,ABCC1
P10809|269|K|34,24,P10809,K,269,34,HSPD1
P23528|146|R|7,24,P23528,R,146,7,CFL1
P55084|95|K|34,24,P55084,K,95,34,HADHB
P07737|75|R|7,24,P07737,R,75,7,PFN1
P08670|294|K|1,24,P08670,K,294,1,VIM
P07148|31|K|34,24,P07148,K,31,34,FABP1
Q14651|566|R|7,24,Q14651,R,566,7,PLS1
P27797|62|K|1,24,P27797,K,62,1,CALR
Q9GZZ1|34|K|1,24,Q9GZZ1,K,34,1,NAA50
Q05639|134|R|7,24,Q05639,R,134,7,EEF1A2
P60174|99|R|7,24,P60174,R,99,7,TPI1
P12956|461|K|1,24,P12956,K,461,1,XRCC6
P07437|162|R|7,24,P07437,R,162,7,TUBB
P05141|23|K|1,24,P05141,K,23,1,SLC25A5
P48047|117|R|7,24,P48047,R,117,7,ATP5PO
P62805|92|K|1,24,P62805,K,92,1,H4C1
P16401|57|R|7,24,P16401,R,57,7,H1
P16104|119|K|34,24,P16104,K,119,34,H2AX
P11021|96|K|34,24,P11021,K,96,34,HSPA5
P60709|95|R|7,24,P60709,R,95,7,ACTB
P35749|1308|K|34,24,P35749,K,1308,34,MYH11
P09382|128|K|1,24,P09382,K,128,1,LGALS1
P11021|510|R|7,24,P11021,R,510,7,HSPA5
P20674|149|K|34,24,P20674,K,149,34,COX5A
P08670|223|K|34,24,P08670,K,223,34,VIM
P00338|57|K|34,24,P00338,K,57,34,LDHA
P04350|2|R|7,24,P04350,R,2,7,TUBB4A
P06730|173|R|7,24,P06730,R,173,7,EIF4E
P12236|105|K|1,24,P12236,K,105,1,SLC25A6
P49327|1582|K|1,24,P49327,K,1582,1,FASN
P35579|1145|K|34,24,P35579,K,1145,34,MYH9
Q92793|1711|K|1,24,Q92793,K,1711,1,CREBBP
P62805|17|K|1,24,P62805,K,17,1,H4C1
P62805|68|R|7,24,P62805,R,68,7,H4C1
P68133|63|K|1,24,P68133,K,63,1,ACTA1
P20700|167|K|34,24,P20700,K,167,34,LMNB1
P04406|323|R|7,24,P04406,R,323,7,GAPDH
P14625|702|K|34,24,P14625,K,702,34,HSP90B1
Q562R1|192|K|1,24,Q562R1,K,192,1,ACTBL2
Q9GZZ1|37|K|1,24,Q9GZZ1,K,37,1,NAA50
P62269|94|K|1,24,P62269,K,94,1,RPS18
P07237|436|K|34,24,P07237,K,436,34,P4HB
P55010|288|K|34,24,P55010,K,288,34,EIF5
Q9UNL4|127|K|1,24,Q9UNL4,K,127,1,ING4
P60174|100|R|7,24,P60174,R,100,7,TPI1
P36578|364|K|34,24,P36578,K,364,34,RPL4
P04406|227|K|1,24,P04406,K,227,1,GAPDH
P62805|60|K|34,24,P62805,K,60,34,H4C1
P22626|173|K|1,24,P22626,K,173,1,HNRNPA2B1
Q9Y6N5|135|K|1,24,Q9Y6N5,K,135,1,SQOR
Q9H6S3|695|S|21,24,Q9H6S3,S,695,21,EPS8L2
Q8WW12|139|T|21,24,Q8WW12,T,139,21,PCNP
P13693|21|R|7,24,P13693,R,21,7,TPT1
P40939|505|K|1,24,P40939,K,505,1,HADHA
P12236|23|K|1,24,P12236,K,23,1,SLC25A6
P27824|401|K|34,24,P27824,K,401,34,CANX
P08238|652|K|34,24,P08238,K,652,34,HSP90AB1
P62979|54|R|7,24,P62979,R,54,7,RPS27A
P04406|219|K|1,24,P04406,K,219,1,GAPDH
P08670|188|K|1,24,P08670,K,188,1,VIM
P23528|73|K|34,24,P23528,K,73,34,CFL1
P08670|235|K|1,24,P08670,K,235,1,VIM
Q92793|1744|K|1,24,Q92793,K,1744,1,CREBBP
P04075|147|K|1,24,P04075,K,147,1,ALDOA
Q00839|814|K|1,24,Q00839,K,814,1,HNRNPU
P04406|139|K|1,24,P04406,K,139,1,GAPDH
P05783|214|K|34,24,P05783,K,214,34,KRT18
P36578|49|R|7,24,P36578,R,49,7,RPL4
P14625|708|K|34,24,P14625,K,708,34,HSP90B1
P01834|24|S|21,24,P01834,S,24,21,IGKC
P06576|451|K|34,24,P06576,K,451,34,ATP5F1B
P10412|17|K|1,24,P10412,K,17,1,H1
Q9H0C2|104|K|1,24,Q9H0C2,K,104,1,SLC25A31
Q9H6S3|693|S|21,24,Q9H6S3,S,693,21,EPS8L2
O43707|417|K|1,24,O43707,K,417,1,ACTN4
P35914|48|K|1,24,P35914,K,48,1,HMGCL
P68133|328|K|1,24,P68133,K,328,1,ACTA1
P51884|216|K|34,24,P51884,K,216,34,LUM
A8K7I4|670|R|7,24,A8K7I4,R,670,7,CLCA1
P26583|24|R|7,24,P26583,R,24,7,HMGB2
P00338|118|K|1,24,P00338,K,118,1,LDHA
P07900|87|R|7,24,P07900,R,87,7,HSP90AA1
P12109|148|K|34,24,P12109,K,148,34,COL6A1
P09651|166|K|1,24,P09651,K,166,1,HNRNPA1
P60709|68|K|1,24,P60709,K,68,1,ACTB
P09382|49|R|7,24,P09382,R,49,7,LGALS1
P07737|72|S|23,24,P07737,S,72,23,PFN1
A0FGR8|761|S|21,25,A0FGR8,S,761,21,ESYT2
Q7Z460|559|S|21,25,Q7Z460,S,559,21,CLASP1
A0FGR8|758|S|21,25,A0FGR8,S,758,21,ESYT2
Q9GZR7|94|S|21,25,Q9GZR7,S,94,21,DDX24
Q86X95|199|Y|21,25,Q86X95,Y,199,21,CIRSR
O95251|104|T|21,25,O95251,T,104,21,KAT7
P06733|44|Y|21,25,P06733,Y,44,21,ENO1
Q15435|33|K|53,25,Q15435,K,33,53,PPP1R7
Q8IWX8|816|R|7,25,Q8IWX8,R,816,7,CHERP
Q6SPF0|157|T|21,25,Q6SPF0,T,157,21,SAMD1
Q8N0Y7|119|Y|21,25,Q8N0Y7,Y,119,21,PGAM4
Q9GZR7|92|S|21,25,Q9GZR7,S,92,21,DDX24
P52756|620|Y|21,25,P52756,Y,620,21,RBM5
P98175|65|S|21,25,P98175,S,65,21,RBM10
Q96ST2|198|S|21,25,Q96ST2,S,198,21,IWS1
Q9UBW5|460|R|7,25,Q9UBW5,R,460,7,BIN2
Q96KQ7|114|K|37,25,Q96KQ7,K,114,37,EHMT2
Q12888|380|S|21,25,Q12888,S,380,21,TP53BP1
Q9BZL6|197|S|21,25,Q9BZL6,S,197,21,PRKD2
A0FGR8|755|S|21,25,A0FGR8,S,755,21,ESYT2
Q5TAQ9|134|R|7,25,Q5TAQ9,R,134,7,DCAF8
Q6P2E9|729|S|21,25,Q6P2E9,S,729,21,EDC4
P35659|297|S|21,25,P35659,S,297,21,DEK
P35659|296|S|21,25,P35659,S,296,21,DEK
Q1KMD3|160|R|7,25,Q1KMD3,R,160,7,HNRNPUL2
O14974|446|Y|21,25,O14974,Y,446,21,PPP1R12A
Q9UHD8|84|R|7,25,Q9UHD8,R,84,7,SEPTIN9
Q14134|21|S|21,25,Q14134,S,21,21,TRIM29
Q8TEK3|902|S|21,25,Q8TEK3,S,902,21,DOT1L
P35236|44|S|21,25,P35236,S,44,21,PTPN7
O15075|347|S|21,25,O15075,S,347,21,DCLK1
Q7Z460|556|S|21,25,Q7Z460,S,556,21,CLASP1
Q96ST2|196|S|21,25,Q96ST2,S,196,21,IWS1
Q15435|34|K|53,25,Q15435,K,34,53,PPP1R7
O75376|2187|S|21,25,O75376,S,2187,21,NCOR1
Q9NPI6|522|S|21,25,Q9NPI6,S,522,21,DCP1A
O75151|877|Y|21,25,O75151,Y,877,21,PHF2
Q9H8G2|312|S|21,25,Q9H8G2,S,312,21,CAAP1
O95453|557|S|21,25,O95453,S,557,21,PARN
Q6P2E9|727|T|21,25,Q6P2E9,T,727,21,EDC4
P42166|150|R|7,25,P42166,R,150,7,TMPO
Q14687|826|S|21,25,Q14687,S,826,21,GSE1
P98175|61|S|21,25,P98175,S,61,21,RBM10
Q8TEK3|899|S|21,25,Q8TEK3,S,899,21,DOT1L
Q9GZR7|93|S|21,25,Q9GZR7,S,93,21,DDX24
Q6P6C2|384|S|21,25,Q6P6C2,S,384,21,ALKBH5
Q7Z460|558|S|21,25,Q7Z460,S,558,21,CLASP1
Q00613|317|R|7,25,Q00613,R,317,7,HSF1
Q9UHD8|82|S|21,25,Q9UHD8,S,82,21,SEPTIN9
Q96T23|628|T|21,25,Q96T23,T,628,21,RSF1
P46100|784|S|21,25,P46100,S,784,21,ATRX
Q7Z6Z7|1905|T|21,25,Q7Z6Z7,T,1905,21,HUWE1
P23588|494|R|7,25,P23588,R,494,7,EIF4B
P23588|495|S|21,25,P23588,S,495,21,EIF4B
P23588|497|S|21,25,P23588,S,497,21,EIF4B
Q9BZL6|199|T|21,25,Q9BZL6,T,199,21,PRKD2
Q6GYQ0|861|S|21,25,Q6GYQ0,S,861,21,RALGAPA1
Q14687|828|S|21,25,Q14687,S,828,21,GSE1
Q8TEK3|900|T|21,25,Q8TEK3,T,900,21,DOT1L
Q9NRA8|564|S|21,25,Q9NRA8,S,564,21,EIF4ENIF1
P61978|389|T|21,25,P61978,T,389,21,HNRNPK
Q6JBY9|108|S|21,25,Q6JBY9,S,108,21,RCSD1
Q9UQ35|1577|S|21,25,Q9UQ35,S,1577,21,SRRM2
Q15435|35|H|53,25,Q15435,H,35,53,PPP1R7
P16949|16|S|21,25,P16949,S,16,21,STMN1
O15075|352|S|21,25,O15075,S,352,21,DCLK1
P98175|60|S|21,25,P98175,S,60,21,RBM10
Q9UKV3|386|S|21,25,Q9UKV3,S,386,21,ACIN1
P23443|447|S|21,25,P23443,S,447,21,RPS6KB1
P35251|67|Y|21,25,P35251,Y,67,21,RFC1
Q8IXQ4|105|S|21,25,Q8IXQ4,S,105,21,GPALPP1
O75122|596|S|21,25,O75122,S,596,21,CLASP2
Q14694|78|S|21,25,Q14694,S,78,21,USP10
Q96JM3|626|S|21,25,Q96JM3,S,626,21,CHAMP1
Q96NE9|509|S|21,25,Q96NE9,S,509,21,FRMD6
Q15154|535|Y|21,25,Q15154,Y,535,21,PCM1
Q3B726|300|S|21,25,Q3B726,S,300,21,POLR1F
P23588|419|R|7,25,P23588,R,419,7,EIF4B
Q9BZL6|198|S|21,25,Q9BZL6,S,198,21,PRKD2
Q4V328|699|R|7,25,Q4V328,R,699,7,GRIPAP1
Q8IWX8|814|R|7,25,Q8IWX8,R,814,7,CHERP
P05387|16|S|21,25,P05387,S,16,21,RPLP2
Q00587|121|S|21,26,Q00587,S,121,21,CDC42EP1
O14745|315|S|21,26,O14745,S,315,21,NHERF1
P29692|119|S|21,26,P29692,S,119,21,EEF1D
P07355|12|S|21,26,P07355,S,12,21,ANXA2
Q641Q2|697|S|21,26,Q641Q2,S,697,21,WASHC2A
Q9NYV4|383|S|21,26,Q9NYV4,S,383,21,CDK12
Q15262|856|S|21,26,Q15262,S,856,21,PTPRK
Q09666|559|S|21,26,Q09666,S,559,21,AHNAK
P29692|118|S|21,26,P29692,S,118,21,EEF1D
Q7Z2W4|378|S|21,26,Q7Z2W4,S,378,21,ZC3HAV1
Q641Q2|704|S|21,26,Q641Q2,S,704,21,WASHC2A
Q13435|360|S|21,26,Q13435,S,360,21,SF3B2
Q96KB5|32|S|21,26,Q96KB5,S,32,21,PBK
Q16543|13|S|21,26,Q16543,S,13,21,CDC37
Q86U86|371|S|21,26,Q86U86,S,371,21,PBRM1
Q641Q2|700|S|21,26,Q641Q2,S,700,21,WASHC2A
P46937|164|S|21,26,P46937,S,164,21,YAP1
P02545|417|K|53,26,P02545,K,417,53,LMNA
P46100|1237|S|21,26,P46100,S,1237,21,ATRX
Q9P0K7|341|S|21,26,Q9P0K7,S,341,21,RAI14
Q9H1A4|51|S|21,26,Q9H1A4,S,51,21,ANAPC1
P19338|491|S|21,26,P19338,S,491,21,NCL
P46100|1244|S|21,26,P46100,S,1244,21,ATRX
Q8N556|711|S|21,26,Q8N556,S,711,21,AFAP1
Q5SRE5|1709|S|21,26,Q5SRE5,S,1709,21,NUP188
Q9P0K7|340|S|21,26,Q9P0K7,S,340,21,RAI14
O14745|316|S|21,26,O14745,S,316,21,NHERF1
O14745|317|S|21,26,O14745,S,317,21,NHERF1
Q92625|626|S|21,26,Q92625,S,626,21,ANKS1A
Q7Z2W4|393|T|21,26,Q7Z2W4,T,393,21,ZC3HAV1
P46100|1236|S|21,26,P46100,S,1236,21,ATRX
Q16543|5|S|21,26,Q16543,S,5,21,CDC37
Q9BTC0|1040|S|21,26,Q9BTC0,S,1040,21,DIDO1
Q9BTC0|1034|S|21,26,Q9BTC0,S,1034,21,DIDO1
Q9P0K7|335|S|21,26,Q9P0K7,S,335,21,RAI14
P08670|83|S|21,26,P08670,S,83,21,VIM
Q9UQ35|367|T|21,26,Q9UQ35,T,367,21,SRRM2
Q9NYV4|385|S|21,26,Q9NYV4,S,385,21,CDK12
Q15742|162|S|21,26,Q15742,S,162,21,NAB2
Q14676|331|T|21,26,Q14676,T,331,21,MDC1
Q7Z2W4|387|S|21,26,Q7Z2W4,S,387,21,ZC3HAV1
Q5SRE5|1708|S|21,26,Q5SRE5,S,1708,21,NUP188
Q9NUL3|492|S|21,26,Q9NUL3,S,492,21,STAU2
Q8NC51|234|S|21,26,Q8NC51,S,234,21,SERBP1
Q92625|624|S|21,26,Q92625,S,624,21,ANKS1A
Q14676|329|S|21,26,Q14676,S,329,21,MDC1
Q86W92|37|S|21,26,Q86W92,S,37,21,PPFIBP1
O14745|313|S|21,26,O14745,S,313,21,NHERF1
O75367|140|S|21,26,O75367,S,140,21,MACROH2A1
Q92625|628|S|21,26,Q92625,S,628,21,ANKS1A
Q9UQ35|848|T|21,26,Q9UQ35,T,848,21,SRRM2
P42167|208|T|21,26,P42167,T,208,21,TMPO
Q9P0K7|329|S|21,26,Q9P0K7,S,329,21,RAI14
Q9BTX1|500|S|21,26,Q9BTX1,S,500,21,NDC1
Q13895|167|S|21,26,Q13895,S,167,21,BYSL
Q9H1A4|60|S|21,26,Q9H1A4,S,60,21,ANAPC1
P16949|31|S|23,26,P16949,S,31,23,STMN1
Q9BTC0|1038|S|21,26,Q9BTC0,S,1038,21,DIDO1
O75717|333|S|21,26,O75717,S,333,21,WDHD1
P62805|48|S|21,26,P62805,S,48,21,H4C1
Q7Z2W4|386|S|21,26,Q7Z2W4,S,386,21,ZC3HAV1
O43432|1582|S|21,26,O43432,S,1582,21,EIF4G3
Q02880|1581|S|21,26,Q02880,S,1581,21,TOP2B
O14745|312|S|21,26,O14745,S,312,21,NHERF1
Q5SRE5|1717|S|21,26,Q5SRE5,S,1717,21,NUP188
Q08378|393|S|21,26,Q08378,S,393,21,GOLGA3
Q9NQG6|55|S|21,26,Q9NQG6,S,55,21,MIEF1
O60293|655|S|21,26,O60293,S,655,21,ZFC3H1
Q9H1A4|50|S|21,26,Q9H1A4,S,50,21,ANAPC1
O14745|308|S|21,26,O14745,S,308,21,NHERF1
Q8N556|714|R|7,26,Q8N556,R,714,7,AFAP1
Q13435|362|S|21,26,Q13435,S,362,21,SF3B2
Q8N3U4|1056|T|21,26,Q8N3U4,T,1056,21,STAG2
Q96G03|165|S|21,26,Q96G03,S,165,21,PGM2
Q8IU85|180|T|21,26,Q8IU85,T,180,21,CAMK1D
P46100|1245|S|21,26,P46100,S,1245,21,ATRX
Q9Y6N7|1442|S|21,27,Q9Y6N7,S,1442,21,ROBO1
Q96GE4|451|S|21,27,Q96GE4,S,451,21,CEP95
Q8WWY3|446|S|21,27,Q8WWY3,S,446,21,PRPF31
O75592|2789|S|21,27,O75592,S,2789,21,MYCBP2
P31040|98|S|21,27,P31040,S,98,21,SDHA
O43166|1565|S|21,27,O43166,S,1565,21,SIPA1L1
Q13330|576|S|21,27,Q13330,S,576,21,MTA1
Q9UHB7|176|S|21,27,Q9UHB7,S,176,21,AFF4
P08670|420|S|21,27,P08670,S,420,21,VIM
P04792|98|S|21,27,P04792,S,98,21,HSPB1
Q9UHB7|180|S|21,27,Q9UHB7,S,180,21,AFF4
Q9P206|862|S|21,27,Q9P206,S,862,21,NHSL3
P28370|116|S|21,27,P28370,S,116,21,SMARCA1
Q09666|3412|S|21,27,Q09666,S,3412,21,AHNAK
O43166|1568|S|21,27,O43166,S,1568,21,SIPA1L1
Q15172|49|S|21,27,Q15172,S,49,21,PPP2R5A
P37837|145|S|21,27,P37837,S,145,21,TALDO1
Q8WWY3|445|S|21,27,Q8WWY3,S,445,21,PRPF31
P21796|104|S|21,27,P21796,S,104,21,VDAC1
Q9UGP4|323|S|21,27,Q9UGP4,S,323,21,LIMD1
P37275|322|S|21,27,P37275,S,322,21,ZEB1
O60934|432|S|21,27,O60934,S,432,21,NBN
Q16537|38|S|21,27,Q16537,S,38,21,PPP2R5E
Q14432|523|S|21,27,Q14432,S,523,21,PDE3A
P46821|1819|S|21,27,P46821,S,1819,21,MAP1B
Q8N9M1|151|S|21,27,Q8N9M1,S,151,21,C19orf47
P05387|17|S|21,27,P05387,S,17,21,RPLP2
P19525|92|S|21,27,P19525,S,92,21,EIF2AK2
P08708|115|S|21,27,P08708,S,115,21,RPS17
Q9UGP4|327|S|21,27,Q9UGP4,S,327,21,LIMD1
Q9UPQ0|493|S|21,27,Q9UPQ0,S,493,21,LIMCH1
Q8TEW0|889|S|21,27,Q8TEW0,S,889,21,PARD3
Q13330|562|S|21,27,Q13330,S,562,21,MTA1
Q16537|32|S|21,27,Q16537,S,32,21,PPP2R5E
Q8TDD1|75|S|21,27,Q8TDD1,S,75,21,DDX54
Q8TEW0|892|S|21,27,Q8TEW0,S,892,21,PARD3
P49023|332|S|21,27,P49023,S,332,21,PXN
P04792|86|S|21,27,P04792,S,86,21,HSPB1
P46821|1816|S|21,27,P46821,S,1816,21,MAP1B
Q15172|42|S|21,27,Q15172,S,42,21,PPP2R5A
Q15149|4382|S|21,27,Q15149,S,4382,21,PLEC
Q16537|34|S|21,27,Q16537,S,34,21,PPP2R5E
P37275|313|S|21,27,P37275,S,313,21,ZEB1
P46821|1818|S|21,27,P46821,S,1818,21,MAP1B
P61073|321|S|21,27,P61073,S,321,21,CXCR4
Q15043|311|S|21,27,Q15043,S,311,21,SLC39A14
Q00839|192|S|21,27,Q00839,S,192,21,HNRNPU
P30530|612|S|21,27,P30530,S,612,21,AXL
Q15172|41|S|21,27,Q15172,S,41,21,PPP2R5A
P37837|144|S|21,27,P37837,S,144,21,TALDO1
Q13428|583|S|21,27,Q13428,S,583,21,TCOF1
Q14181|141|S|21,27,Q14181,S,141,21,POLA2
Q6Y7W6|23|S|21,27,Q6Y7W6,S,23,21,GIGYF2
Q9Y679|288|S|21,27,Q9Y679,S,288,21,AUP1
Q15942|281|S|21,27,Q15942,S,281,21,ZYX
Q00839|187|S|21,27,Q00839,S,187,21,HNRNPU
Q9BVC5|184|S|21,27,Q9BVC5,S,184,21,C2orf49
P04406|184|T|21,27,P04406,T,184,21,GAPDH
Q14432|524|S|21,27,Q14432,S,524,21,PDE3A
P49023|322|S|21,27,P49023,S,322,21,PXN
Q00839|188|S|21,27,Q00839,S,188,21,HNRNPU
Q14432|520|S|21,27,Q14432,S,520,21,PDE3A
Q16537|41|K|53,27,Q16537,K,41,53,PPP2R5E
P08708|113|S|21,27,P08708,S,113,21,RPS17
Q16537|33|S|21,27,Q16537,S,33,21,PPP2R5E
Q5SW79|838|S|21,27,Q5SW79,S,838,21,CEP170
Q8WUA4|895|T|21,27,Q8WUA4,T,895,21,GTF3C2
P28370|119|S|21,27,P28370,S,119,21,SMARCA1
Q15172|46|S|21,27,Q15172,S,46,21,PPP2R5A
P46821|1817|S|21,27,P46821,S,1817,21,MAP1B
P08670|419|S|21,27,P08670,S,419,21,VIM
Q9UHB7|178|S|21,27,Q9UHB7,S,178,21,AFF4
P04406|151|S|21,27,P04406,S,151,21,GAPDH
Q9UHB7|179|S|21,27,Q9UHB7,S,179,21,AFF4
Q13136|693|S|21,27,Q13136,S,693,21,PPFIA1
Q8IYB3|562|S|21,28,Q8IYB3,S,562,21,SRRM1
Q9P2M7|153|S|21,28,Q9P2M7,S,153,21,CGN
P62979|65|S|21,28,P62979,S,65,21,RPS27A
P43358|89|S|21,28,P43358,S,89,21,MAGEA4
Q9NYF8|276|S|21,28,Q9NYF8,S,276,21,BCLAF1
Q5CZC0|2797|S|21,28,Q5CZC0,S,2797,21,FSIP2
C9JLW8|26|S|21,28,C9JLW8,S,26,21,MCRIP1
Q99879|35|K|1,28,Q99879,K,35,1,H2BC14
P55884|119|S|21,28,P55884,S,119,21,EIF3B
P62805|80|K|1,28,P62805,K,80,1,H4C1
O43707|886|Y|23,28,O43707,Y,886,23,ACTN4
Q15269|664|T|23,28,Q15269,T,664,23,PWP2
P43358|88|S|21,28,P43358,S,88,21,MAGEA4
P01859|105|E|299,28,P01859,E,105,299,IGHG2
P43358|90|S|21,28,P43358,S,90,21,MAGEA4
P04406|139|K|53,28,P04406,K,139,53,GAPDH
Q14103|272|R|34,28,Q14103,R,272,34,HNRNPD
Q96Q15|3570|S|21,28,Q96Q15,S,3570,21,SMG1
Q8IYB3|465|S|21,28,Q8IYB3,S,465,21,SRRM1
P46013|357|S|21,28,P46013,S,357,21,MKI67
C9JLW8|25|S|21,28,C9JLW8,S,25,21,MCRIP1
Q5CZC0|2796|S|21,28,Q5CZC0,S,2796,21,FSIP2
P55884|442|T|23,28,P55884,T,442,23,EIF3B
O76021|427|S|21,28,O76021,S,427,21,RSL1D1
P06748|279|T|23,28,P06748,T,279,23,NPM1
Q5VTE0|408|K|299,28,Q5VTE0,K,408,299,EEF1A1P5
P62979|55|T|21,28,P62979,T,55,21,RPS27A
Q92804|206|R|36,28,Q92804,R,206,36,TAF15
P27708|1828|S|21,28,P27708,S,1828,21,CAD
Q92522|31|S|21,28,Q92522,S,31,21,H1
P04083|319|Y|23,28,P04083,Y,319,23,ANXA1
Q8IYB3|560|S|21,28,Q8IYB3,S,560,21,SRRM1
Q9UQ35|383|T|21,28,Q9UQ35,T,383,21,SRRM2
Q8IVT2|156|S|21,28,Q8IVT2,S,156,21,MISP
Q562R1|240|S|21,28,Q562R1,S,240,21,ACTBL2
Q9NRY4|1127|S|21,28,Q9NRY4,S,1127,21,ARHGAP35
P16401|9|T|21,28,P16401,T,9,21,H1
Q01518|295|S|21,28,Q01518,S,295,21,CAP1
P18583|1774|S|21,28,P18583,S,1774,21,SON
Q8N122|877|S|21,28,Q8N122,S,877,21,RPTOR
O00567|476|S|21,28,O00567,S,476,21,NOP56
P04406|137|H|53,28,P04406,H,137,53,GAPDH
Q96Q15|3573|T|21,28,Q96Q15,T,3573,21,SMG1
P04406|80|R|7,28,P04406,R,80,7,GAPDH
P69905|17|K|299,28,P69905,K,17,299,HBA1
Q562R1|245|D|299,28,Q562R1,D,245,299,ACTBL2
Q9H4Z3|137|T|21,28,Q9H4Z3,T,137,21,PCIF1
Q13428|381|S|21,28,Q13428,S,381,21,TCOF1
Q9P2M7|155|S|21,28,Q9P2M7,S,155,21,CGN
Q9UQ35|333|S|21,28,Q9UQ35,S,333,21,SRRM2
P05455|367|D|299,28,P05455,D,367,299,SSB
Q9UQ35|384|T|21,28,Q9UQ35,T,384,21,SRRM2
Q9UQ35|332|S|21,28,Q9UQ35,S,332,21,SRRM2
P04406|215|K|1,28,P04406,K,215,1,GAPDH
Q5CZC0|2802|S|21,28,Q5CZC0,S,2802,21,FSIP2
P60709|312|R|7,28,P60709,R,312,7,ACTB
Q9UPQ0|225|S|21,28,Q9UPQ0,S,225,21,LIMCH1
O60832|467|K|53,28,O60832,K,467,53,DKC1
Q9NYF8|274|S|21,28,Q9NYF8,S,274,21,BCLAF1
Q9C0C2|712|S|21,28,Q9C0C2,S,712,21,TNKS1BP1
Q8N8A6|83|S|21,28,Q8N8A6,S,83,21,DDX51
Q9H6F5|58|S|21,28,Q9H6F5,S,58,21,CCDC86
C9JLW8|24|S|21,28,C9JLW8,S,24,21,MCRIP1
P06748|82|S|23,28,P06748,S,82,23,NPM1
Q8IYB3|463|S|21,28,Q8IYB3,S,463,21,SRRM1
Q9P2M7|150|S|21,28,Q9P2M7,S,150,21,CGN
Q8IVT2|471|S|21,28,Q8IVT2,S,471,21,MISP
Q9UN36|352|S|21,28,Q9UN36,S,352,21,NDRG2
P18583|1773|S|21,28,P18583,S,1773,21,SON
Q05639|107|S|21,28,Q05639,S,107,21,EEF1A2
O95831|176|S|23,28,O95831,S,176,23,AIFM1
P68133|52|K|64,28,P68133,K,52,64,ACTA1
Q9UN36|357|T|21,28,Q9UN36,T,357,21,NDRG2
P68133|55|Y|21,28,P68133,Y,55,21,ACTA1
Q4LE39|790|S|21,29,Q4LE39,S,790,21,ARID4B
P98175|89|S|21,29,P98175,S,89,21,RBM10
O96013|99|S|21,29,O96013,S,99,21,PAK4
Q9NZI8|181|S|21,29,Q9NZI8,S,181,21,IGF2BP1
Q6PD62|965|K|53,29,Q6PD62,K,965,53,CTR9
Q9BUJ2|677|R|7,29,Q9BUJ2,R,677,7,HNRNPUL1
Q92625|663|S|21,29,Q92625,S,663,21,ANKS1A
Q5T200|242|S|21,29,Q5T200,S,242,21,ZC3H13
Q8IYB3|696|S|21,29,Q8IYB3,S,696,21,SRRM1
Q15149|4612|Y|21,29,Q15149,Y,4612,21,PLEC
Q8IYB3|752|S|21,29,Q8IYB3,S,752,21,SRRM1
Q9NRY4|1179|S|21,29,Q9NRY4,S,1179,21,ARHGAP35
Q92614|728|S|21,29,Q92614,S,728,21,MYO18A
Q8WVC0|630|S|21,29,Q8WVC0,S,630,21,LEO1
Q8IYB3|695|S|21,29,Q8IYB3,S,695,21,SRRM1
Q02952|629|S|21,29,Q02952,S,629,21,AKAP12
P30405|43|S|21,29,P30405,S,43,21,PPIF
Q9NQG5|132|S|21,29,Q9NQG5,S,132,21,RPRD1B
P09651|357|Y|21,29,P09651,Y,357,21,HNRNPA1
P10412|2|S|21,29,P10412,S,2,21,H1
Q9P206|929|S|21,29,Q9P206,S,929,21,NHSL3
O94826|96|S|21,29,O94826,S,96,21,TOMM70
Q9BZZ5|462|S|21,29,Q9BZZ5,S,462,21,API5
O00567|564|K|53,29,O00567,K,564,53,NOP56
Q02952|631|K|53,29,Q02952,K,631,53,AKAP12
P30405|41|S|21,29,P30405,S,41,21,PPIF
Q8IYB3|756|S|21,29,Q8IYB3,S,756,21,SRRM1
Q9H307|100|S|21,29,Q9H307,S,100,21,PNN
P02545|17|S|21,29,P02545,S,17,21,LMNA
Q8IYB3|694|S|21,29,Q8IYB3,S,694,21,SRRM1
P49736|137|Y|21,29,P49736,Y,137,21,MCM2
Q8IYB3|754|S|21,29,Q8IYB3,S,754,21,SRRM1
Q12846|14|S|21,29,Q12846,S,14,21,STX4
Q6PD62|970|S|21,29,Q6PD62,S,970,21,CTR9
P30405|42|S|21,29,P30405,S,42,21,PPIF
Q96AE4|629|T|21,29,Q96AE4,T,629,21,FUBP1
Q12846|15|S|21,29,Q12846,S,15,21,STX4
Q9H7L9|244|T|21,29,Q9H7L9,T,244,21,SUDS3
Q9NRF8|568|S|21,29,Q9NRF8,S,568,21,CTPS2
O75691|1741|T|21,29,O75691,T,1741,21,UTP20
Q13286|14|S|21,29,Q13286,S,14,21,CLN3
Q5T200|848|S|21,29,Q5T200,S,848,21,ZC3H13
Q5H9R7|517|T|21,29,Q5H9R7,T,517,21,PPP6R3
Q9H6F5|42|T|21,29,Q9H6F5,T,42,21,CCDC86
Q08945|441|Y|21,29,Q08945,Y,441,21,SSRP1
Q8NI27|1421|S|21,29,Q8NI27,S,1421,21,THOC2
Q8NI27|1422|S|21,29,Q8NI27,S,1422,21,THOC2
P30405|40|S|21,29,P30405,S,40,21,PPIF
Q8NI27|1419|S|21,29,Q8NI27,S,1419,21,THOC2
Q13185|92|K|53,29,Q13185,K,92,53,CBX3
P49756|675|S|21,29,P49756,S,675,21,RBM25
P02765|135|S|21,29,P02765,S,135,21,AHSG
Q02241|911|S|21,29,Q02241,S,911,21,KIF23
Q02952|627|S|21,29,Q02952,S,627,21,AKAP12
Q9NYF8|643|S|21,29,Q9NYF8,S,643,21,BCLAF1
Q92974|695|T|21,29,Q92974,T,695,21,ARHGEF2
Q02241|912|S|21,29,Q02241,S,912,21,KIF23
P46013|1375|S|21,29,P46013,S,1375,21,MKI67
Q8IYB3|750|S|21,29,Q8IYB3,S,750,21,SRRM1
Q8IYB3|693|T|21,29,Q8IYB3,T,693,21,SRRM1
Q5T200|851|Y|21,29,Q5T200,Y,851,21,ZC3H13
Q8IYB3|748|S|21,29,Q8IYB3,S,748,21,SRRM1
P02765|134|S|21,29,P02765,S,134,21,AHSG
Q9UIG0|1468|S|21,29,Q9UIG0,S,1468,21,BAZ1B
P41212|18|T|21,29,P41212,T,18,21,ETV6
P17096|39|T|21,29,P17096,T,39,21,HMGA1
P06748|199|T|21,29,P06748,T,199,21,NPM1
Q8IYB3|749|S|21,29,Q8IYB3,S,749,21,SRRM1
Q8NI27|1417|S|21,29,Q8NI27,S,1417,21,THOC2
Q9BZZ5|464|S|21,29,Q9BZZ5,S,464,21,API5
Q9NZT2|577|S|21,30,Q9NZT2,S,577,21,OGFR
Q8WVC0|300|S|21,30,Q8WVC0,S,300,21,LEO1
Q9NZT2|581|T|21,30,Q9NZT2,T,581,21,OGFR
Q5C9Z4|317|S|21,30,Q5C9Z4,S,317,21,NOM1
Q9BYW2|1415|S|21,30,Q9BYW2,S,1415,21,SETD2
Q9UQ35|1616|S|21,30,Q9UQ35,S,1616,21,SRRM2
Q9Y5J1|210|S|21,30,Q9Y5J1,S,210,21,UTP18
Q9NYF8|283|R|7,30,Q9NYF8,R,283,7,BCLAF1
Q9NQC3|182|S|21,30,Q9NQC3,S,182,21,RTN4
Q76FK4|888|T|21,30,Q76FK4,T,888,21,NOL8
Q8WVC0|238|S|21,30,Q8WVC0,S,238,21,LEO1
Q9UQ35|1101|S|21,30,Q9UQ35,S,1101,21,SRRM2
Q8WVC0|608|S|21,30,Q8WVC0,S,608,21,LEO1
Q96JM3|284|S|21,30,Q96JM3,S,284,21,CHAMP1
O60841|190|S|21,30,O60841,S,190,21,EIF5B
Q9NZT2|585|S|21,30,Q9NZT2,S,585,21,OGFR
Q96ST2|287|S|21,30,Q96ST2,S,287,21,IWS1
Q9NQC3|181|S|21,30,Q9NQC3,S,181,21,RTN4
Q9NYF8|282|S|21,30,Q9NYF8,S,282,21,BCLAF1
Q8WVC0|294|S|21,30,Q8WVC0,S,294,21,LEO1
Q5C9Z4|321|S|21,30,Q5C9Z4,S,321,21,NOM1
P29966|145|S|21,30,P29966,S,145,21,MARCKS
Q9BVJ6|29|S|21,30,Q9BVJ6,S,29,21,UTP14A
Q96ST2|289|S|21,30,Q96ST2,S,289,21,IWS1
Q9NZT2|579|S|21,30,Q9NZT2,S,579,21,OGFR
Q9UQ35|1099|S|21,30,Q9UQ35,S,1099,21,SRRM2
Q8WVC0|607|S|21,30,Q8WVC0,S,607,21,LEO1
Q7Z4V5|370|S|21,30,Q7Z4V5,S,370,21,HDGFL2
Q9UQ35|1620|S|21,30,Q9UQ35,S,1620,21,SRRM2
Q14527|400|S|21,30,Q14527,S,400,21,HLTF
Q9Y5J1|205|S|21,30,Q9Y5J1,S,205,21,UTP18
Q9NYF8|285|S|21,30,Q9NYF8,S,285,21,BCLAF1
Q9UQ35|1550|S|21,30,Q9UQ35,S,1550,21,SRRM2
Q9BYW2|1417|S|21,30,Q9BYW2,S,1417,21,SETD2
Q9Y5J1|206|S|21,30,Q9Y5J1,S,206,21,UTP18
Q9BVJ6|31|S|21,30,Q9BVJ6,S,31,21,UTP14A
Q8IZP2|75|S|21,30,Q8IZP2,S,75,21,ST13P4
P16070|697|S|21,30,P16070,S,697,21,CD44
Q9NQC3|184|S|21,30,Q9NQC3,S,184,21,RTN4
Q14527|397|S|21,30,Q14527,S,397,21,HLTF
Q86UP2|77|S|21,30,Q86UP2,S,77,21,KTN1
O60841|182|S|21,30,O60841,S,182,21,EIF5B
Q5C9Z4|320|S|21,30,Q5C9Z4,S,320,21,NOM1
Q9NYF8|287|S|21,30,Q9NYF8,S,287,21,BCLAF1
Q8IZP2|72|S|21,30,Q8IZP2,S,72,21,ST13P4
Q9UQ35|2693|Y|21,30,Q9UQ35,Y,2693,21,SRRM2
Q8WVC0|296|S|21,30,Q8WVC0,S,296,21,LEO1
Q9BTC0|805|S|21,30,Q9BTC0,S,805,21,DIDO1
Q96JM3|286|S|21,30,Q96JM3,S,286,21,CHAMP1
Q9UQ35|1621|S|21,30,Q9UQ35,S,1621,21,SRRM2
Q76FK4|890|S|21,30,Q76FK4,S,890,21,NOL8
Q9UQ35|1103|S|21,30,Q9UQ35,S,1103,21,SRRM2
Q9NYF8|281|S|21,30,Q9NYF8,S,281,21,BCLAF1
Q9UQ35|2692|S|21,30,Q9UQ35,S,2692,21,SRRM2
P52701|256|S|21,30,P52701,S,256,21,MSH6
Q8WVC0|229|S|21,30,Q8WVC0,S,229,21,LEO1
Q8IZP2|71|S|21,30,Q8IZP2,S,71,21,ST13P4
Q9NYF8|290|S|21,30,Q9NYF8,S,290,21,BCLAF1
Q7Z4V5|369|S|21,30,Q7Z4V5,S,369,21,HDGFL2
Q9BTC0|809|S|21,30,Q9BTC0,S,809,21,DIDO1
O60841|186|S|21,30,O60841,S,186,21,EIF5B
Q9UQ35|1102|S|21,30,Q9UQ35,S,1102,21,SRRM2
Q14527|398|S|21,30,Q14527,S,398,21,HLTF
Q9UQ35|2694|S|21,30,Q9UQ35,S,2694,21,SRRM2
P52701|252|S|21,30,P52701,S,252,21,MSH6
Q8ND56|178|S|21,30,Q8ND56,S,178,21,LSM14A
Q8WVC0|610|S|21,30,Q8WVC0,S,610,21,LEO1
O60841|183|S|21,30,O60841,S,183,21,EIF5B
P98175|738|S|21,30,P98175,S,738,21,RBM10
P46937|367|S|21,31,P46937,S,367,21,YAP1
Q8IYB3|626|S|21,31,Q8IYB3,S,626,21,SRRM1
Q8ND76|99|S|21,31,Q8ND76,S,99,21,CCNY
O94964|1164|S|21,31,O94964,S,1164,21,MTCL2
P57739|208|S|21,31,P57739,S,208,21,CLDN2
P50552|323|S|21,31,P50552,S,323,21,VASP
Q9UMD9|170|S|21,31,Q9UMD9,S,170,21,COL17A1
Q8IYB3|628|S|21,31,Q8IYB3,S,628,21,SRRM1
Q9Y6R1|257|S|21,31,Q9Y6R1,S,257,21,SLC4A4
Q86X29|504|S|21,31,Q86X29,S,504,21,LSR
P10636|428|S|21,31,P10636,S,428,21,MAPT
Q86WB0|359|S|21,31,Q86WB0,S,359,21,ZC3HC1
Q9UMD9|174|S|21,31,Q9UMD9,S,174,21,COL17A1
P49756|578|K|53,31,P49756,K,578,53,RBM25
Q9H330|332|S|21,31,Q9H330,S,332,21,TMEM245
P13051|60|T|21,31,P13051,T,60,21,UNG
P50552|322|S|21,31,P50552,S,322,21,VASP
Q9BTC0|811|S|21,31,Q9BTC0,S,811,21,DIDO1
Q8WWI1|955|S|21,31,Q8WWI1,S,955,21,LMO7
O95793|390|S|21,31,O95793,S,390,21,STAU1
Q53HL2|219|S|21,31,Q53HL2,S,219,21,CDCA8
Q9H0D6|485|S|21,31,Q9H0D6,S,485,21,XRN2
Q9H0D6|478|T|21,31,Q9H0D6,T,478,21,XRN2
P82094|333|S|21,31,P82094,S,333,21,TMF1
Q86WB0|357|S|21,31,Q86WB0,S,357,21,ZC3HC1
P46937|366|S|21,31,P46937,S,366,21,YAP1
P10636|438|S|21,31,P10636,S,438,21,MAPT
Q9H4L7|103|S|21,31,Q9H4L7,S,103,21,SMARCAD1
Q86WB0|358|S|21,31,Q86WB0,S,358,21,ZC3HC1
Q86X29|511|R|7,31,Q86X29,R,511,7,LSR
O00712|328|S|21,31,O00712,S,328,21,NFIB
Q8WVV4|83|S|21,31,Q8WVV4,S,83,21,POF1B
Q12929|656|R|7,31,Q12929,R,656,7,EPS8
P82094|338|S|21,31,P82094,S,338,21,TMF1
Q86X29|493|S|21,31,Q86X29,S,493,21,LSR
P05783|401|S|21,31,P05783,S,401,21,KRT18
O94964|1166|S|21,31,O94964,S,1166,21,MTCL2
O95049|169|S|21,31,O95049,S,169,21,TJP3
P50552|329|S|21,31,P50552,S,329,21,VASP
Q99590|776|S|21,31,Q99590,S,776,21,SCAF11
O94964|1173|S|21,31,O94964,S,1173,21,MTCL2
Q9C0C2|237|S|21,31,Q9C0C2,S,237,21,TNKS1BP1
Q9NR30|71|S|21,31,Q9NR30,S,71,21,DDX21
Q96T23|1364|S|21,31,Q96T23,S,1364,21,RSF1
Q9Y4F1|23|S|21,31,Q9Y4F1,S,23,21,FARP1
P17677|147|S|21,31,P17677,S,147,21,GAP43
P57739|207|S|21,31,P57739,S,207,21,CLDN2
Q99590|774|S|21,31,Q99590,S,774,21,SCAF11
P57739|206|R|7,31,P57739,R,206,7,CLDN2
P29692|156|D|299,31,P29692,D,156,299,EEF1D
P17677|154|S|21,31,P17677,S,154,21,GAP43
Q8WWI1|960|S|21,31,Q8WWI1,S,960,21,LMO7
P17677|153|S|21,31,P17677,S,153,21,GAP43
Q9Y6R1|255|S|21,31,Q9Y6R1,S,255,21,SLC4A4
Q99590|771|S|21,31,Q99590,S,771,21,SCAF11
Q86X29|512|S|21,31,Q86X29,S,512,21,LSR
O15231|468|S|21,31,O15231,S,468,21,ZNF185
Q00839|3|S|21,31,Q00839,S,3,21,HNRNPU
O15231|469|S|21,31,O15231,S,469,21,ZNF185
O94964|1167|S|21,31,O94964,S,1167,21,MTCL2
Q9Y4F1|27|R|7,31,Q9Y4F1,R,27,7,FARP1
P51610|1507|S|21,31,P51610,S,1507,21,HCFC1
P10636|427|S|21,31,P10636,S,427,21,MAPT
Q00839|2|S|21,31,Q00839,S,2,21,HNRNPU
O95049|159|S|21,31,O95049,S,159,21,TJP3
P17677|151|S|21,31,P17677,S,151,21,GAP43
Q86X29|508|S|21,31,Q86X29,S,508,21,LSR
Q9NX95|198|S|21,31,Q9NX95,S,198,21,SYBU
P55265|601|T|21,32,P55265,T,601,21,ADAR
Q14980|1728|S|21,32,Q14980,S,1728,21,NUMA1
Q9UK61|972|S|21,32,Q9UK61,S,972,21,TASOR
Q12906|592|T|21,32,Q12906,T,592,21,ILF3
Q9BYW2|459|S|21,32,Q9BYW2,S,459,21,SETD2
P35222|552|S|21,32,P35222,S,552,21,CTNNB1
Q9UQ35|1122|S|21,32,Q9UQ35,S,1122,21,SRRM2
P43243|188|S|21,32,P43243,S,188,21,MATR3
Q9UJV9|21|S|21,32,Q9UJV9,S,21,21,DDX41
Q14980|1724|S|21,32,Q14980,S,1724,21,NUMA1
Q96A49|248|T|21,32,Q96A49,T,248,21,SYAP1
Q6PKG0|849|S|21,32,Q6PKG0,S,849,21,LARP1
Q9UK61|978|S|21,32,Q9UK61,S,978,21,TASOR
P50851|1139|S|21,32,P50851,S,1139,21,LRBA
Q14669|354|S|21,32,Q14669,S,354,21,TRIP12
P19634|599|S|21,32,P19634,S,599,21,SLC9A1
Q13283|149|S|21,32,Q13283,S,149,21,G3BP1
O75379|30|S|21,32,O75379,S,30,21,VAMP4
Q86U90|37|S|21,32,Q86U90,S,37,21,YRDC
O43765|81|T|21,32,O43765,T,81,21,SGTA
Q9UQ35|1124|S|21,32,Q9UQ35,S,1124,21,SRRM2
Q8WUZ0|97|S|21,32,Q8WUZ0,S,97,21,BCL7C
Q96P48|229|S|21,32,Q96P48,S,229,21,ARAP1
Q9NYF8|385|S|21,32,Q9NYF8,S,385,21,BCLAF1
Q7Z5K2|77|S|21,32,Q7Z5K2,S,77,21,WAPL
Q14684|245|S|21,32,Q14684,S,245,21,RRP1B
Q9UK61|979|S|21,32,Q9UK61,S,979,21,TASOR
P18583|2129|S|21,32,P18583,S,2129,21,SON
Q6UN15|259|S|21,32,Q6UN15,S,259,21,FIP1L1
Q13427|356|S|21,32,Q13427,S,356,21,PPIG
P35555|2702|S|21,32,P35555,S,2702,21,FBN1
P19634|605|S|21,32,P19634,S,605,21,SLC9A1
Q8IZP0|178|T|21,32,Q8IZP0,T,178,21,ABI1
P55196|1171|R|7,32,P55196,R,1171,7,AFDN
Q6NZI2|365|S|21,32,Q6NZI2,S,365,21,CAVIN1
Q9UQ35|851|R|7,32,Q9UQ35,R,851,7,SRRM2
A2RUB6|259|S|21,32,A2RUB6,S,259,21,CCDC66
Q8N1G0|266|S|21,32,Q8N1G0,S,266,21,ZNF687
A2RUB6|258|S|21,32,A2RUB6,S,258,21,CCDC66
P23588|489|S|21,32,P23588,S,489,21,EIF4B
Q6PKG0|850|S|21,32,Q6PKG0,S,850,21,LARP1
Q14676|168|S|21,32,Q14676,S,168,21,MDC1
Q6PKG0|853|S|21,32,Q6PKG0,S,853,21,LARP1
Q9BYW2|458|S|21,32,Q9BYW2,S,458,21,SETD2
P78312|578|S|21,32,P78312,S,578,21,FAM193A
Q68CZ2|776|S|21,32,Q68CZ2,S,776,21,TNS3
P78312|584|S|21,32,P78312,S,584,21,FAM193A
Q9UJV9|23|S|21,32,Q9UJV9,S,23,21,DDX41
Q8N1G0|271|S|21,32,Q8N1G0,S,271,21,ZNF687
Q6PKG0|851|S|21,32,Q6PKG0,S,851,21,LARP1
Q9NVU7|585|S|21,32,Q9NVU7,S,585,21,SDAD1
Q9BYW2|461|S|21,32,Q9BYW2,S,461,21,SETD2
Q8WUZ0|100|S|21,32,Q8WUZ0,S,100,21,BCL7C
Q04637|1231|S|21,32,Q04637,S,1231,21,EIF4G1
Q09666|115|S|21,32,Q09666,S,115,21,AHNAK
P43243|195|S|21,32,P43243,S,195,21,MATR3
P19634|602|S|21,32,P19634,S,602,21,SLC9A1
Q6NZI2|366|S|21,32,Q6NZI2,S,366,21,CAVIN1
Q14980|1969|S|21,32,Q14980,S,1969,21,NUMA1
P38159|352|S|21,32,P38159,S,352,21,RBMX
Q13427|358|T|21,32,Q13427,T,358,21,PPIG
P78312|576|S|21,32,P78312,S,576,21,FAM193A
P19634|603|T|21,32,P19634,T,603,21,SLC9A1
Q9UK61|971|S|21,32,Q9UK61,S,971,21,TASOR
P23588|488|S|21,32,P23588,S,488,21,EIF4B
P78344|508|T|21,32,P78344,T,508,21,EIF4G2
Q9GZR7|295|S|21,32,Q9GZR7,S,295,21,DDX24
Q14195|509|T|21,33,Q14195,T,509,21,DPYSL3
Q53ET0|460|S|21,33,Q53ET0,S,460,21,CRTC2
Q14195|524|T|21,33,Q14195,T,524,21,DPYSL3
P78559|667|S|21,33,P78559,S,667,21,MAP1A
Q16623|14|S|21,33,Q16623,S,14,21,STX1A
Q7L8J4|362|S|21,33,Q7L8J4,S,362,21,SH3BP5L
Q4KMP7|22|S|21,33,Q4KMP7,S,22,21,TBC1D10B
Q8ND56|216|S|21,33,Q8ND56,S,216,21,LSM14A
P11137|1155|S|21,33,P11137,S,1155,21,MAP2
Q8N122|863|S|21,33,Q8N122,S,863,21,RPTOR
Q8N6H7|146|S|21,33,Q8N6H7,S,146,21,ARFGAP2
Q5VT52|723|T|21,33,Q5VT52,T,723,21,RPRD2
Q9UHY1|433|T|21,33,Q9UHY1,T,433,21,NRBP1
Q8NE71|140|S|21,33,Q8NE71,S,140,21,ABCF1
O60256|227|S|21,33,O60256,S,227,21,PRPSAP2
Q9Y6Y0|338|S|21,33,Q9Y6Y0,S,338,21,IVNS1ABP
Q12982|116|T|21,33,Q12982,T,116,21,BNIP2
Q8TDZ2|617|S|21,33,Q8TDZ2,S,617,21,MICAL1
P00966|219|T|21,33,P00966,T,219,21,ASS1
Q9Y2H5|777|S|21,33,Q9Y2H5,S,777,21,PLEKHA6
P46821|1154|S|21,33,P46821,S,1154,21,MAP1B
Q92538|1301|S|21,33,Q92538,S,1301,21,GBF1
Q92609|554|S|21,33,Q92609,S,554,21,TBC1D5
Q53ET0|456|S|21,33,Q53ET0,S,456,21,CRTC2
P78559|1218|S|21,33,P78559,S,1218,21,MAP1A
Q01581|495|S|21,33,Q01581,S,495,21,HMGCS1
O43741|183|S|21,33,O43741,S,183,21,PRKAB2
Q9H0W8|2|S|21,33,Q9H0W8,S,2,21,SMG9
Q7Z5L9|175|S|21,33,Q7Z5L9,S,175,21,IRF2BP2
O43493|298|S|21,33,O43493,S,298,21,TGOLN2
O15075|32|S|21,33,O15075,S,32,21,DCLK1
P13591|784|S|21,33,P13591,S,784,21,NCAM1
Q99700|771|T|21,33,Q99700,T,771,21,ATXN2
Q2M2I8|637|S|21,33,Q2M2I8,S,637,21,AAK1
O43741|184|S|21,33,O43741,S,184,21,PRKAB2
P04406|154|T|21,33,P04406,T,154,21,GAPDH
P22466|116|S|21,33,P22466,S,116,21,GAL
Q92538|1305|S|21,33,Q92538,S,1305,21,GBF1
Q13813|1031|S|21,33,Q13813,S,1031,21,SPTAN1
Q8TB36|11|S|21,33,Q8TB36,S,11,21,GDAP1
O15240|420|S|21,33,O15240,S,420,21,VGF
P50402|52|S|21,33,P50402,S,52,21,EMD
P50402|49|S|21,33,P50402,S,49,21,EMD
Q9NZQ3|181|T|21,33,Q9NZQ3,T,181,21,NCKIPSD
Q9NPQ8|523|S|21,33,Q9NPQ8,S,523,21,RIC8A
O14683|14|S|21,33,O14683,S,14,21,TP53I11
P27816|696|S|21,33,P27816,S,696,21,MAP4
Q13541|77|T|21,33,Q13541,T,77,21,EIF4EBP1
Q9NPQ8|528|S|21,33,Q9NPQ8,S,528,21,RIC8A
Q9BUH6|148|S|21,33,Q9BUH6,S,148,21,PAXX
Q14195|508|T|21,33,Q14195,T,508,21,DPYSL3
P84157|144|S|21,33,P84157,S,144,21,MXRA7
Q9BWU0|258|S|21,33,Q9BWU0,S,258,21,SLC4A1AP
Q9NPQ8|524|S|21,33,Q9NPQ8,S,524,21,RIC8A
O43314|38|S|21,33,O43314,S,38,21,PPIP5K2
Q9UPQ0|718|S|21,33,Q9UPQ0,S,718,21,LIMCH1
P46821|1252|S|21,33,P46821,S,1252,21,MAP1B
P27816|1073|S|21,33,P27816,S,1073,21,MAP4
Q9Y2H2|942|S|21,33,Q9Y2H2,S,942,21,INPP5F
O75569|18|S|21,33,O75569,S,18,21,PRKRA
P04406|153|T|21,33,P04406,T,153,21,GAPDH
O94979|1163|S|21,33,O94979,S,1163,21,SEC31A
P78559|1776|S|21,33,P78559,S,1776,21,MAP1A
P68371|58|K|34,33,P68371,K,58,34,TUBB4B
Q9Y618|1383|T|21,33,Q9Y618,T,1383,21,NCOR2
Q12756|1370|S|21,33,Q12756,S,1370,21,KIF1A
P13591|780|S|21,33,P13591,S,780,21,NCAM1
Q8WUM9|265|S|21,34,Q8WUM9,S,265,21,SLC20A1
P02545|458|S|21,34,P02545,S,458,21,LMNA
Q2KJY2|972|S|21,34,Q2KJY2,S,972,21,KIF26B
Q96JP5|83|S|21,34,Q96JP5,S,83,21,ZFP91
Q9UQ35|2690|S|21,34,Q9UQ35,S,2690,21,SRRM2
Q96FC7|12|S|21,34,Q96FC7,S,12,21,PHYHIPL
O95359|2320|R|7,34,O95359,R,2320,7,TACC2
Q15147|891|S|21,34,Q15147,S,891,21,PLCB4
Q1KMD3|185|S|21,34,Q1KMD3,S,185,21,HNRNPUL2
Q9ULH0|1526|S|21,34,Q9ULH0,S,1526,21,KIDINS220
Q9UQC2|634|S|21,34,Q9UQC2,S,634,21,GAB2
Q9H6H4|202|S|21,34,Q9H6H4,S,202,21,REEP4
Q8WWQ0|879|S|21,34,Q8WWQ0,S,879,21,PHIP
Q9BRL6|281|S|21,34,Q9BRL6,S,281,21,SRSF8
Q8WWQ0|881|S|21,34,Q8WWQ0,S,881,21,PHIP
P48634|761|S|21,34,P48634,S,761,21,PRRC2A
P48634|759|S|21,34,P48634,S,759,21,PRRC2A
P35612|596|S|21,34,P35612,S,596,21,ADD2
Q8WUM9|267|S|21,34,Q8WUM9,S,267,21,SLC20A1
P31629|954|S|21,34,P31629,S,954,21,HIVEP2
O15075|310|S|21,34,O15075,S,310,21,DCLK1
Q15147|889|S|21,34,Q15147,S,889,21,PLCB4
P31629|955|S|21,34,P31629,S,955,21,HIVEP2
Q9UQC2|637|S|21,34,Q9UQC2,S,637,21,GAB2
Q8WUM9|269|S|21,34,Q8WUM9,S,269,21,SLC20A1
P17275|255|T|21,34,P17275,T,255,21,JUNB
Q8NHM5|911|R|7,34,Q8NHM5,R,911,7,KDM2B
Q01804|1024|S|21,34,Q01804,S,1024,21,OTUD4
Q96JP5|82|S|21,34,Q96JP5,S,82,21,ZFP91
Q96RR4|133|S|21,34,Q96RR4,S,133,21,CAMKK2
Q96G23|348|S|21,34,Q96G23,S,348,21,CERS2
Q5T3I0|139|S|21,34,Q5T3I0,S,139,21,GPATCH4
Q8N3X1|435|S|21,34,Q8N3X1,S,435,21,FNBP4
Q9BRL6|273|S|21,34,Q9BRL6,S,273,21,SRSF8
Q9H2G2|571|S|21,34,Q9H2G2,S,571,21,SLK
P17275|251|S|21,34,P17275,S,251,21,JUNB
Q8WWQ0|880|S|21,34,Q8WWQ0,S,880,21,PHIP
Q9Y2U8|261|S|21,34,Q9Y2U8,S,261,21,LEMD3
O14647|1087|S|21,34,O14647,S,1087,21,CHD2
Q16181|228|T|21,34,Q16181,T,228,21,SEPTIN7
O14647|1085|S|21,34,O14647,S,1085,21,CHD2
Q01804|1023|S|21,34,Q01804,S,1023,21,OTUD4
Q9HC35|138|S|21,34,Q9HC35,S,138,21,EML4
Q96G23|341|S|21,34,Q96G23,S,341,21,CERS2
Q8N3X1|431|S|21,34,Q8N3X1,S,431,21,FNBP4
Q9H2G2|565|S|21,34,Q9H2G2,S,565,21,SLK
O75494|129|S|21,34,O75494,S,129,21,SRSF10
Q9H5J8|23|S|21,34,Q9H5J8,S,23,21,TAF1D
Q9ULH0|1359|S|21,34,Q9ULH0,S,1359,21,KIDINS220
P17275|259|S|21,34,P17275,S,259,21,JUNB
P48634|764|S|21,34,P48634,S,764,21,PRRC2A
Q9Y2U8|259|S|21,34,Q9Y2U8,S,259,21,LEMD3
Q6ZMG9|346|S|21,34,Q6ZMG9,S,346,21,CERS6
Q15147|894|R|7,34,Q15147,R,894,7,PLCB4
Q9BRG2|147|S|21,34,Q9BRG2,S,147,21,SH2D3A
Q9Y2U8|253|S|21,34,Q9Y2U8,S,253,21,LEMD3
O75494|131|S|21,34,O75494,S,131,21,SRSF10
Q9UQC2|633|S|21,34,Q9UQC2,S,633,21,GAB2
P31629|951|S|21,34,P31629,S,951,21,HIVEP2
O15075|312|S|21,34,O15075,S,312,21,DCLK1
P35612|600|S|21,34,P35612,S,600,21,ADD2
O75494|133|S|21,34,O75494,S,133,21,SRSF10
Q96G23|349|S|21,34,Q96G23,S,349,21,CERS2
Q96JP5|85|S|21,34,Q96JP5,S,85,21,ZFP91
Q9BRL6|282|S|21,34,Q9BRL6,S,282,21,SRSF8
Q9H6H4|194|S|21,34,Q9H6H4,S,194,21,REEP4
Q7Z2W4|267|S|21,35,Q7Z2W4,S,267,21,ZC3HAV1
Q12888|360|S|21,35,Q12888,S,360,21,TP53BP1
Q9P1Y6|1360|S|21,35,Q9P1Y6,S,1360,21,PHRF1
Q7L0Y3|80|S|21,35,Q7L0Y3,S,80,21,TRMT10C
Q9NVT9|9|S|21,35,Q9NVT9,S,9,21,ARMC1
Q12888|366|S|21,35,Q12888,S,366,21,TP53BP1
Q8WVC0|197|S|21,35,Q8WVC0,S,197,21,LEO1
Q04726|294|S|21,35,Q04726,S,294,21,TLE3
O95696|18|S|21,35,O95696,S,18,21,BRD1
Q9H6Z4|355|S|21,35,Q9H6Z4,S,355,21,RANBP3
Q9H6Z4|358|S|21,35,Q9H6Z4,S,358,21,RANBP3
Q9BW71|359|S|21,35,Q9BW71,S,359,21,HIRIP3
Q8WVC0|162|S|21,35,Q8WVC0,S,162,21,LEO1
Q8WVC0|205|S|21,35,Q8WVC0,S,205,21,LEO1
Q13206|803|S|21,35,Q13206,S,803,21,DDX10
Q5T200|325|S|21,35,Q5T200,S,325,21,ZC3H13
O15417|995|S|21,35,O15417,S,995,21,TNRC18
Q9ULI0|81|S|21,35,Q9ULI0,S,81,21,ATAD2B
Q96MH2|29|S|21,35,Q96MH2,S,29,21,HEXIM2
Q9H501|77|S|21,35,Q9H501,S,77,21,ESF1
Q9H6Z4|357|S|21,35,Q9H6Z4,S,357,21,RANBP3
Q7L0Y3|83|S|21,35,Q7L0Y3,S,83,21,TRMT10C
Q9P1Y6|1359|S|21,35,Q9P1Y6,S,1359,21,PHRF1
Q9P1Y6|1371|S|21,35,Q9P1Y6,S,1371,21,PHRF1
Q6KC79|1089|S|21,35,Q6KC79,S,1089,21,NIPBL
Q5T200|316|S|21,35,Q5T200,S,316,21,ZC3H13
Q5T200|318|S|21,35,Q5T200,S,318,21,ZC3H13
Q8N9T8|95|S|21,35,Q8N9T8,S,95,21,KRI1
Q6ZNB6|108|S|21,35,Q6ZNB6,S,108,21,NFXL1
Q03164|1058|S|21,35,Q03164,S,1058,21,KMT2A
Q12888|357|T|21,35,Q12888,T,357,21,TP53BP1
Q3B726|299|S|21,35,Q3B726,S,299,21,POLR1F
Q6ZNB6|109|S|21,35,Q6ZNB6,S,109,21,NFXL1
Q2M1K9|614|S|21,35,Q2M1K9,S,614,21,ZNF423
Q9BU23|699|S|21,35,Q9BU23,S,699,21,LMF2
Q5T200|874|R|7,35,Q5T200,R,874,7,ZC3H13
Q6KC79|1090|S|21,35,Q6KC79,S,1090,21,NIPBL
Q02952|646|T|21,35,Q02952,T,646,21,AKAP12
Q9BW71|363|S|21,35,Q9BW71,S,363,21,HIRIP3
Q9UN36|338|S|21,35,Q9UN36,S,338,21,NDRG2
Q7L0Y3|84|S|21,35,Q7L0Y3,S,84,21,TRMT10C
Q9NVT9|4|S|21,35,Q9NVT9,S,4,21,ARMC1
Q5T200|869|R|7,35,Q5T200,R,869,7,ZC3H13
Q9H6Z4|353|S|21,35,Q9H6Z4,S,353,21,RANBP3
O00712|294|S|21,35,O00712,S,294,21,NFIB
Q9NVT9|6|S|21,35,Q9NVT9,S,6,21,ARMC1
Q7Z2W4|265|S|21,35,Q7Z2W4,S,265,21,ZC3HAV1
Q5T200|317|T|21,35,Q5T200,T,317,21,ZC3H13
O00712|292|S|21,35,O00712,S,292,21,NFIB
Q9ULI0|86|S|21,35,Q9ULI0,S,86,21,ATAD2B
Q9BW71|358|T|21,35,Q9BW71,T,358,21,HIRIP3
Q7Z2W4|263|S|21,35,Q7Z2W4,S,263,21,ZC3HAV1
Q9BW71|370|S|21,35,Q9BW71,S,370,21,HIRIP3
Q04726|295|S|21,35,Q04726,S,295,21,TLE3
P23588|445|S|21,35,P23588,S,445,21,EIF4B
Q6ZNB6|106|S|21,35,Q6ZNB6,S,106,21,NFXL1
P23588|442|S|21,35,P23588,S,442,21,EIF4B
Q6KC79|1096|S|21,35,Q6KC79,S,1096,21,NIPBL
Q9BU23|698|S|21,35,Q9BU23,S,698,21,LMF2
Q7L0Y3|85|S|21,35,Q7L0Y3,S,85,21,TRMT10C
Q12888|359|S|21,35,Q12888,S,359,21,TP53BP1
Q12906|62|S|21,35,Q12906,S,62,21,ILF3
Q6ZNB6|107|S|21,35,Q6ZNB6,S,107,21,NFXL1
Q96T58|2120|S|21,36,Q96T58,S,2120,21,SPEN
P17544|100|S|21,36,P17544,S,100,21,ATF7
O43166|211|S|21,36,O43166,S,211,21,SIPA1L1
Q9H6U6|480|S|21,36,Q9H6U6,S,480,21,BCAS3
Q8TEV9|516|S|21,36,Q8TEV9,S,516,21,SMCR8
P52948|616|R|7,36,P52948,R,616,7,NUP98
P31321|73|S|21,36,P31321,S,73,21,PRKAR1B
O60524|747|S|21,36,O60524,S,747,21,NEMF
O95251|53|S|21,36,O95251,S,53,21,KAT7
Q8IWW6|240|S|21,36,Q8IWW6,S,240,21,ARHGAP12
O95251|56|S|21,36,O95251,S,56,21,KAT7
O60524|748|S|21,36,O60524,S,748,21,NEMF
Q9UQ35|1397|S|21,36,Q9UQ35,S,1397,21,SRRM2
Q9UKS7|78|S|21,36,Q9UKS7,S,78,21,IKZF2
Q9UQ35|1398|S|21,36,Q9UQ35,S,1398,21,SRRM2
Q8TEV9|521|S|21,36,Q8TEV9,S,521,21,SMCR8
P17544|97|S|21,36,P17544,S,97,21,ATF7
Q7KZ85|73|S|21,36,Q7KZ85,S,73,21,SUPT6H
O60307|710|S|21,36,O60307,S,710,21,MAST3
Q9Y2U5|164|S|21,36,Q9Y2U5,S,164,21,MAP3K2
Q969R5|66|T|21,36,Q969R5,T,66,21,L3MBTL2
Q9H6U6|486|S|21,36,Q9H6U6,S,486,21,BCAS3
C9JLW8|18|S|21,36,C9JLW8,S,18,21,MCRIP1
O43166|208|S|21,36,O43166,S,208,21,SIPA1L1
Q9UJD0|107|S|21,36,Q9UJD0,S,107,21,RIMS3
Q9BVS4|487|S|21,36,Q9BVS4,S,487,21,RIOK2
Q96T58|2126|S|21,36,Q96T58,S,2126,21,SPEN
Q9BVS4|486|S|21,36,Q9BVS4,S,486,21,RIOK2
Q9H6U6|488|S|21,36,Q9H6U6,S,488,21,BCAS3
O60307|711|S|21,36,O60307,S,711,21,MAST3
Q96QC0|313|S|21,36,Q96QC0,S,313,21,PPP1R10
O60307|709|S|21,36,O60307,S,709,21,MAST3
O95251|57|S|21,36,O95251,S,57,21,KAT7
Q9H6U6|487|S|21,36,Q9H6U6,S,487,21,BCAS3
P52948|618|S|21,36,P52948,S,618,21,NUP98
Q5VT52|730|S|21,36,Q5VT52,S,730,21,RPRD2
P52948|612|S|21,36,P52948,S,612,21,NUP98
P31321|75|S|21,36,P31321,S,75,21,PRKAR1B
Q9BVS4|489|S|21,36,Q9BVS4,S,489,21,RIOK2
Q9UKS7|79|S|21,36,Q9UKS7,S,79,21,IKZF2
O43395|619|S|21,36,O43395,S,619,21,PRPF3
Q8IWW6|231|T|21,36,Q8IWW6,T,231,21,ARHGAP12
Q13428|279|S|21,36,Q13428,S,279,21,TCOF1
C9JLW8|21|S|21,36,C9JLW8,S,21,21,MCRIP1
Q8TEV9|513|S|21,36,Q8TEV9,S,513,21,SMCR8
Q7KZ85|75|S|21,36,Q7KZ85,S,75,21,SUPT6H
Q96T23|1345|S|21,36,Q96T23,S,1345,21,RSF1
Q7KZ85|78|S|21,36,Q7KZ85,S,78,21,SUPT6H
Q5VT52|732|T|21,36,Q5VT52,T,732,21,RPRD2
Q9Y446|314|S|21,36,Q9Y446,S,314,21,PKP3
P31321|77|S|21,36,P31321,S,77,21,PRKAR1B
Q9BW71|367|R|7,36,Q9BW71,R,367,7,HIRIP3
P31321|83|S|21,36,P31321,S,83,21,PRKAR1B
P20042|111|T|21,36,P20042,T,111,21,EIF2S2
O43166|210|S|21,36,O43166,S,210,21,SIPA1L1
Q96T58|2124|S|21,36,Q96T58,S,2124,21,SPEN
P21127|751|T|21,36,P21127,T,751,21,CDK11B
P78332|360|S|21,37,P78332,S,360,21,RBM6
Q8WVC0|273|S|21,37,Q8WVC0,S,273,21,LEO1
Q96S99|227|S|21,37,Q96S99,S,227,21,PLEKHF1
Q15678|578|S|21,37,Q15678,S,578,21,PTPN14
Q86W92|364|S|21,37,Q86W92,S,364,21,PPFIBP1
Q9UPN3|7278|S|21,37,Q9UPN3,S,7278,21,MACF1
Q8TE67|442|R|7,37,Q8TE67,R,442,7,EPS8L3
Q15642|298|S|21,37,Q15642,S,298,21,TRIP10
Q9H5I1|382|S|21,37,Q9H5I1,S,382,21,SUV39H2
Q86W92|359|S|21,37,Q86W92,S,359,21,PPFIBP1
Q8WZ73|232|S|21,37,Q8WZ73,S,232,21,RFFL
Q13112|428|S|21,37,Q13112,S,428,21,CHAF1B
Q9UPN3|7282|S|21,37,Q9UPN3,S,7282,21,MACF1
Q92610|146|S|21,37,Q92610,S,146,21,ZNF592
Q14C86|766|S|21,37,Q14C86,S,766,21,GAPVD1
Q9Y6G9|513|T|21,37,Q9Y6G9,T,513,21,DYNC1LI1
Q8N1G2|66|S|21,37,Q8N1G2,S,66,21,CMTR1
Q92922|335|T|21,37,Q92922,T,335,21,SMARCC1
Q9Y6G9|516|S|21,37,Q9Y6G9,S,516,21,DYNC1LI1
P08651|333|S|21,37,P08651,S,333,21,NFIC
P32004|1194|S|21,37,P32004,S,1194,21,L1CAM
Q92610|142|S|21,37,Q92610,S,142,21,ZNF592
P42345|2474|T|21,37,P42345,T,2474,21,MTOR
O15061|1049|S|21,37,O15061,S,1049,21,SYNM
Q8IY63|906|S|21,37,Q8IY63,S,906,21,AMOTL1
P23588|420|T|21,37,P23588,T,420,21,EIF4B
Q96J02|236|S|21,37,Q96J02,S,236,21,ITCH
Q14C86|758|S|21,37,Q14C86,S,758,21,GAPVD1
Q9Y6G9|510|S|21,37,Q9Y6G9,S,510,21,DYNC1LI1
Q8TE67|444|S|21,37,Q8TE67,S,444,21,EPS8L3
Q9NZ63|17|S|21,37,Q9NZ63,S,17,21,C9orf78
Q9NZ63|15|S|21,37,Q9NZ63,S,15,21,C9orf78
P42892|34|S|21,37,P42892,S,34,21,ECE1
Q9BZQ8|602|S|21,37,Q9BZQ8,S,602,21,NIBAN1
Q15642|304|S|23,37,Q15642,S,304,23,TRIP10
Q13112|433|T|21,37,Q13112,T,433,21,CHAF1B
Q13112|429|S|21,37,Q13112,S,429,21,CHAF1B
P32004|1190|S|21,37,P32004,S,1190,21,L1CAM
Q8TE67|441|S|21,37,Q8TE67,S,441,21,EPS8L3
P51812|375|S|21,37,P51812,S,375,21,RPS6KA3
Q8IY67|14|S|21,37,Q8IY67,S,14,21,RAVER1
Q8IY63|902|T|21,37,Q8IY63,T,902,21,AMOTL1
P78332|362|S|21,37,P78332,S,362,21,RBM6
Q14C86|761|S|21,37,Q14C86,S,761,21,GAPVD1
Q12929|660|S|21,37,Q12929,S,660,21,EPS8
Q92610|145|S|21,37,Q92610,S,145,21,ZNF592
Q9UPN3|7279|S|21,37,Q9UPN3,S,7279,21,MACF1
Q86W92|363|S|21,37,Q86W92,S,363,21,PPFIBP1
Q12929|659|S|21,37,Q12929,S,659,21,EPS8
P42892|36|S|21,37,P42892,S,36,21,ECE1
Q86W92|360|S|21,37,Q86W92,S,360,21,PPFIBP1
O15061|1044|S|21,37,O15061,S,1044,21,SYNM
Q8TE67|445|S|21,37,Q8TE67,S,445,21,EPS8L3
Q8IY67|17|S|21,37,Q8IY67,S,17,21,RAVER1
Q7Z7F0|572|S|21,37,Q7Z7F0,S,572,21,KHDC4
Q15678|579|T|21,37,Q15678,T,579,21,PTPN14
Q13501|266|S|21,37,Q13501,S,266,21,SQSTM1
Q9NTI5|1358|S|21,38,Q9NTI5,S,1358,21,PDS5B
Q8TDD1|41|S|21,38,Q8TDD1,S,41,21,DDX54
Q9ULU4|486|S|21,38,Q9ULU4,S,486,21,ZMYND8
P17812|571|S|21,38,P17812,S,571,21,CTPS1
Q92769|424|S|21,38,Q92769,S,424,21,HDAC2
P46937|109|S|21,38,P46937,S,109,21,YAP1
O00560|6|S|21,38,O00560,S,6,21,SDCBP
Q9UHB6|686|S|21,38,Q9UHB6,S,686,21,LIMA1
Q9BRD0|151|S|21,38,Q9BRD0,S,151,21,BUD13
Q13547|421|S|21,38,Q13547,S,421,21,HDAC1
P16144|1494|S|21,38,P16144,S,1494,21,ITGB4
Q9P206|570|S|21,38,Q9P206,S,570,21,NHSL3
Q9UPT8|1275|S|21,38,Q9UPT8,S,1275,21,ZC3H4
Q8TDD1|39|S|21,38,Q8TDD1,S,39,21,DDX54
Q9UEY8|461|S|21,38,Q9UEY8,S,461,21,ADD3
Q9UPT8|1269|S|21,38,Q9UPT8,S,1269,21,ZC3H4
Q9P206|573|S|21,38,Q9P206,S,573,21,NHSL3
Q9P206|569|S|21,38,Q9P206,S,569,21,NHSL3
Q8WWI1|704|S|21,38,Q8WWI1,S,704,21,LMO7
Q9ULU4|490|S|21,38,Q9ULU4,S,490,21,ZMYND8
Q9BW04|462|S|21,38,Q9BW04,S,462,21,SARG
Q9H4L7|239|S|21,38,Q9H4L7,S,239,21,SMARCAD1
Q9H6Z4|125|S|21,38,Q9H6Z4,S,125,21,RANBP3
O95218|153|S|21,38,O95218,S,153,21,ZRANB2
O60763|942|S|21,38,O60763,S,942,21,USO1
Q86X95|196|S|21,38,Q86X95,S,196,21,CIRSR
P17812|574|S|21,38,P17812,S,574,21,CTPS1
P17812|573|S|21,38,P17812,S,573,21,CTPS1
Q8IVT2|575|S|21,38,Q8IVT2,S,575,21,MISP
P85037|441|S|21,38,P85037,S,441,21,FOXK1
Q9H4L7|242|S|21,38,Q9H4L7,S,242,21,SMARCAD1
O43719|616|S|21,38,O43719,S,616,21,HTATSF1
P46937|105|S|21,38,P46937,S,105,21,YAP1
Q03252|405|S|21,38,Q03252,S,405,21,LMNB2
Q9UKV3|490|S|21,38,Q9UKV3,S,490,21,ACIN1
Q8TDB6|9|S|21,38,Q8TDB6,S,9,21,DTX3L
O43719|624|S|21,38,O43719,S,624,21,HTATSF1
Q8N8S7|508|S|21,38,Q8N8S7,S,508,21,ENAH
Q13547|423|S|21,38,Q13547,S,423,21,HDAC1
Q9P206|562|S|21,38,Q9P206,S,562,21,NHSL3
P49756|583|S|21,38,P49756,S,583,21,RBM25
Q9UDY2|1067|S|21,38,Q9UDY2,S,1067,21,TJP2
Q92769|422|S|21,38,Q92769,S,422,21,HDAC2
Q8NDC0|15|S|21,38,Q8NDC0,S,15,21,MAPK1IP1L
P16144|1498|S|21,38,P16144,S,1498,21,ITGB4
P26368|2|S|21,38,P26368,S,2,21,U2AF2
P17812|575|S|21,38,P17812,S,575,21,CTPS1
Q9Y266|139|S|21,38,Q9Y266,S,139,21,NUDC
Q8IXK0|621|S|21,38,Q8IXK0,S,621,21,PHC2
Q9H4Z3|116|S|21,38,Q9H4Z3,S,116,21,PCIF1
Q9ULU4|488|S|21,38,Q9ULU4,S,488,21,ZMYND8
P16144|1497|R|7,38,P16144,R,1497,7,ITGB4
P85037|445|S|21,38,P85037,S,445,21,FOXK1
P07910|260|S|21,38,P07910,S,260,21,HNRNPC
O43719|618|R|7,38,O43719,R,618,7,HTATSF1
Q9BRD0|147|T|21,38,Q9BRD0,T,147,21,BUD13
P55196|1172|S|21,38,P55196,S,1172,21,AFDN
Q9P275|610|S|21,39,Q9P275,S,610,21,USP36
Q13191|479|T|21,39,Q13191,T,479,21,CBLB
Q9BQ39|41|S|21,39,Q9BQ39,S,41,21,DDX50
Q02952|648|S|21,39,Q02952,S,648,21,AKAP12
Q9P275|611|S|21,39,Q9P275,S,611,21,USP36
Q12888|1056|T|21,39,Q12888,T,1056,21,TP53BP1
Q8IU81|453|S|21,39,Q8IU81,S,453,21,IRF2BP1
Q13191|483|S|21,39,Q13191,S,483,21,CBLB
Q9P275|608|R|7,39,Q9P275,R,608,7,USP36
Q02880|1548|K|53,39,Q02880,K,1548,53,TOP2B
Q15910|487|T|21,39,Q15910,T,487,21,EZH2
Q9BW71|104|S|21,39,Q9BW71,S,104,21,HIRIP3
P18858|183|T|21,39,P18858,T,183,21,LIG1
Q9P275|607|R|7,39,Q9P275,R,607,7,USP36
P18858|182|T|21,39,P18858,T,182,21,LIG1
Q9P275|613|S|21,39,Q9P275,S,613,21,USP36
Q8TCJ2|505|R|7,39,Q8TCJ2,R,505,7,STT3B
Q7Z4S6|1271|S|21,39,Q7Z4S6,S,1271,21,KIF21A
Q9BQ39|48|R|7,39,Q9BQ39,R,48,7,DDX50
Q9BQ39|45|S|21,39,Q9BQ39,S,45,21,DDX50
Q9BW71|98|S|21,39,Q9BW71,S,98,21,HIRIP3
Q7Z417|623|S|21,39,Q7Z417,S,623,21,NUFIP2
P49023|106|S|21,39,P49023,S,106,21,PXN
Q9Y6D5|1513|S|21,39,Q9Y6D5,S,1513,21,ARFGEF2
Q9Y6D5|1509|R|7,39,Q9Y6D5,R,1509,7,ARFGEF2
Q02952|645|S|21,39,Q02952,S,645,21,AKAP12
Q15773|238|S|21,39,Q15773,S,238,21,MLF2
Q7Z4S6|1275|S|21,39,Q7Z4S6,S,1275,21,KIF21A
P16144|1455|T|21,39,P16144,T,1455,21,ITGB4
P38159|328|S|21,39,P38159,S,328,21,RBMX
Q641Q2|539|S|21,39,Q641Q2,S,539,21,WASHC2A
Q9C0C2|1617|R|7,39,Q9C0C2,R,1617,7,TNKS1BP1
Q9BW71|102|S|21,39,Q9BW71,S,102,21,HIRIP3
Q01484|907|S|21,39,Q01484,S,907,21,ANK2
Q9NYB9|183|S|21,39,Q9NYB9,S,183,21,ABI2
P24928|1906|S|21,39,P24928,S,1906,21,POLR2A
Q9Y6D5|1511|S|21,39,Q9Y6D5,S,1511,21,ARFGEF2
P24928|1892|S|21,39,P24928,S,1892,21,POLR2A
Q9Y6D5|1514|S|21,39,Q9Y6D5,S,1514,21,ARFGEF2
Q01826|633|S|21,39,Q01826,S,633,21,SATB1
Q9P275|612|S|21,39,Q9P275,S,612,21,USP36
O15438|912|S|21,39,O15438,S,912,21,ABCC3
Q9ULU4|406|S|21,39,Q9ULU4,S,406,21,ZMYND8
P35658|670|T|21,39,P35658,T,670,21,NUP214
P24928|1896|S|21,39,P24928,S,1896,21,POLR2A
P24928|1903|T|21,39,P24928,T,1903,21,POLR2A
Q02952|644|S|21,39,Q02952,S,644,21,AKAP12
Q86W92|40|S|21,39,Q86W92,S,40,21,PPFIBP1
Q9Y3X0|385|T|21,39,Q9Y3X0,T,385,21,CCDC9
Q5VT52|769|S|21,39,Q5VT52,S,769,21,RPRD2
Q9C0C2|1616|S|21,39,Q9C0C2,S,1616,21,TNKS1BP1
O76021|358|T|21,39,O76021,T,358,21,RSL1D1
Q9UHR4|414|S|21,40,Q9UHR4,S,414,21,BAIAP2L1
P46100|1434|S|21,40,P46100,S,1434,21,ATRX
P25205|722|T|21,40,P25205,T,722,21,MCM3
P57682|100|S|21,40,P57682,S,100,21,KLF3
Q86W92|602|T|21,40,Q86W92,T,602,21,PPFIBP1
Q9Y2X3|508|T|21,40,Q9Y2X3,T,508,21,NOP58
Q7Z417|629|S|21,40,Q7Z417,S,629,21,NUFIP2
P14618|516|R|7,40,P14618,R,516,7,PKM
Q15149|2767|R|7,40,Q15149,R,2767,7,PLEC
P46100|1435|S|21,40,P46100,S,1435,21,ATRX
O95696|808|S|21,40,O95696,S,808,21,BRD1
Q8WXG6|1241|S|21,40,Q8WXG6,S,1241,21,MADD
Q92974|952|S|21,40,Q92974,S,952,21,ARHGEF2
Q92974|940|S|21,40,Q92974,S,940,21,ARHGEF2
Q6PKG0|761|S|21,40,Q6PKG0,S,761,21,LARP1
Q6PKG0|765|R|7,40,Q6PKG0,R,765,7,LARP1
Q92922|327|H|53,40,Q92922,H,327,53,SMARCC1
P57682|92|S|21,40,P57682,S,92,21,KLF3
Q9Y3Z3|21|T|21,40,Q9Y3Z3,T,21,21,SAMHD1
Q9C0C2|239|T|21,40,Q9C0C2,T,239,21,TNKS1BP1
P35568|530|T|21,40,P35568,T,530,21,IRS1
P57682|101|S|21,40,P57682,S,101,21,KLF3
Q8TD55|311|T|21,40,Q8TD55,T,311,21,PLEKHO2
Q9UKV3|414|T|21,40,Q9UKV3,T,414,21,ACIN1
P23588|500|T|21,40,P23588,T,500,21,EIF4B
P29692|147|T|21,40,P29692,T,147,21,EEF1D
Q92922|326|K|53,40,Q92922,K,326,53,SMARCC1
Q9Y266|145|T|21,40,Q9Y266,T,145,21,NUDC
P57682|99|S|21,40,P57682,S,99,21,KLF3
P25205|713|T|21,40,P25205,T,713,21,MCM3
Q9UQ35|318|T|21,40,Q9UQ35,T,318,21,SRRM2
O95696|803|S|21,40,O95696,S,803,21,BRD1
Q14004|1146|S|21,40,Q14004,S,1146,21,CDK13
Q6PKG0|774|S|21,40,Q6PKG0,S,774,21,LARP1
Q15149|1435|S|21,40,Q15149,S,1435,21,PLEC
O76080|52|T|21,40,O76080,T,52,21,ZFAND5
Q86W92|603|T|21,40,Q86W92,T,603,21,PPFIBP1
O95785|1146|S|21,40,O95785,S,1146,21,WIZ
Q13153|229|T|21,40,Q13153,T,229,21,PAK1
Q9H307|96|S|21,40,Q9H307,S,96,21,PNN
P46013|2588|S|21,40,P46013,S,2588,21,MKI67
Q8IZ21|358|T|21,40,Q8IZ21,T,358,21,PHACTR4
Q13153|225|T|21,40,Q13153,T,225,21,PAK1
P46100|1436|S|21,40,P46100,S,1436,21,ATRX
Q86VM9|796|T|21,40,Q86VM9,T,796,21,ZC3H18
P35658|434|T|21,40,P35658,T,434,21,NUP214
O95785|1151|S|21,40,O95785,S,1151,21,WIZ
O95696|801|S|21,40,O95696,S,801,21,BRD1
P54727|159|T|21,40,P54727,T,159,21,RAD23B
Q13435|780|T|21,40,Q13435,T,780,21,SF3B2
Q08174|962|S|21,40,Q08174,S,962,21,PCDH1
Q6KC79|2509|S|21,41,Q6KC79,S,2509,21,NIPBL
Q14004|340|S|21,41,Q14004,S,340,21,CDK13
A7E2V4|1092|S|21,41,A7E2V4,S,1092,21,ZSWIM8
Q96HA1|396|S|21,41,Q96HA1,S,396,21,POM121
Q96HA1|392|S|21,41,Q96HA1,S,392,21,POM121
Q9H832|341|S|21,41,Q9H832,S,341,21,UBE2Z
Q9H832|337|S|21,41,Q9H832,S,337,21,UBE2Z
Q9H2G2|347|S|21,41,Q9H2G2,S,347,21,SLK
Q96HA1|395|S|21,41,Q96HA1,S,395,21,POM121
P17096|2|S|21,41,P17096,S,2,21,HMGA1
Q9BWT1|104|S|21,41,Q9BWT1,S,104,21,CDCA7
Q14684|451|T|21,41,Q14684,T,451,21,RRP1B
P08651|284|S|21,41,P08651,S,284,21,NFIC
P46821|1917|S|21,41,P46821,S,1917,21,MAP1B
Q5VUB5|360|S|21,41,Q5VUB5,S,360,21,FAM171A1
A7E2V4|1089|S|21,41,A7E2V4,S,1089,21,ZSWIM8
Q9H832|339|S|21,41,Q9H832,S,339,21,UBE2Z
Q9UHB6|692|S|21,41,Q9UHB6,S,692,21,LIMA1
Q5VUB5|358|S|21,41,Q5VUB5,S,358,21,FAM171A1
Q3L8U1|612|S|21,41,Q3L8U1,S,612,21,CHD9
Q9UK58|338|S|21,41,Q9UK58,S,338,21,CCNL1
Q4VC05|157|S|21,41,Q4VC05,S,157,21,BCL7A
Q96HA1|391|S|21,41,Q96HA1,S,391,21,POM121
Q9BWT1|106|S|21,41,Q9BWT1,S,106,21,CDCA7
A7E2V4|1088|S|21,41,A7E2V4,S,1088,21,ZSWIM8
Q9BYW2|1413|S|21,41,Q9BYW2,S,1413,21,SETD2
P49790|185|S|21,41,P49790,S,185,21,NUP153
Q12888|294|S|21,41,Q12888,S,294,21,TP53BP1
Q12888|301|S|21,41,Q12888,S,301,21,TP53BP1
P49790|192|S|21,41,P49790,S,192,21,NUP153
P08651|286|S|21,41,P08651,S,286,21,NFIC
Q14684|454|T|21,41,Q14684,T,454,21,RRP1B
Q96HA1|393|S|21,41,Q96HA1,S,393,21,POM121
Q9H832|340|S|21,41,Q9H832,S,340,21,UBE2Z
P49790|189|S|21,41,P49790,S,189,21,NUP153
Q3L8U1|616|S|21,41,Q3L8U1,S,616,21,CHD9
Q9UK58|330|T|21,41,Q9UK58,T,330,21,CCNL1
Q6KC79|2513|S|21,41,Q6KC79,S,2513,21,NIPBL
Q8WWM7|335|S|21,41,Q8WWM7,S,335,21,ATXN2L
P46821|1915|S|21,41,P46821,S,1915,21,MAP1B
P49790|188|S|21,41,P49790,S,188,21,NUP153
Q9H832|342|S|21,41,Q9H832,S,342,21,UBE2Z
Q96RT1|832|S|21,41,Q96RT1,S,832,21,ERBIN
Q93100|701|S|21,42,Q93100,S,701,21,PHKB
Q7Z309|137|S|21,42,Q7Z309,S,137,21,PABIR2
P08575|973|R|7,42,P08575,R,973,7,PTPRC
Q9Y618|1778|S|21,42,Q9Y618,S,1778,21,NCOR2
Q15435|24|S|21,42,Q15435,S,24,21,PPP1R7
O60885|598|T|21,42,O60885,T,598,21,BRD4
Q9C0B5|305|S|21,42,Q9C0B5,S,305,21,ZDHHC5
Q9C0B5|299|S|21,42,Q9C0B5,S,299,21,ZDHHC5
P08651|470|S|21,42,P08651,S,470,21,NFIC
Q15154|93|S|21,42,Q15154,S,93,21,PCM1
Q15435|36|S|21,42,Q15435,S,36,21,PPP1R7
Q6JBY9|284|S|21,42,Q6JBY9,S,284,21,RCSD1
Q9C0B5|307|S|21,42,Q9C0B5,S,307,21,ZDHHC5
P08651|477|S|21,42,P08651,S,477,21,NFIC
P08651|475|S|21,42,P08651,S,475,21,NFIC
P02545|619|S|21,42,P02545,S,619,21,LMNA
P41212|30|S|21,42,P41212,S,30,21,ETV6
Q9BQE9|107|S|21,42,Q9BQE9,S,107,21,BCL7B
Q9BQE9|114|S|21,42,Q9BQE9,S,114,21,BCL7B
Q9UI08|354|S|21,42,Q9UI08,S,354,21,EVL
Q93100|704|S|21,42,Q93100,S,704,21,PHKB
Q15435|37|S|21,42,Q15435,S,37,21,PPP1R7
Q9BQE9|111|S|21,42,Q9BQE9,S,111,21,BCL7B
P08651|473|S|21,42,P08651,S,473,21,NFIC
Q9BQE9|108|S|21,42,Q9BQE9,S,108,21,BCL7B
Q27J81|1148|T|21,42,Q27J81,T,1148,21,INF2
Q9BQE9|120|S|21,42,Q9BQE9,S,120,21,BCL7B
Q9C0B5|296|S|21,42,Q9C0B5,S,296,21,ZDHHC5
Q15435|27|S|21,42,Q15435,S,27,21,PPP1R7
Q02880|1473|S|21,42,Q02880,S,1473,21,TOP2B
P41212|26|S|21,42,P41212,S,26,21,ETV6
Q9UI08|349|S|21,42,Q9UI08,S,349,21,EVL
P49790|182|S|21,42,P49790,S,182,21,NUP153
Q9BQE9|118|S|21,42,Q9BQE9,S,118,21,BCL7B
Q9UKJ3|1107|S|21,42,Q9UKJ3,S,1107,21,GPATCH8
Q9BQE9|112|S|21,42,Q9BQE9,S,112,21,BCL7B
Q9BQE9|109|T|21,42,Q9BQE9,T,109,21,BCL7B
Q32MZ4|124|S|21,42,Q32MZ4,S,124,21,LRRFIP1
P54253|238|S|21,42,P54253,S,238,21,ATXN1
Q9UBW5|458|S|21,42,Q9UBW5,S,458,21,BIN2
P41212|29|S|21,42,P41212,S,29,21,ETV6
P54253|253|S|21,42,P54253,S,253,21,ATXN1
Q13207|342|S|21,43,Q13207,S,342,21,TBX2
Q8IWX8|813|S|21,43,Q8IWX8,S,813,21,CHERP
Q8IWX8|815|S|21,43,Q8IWX8,S,815,21,CHERP
Q8IYB3|211|S|21,43,Q8IYB3,S,211,21,SRRM1
Q9H6S3|479|S|21,43,Q9H6S3,S,479,21,EPS8L2
Q8IWX8|823|S|21,43,Q8IWX8,S,823,21,CHERP
O75179|2041|S|21,43,O75179,S,2041,21,ANKRD17
Q8IWX8|819|T|21,43,Q8IWX8,T,819,21,CHERP
Q16643|335|T|21,43,Q16643,T,335,21,DBN1
O15075|334|S|21,43,O15075,S,334,21,DCLK1
Q09666|5739|S|21,43,Q09666,S,5739,21,AHNAK
Q13207|336|S|21,43,Q13207,S,336,21,TBX2
P23497|157|S|21,43,P23497,S,157,21,SP100
O15075|330|S|21,43,O15075,S,330,21,DCLK1
Q99594|11|S|21,43,Q99594,S,11,21,TEAD3
O75179|2045|S|21,43,O75179,S,2045,21,ANKRD17
O75179|2044|S|21,43,O75179,S,2044,21,ANKRD17
P35658|985|S|21,43,P35658,S,985,21,NUP214
O15075|336|T|21,43,O15075,T,336,21,DCLK1
O15075|332|S|21,43,O15075,S,332,21,DCLK1
O15075|307|S|21,43,O15075,S,307,21,DCLK1
P35658|986|S|21,43,P35658,S,986,21,NUP214
O75179|2047|S|21,43,O75179,S,2047,21,ANKRD17
O14647|1373|S|21,43,O14647,S,1373,21,CHD2
O43765|77|S|21,43,O43765,S,77,21,SGTA
Q8IWX8|830|S|21,43,Q8IWX8,S,830,21,CHERP
Q9HCD6|1445|S|21,43,Q9HCD6,S,1445,21,TANC2
P35658|988|S|21,43,P35658,S,988,21,NUP214
Q8IWX8|822|S|21,43,Q8IWX8,S,822,21,CHERP
Q13796|1173|S|21,43,Q13796,S,1173,21,SHROOM2
Q8IWX8|817|S|21,43,Q8IWX8,S,817,21,CHERP
Q13573|234|S|21,43,Q13573,S,234,21,SNW1
O75179|2042|S|21,43,O75179,S,2042,21,ANKRD17
Q3YEC7|599|T|21,43,Q3YEC7,T,599,21,RABL6
P35658|989|S|21,43,P35658,S,989,21,NUP214
Q13796|1169|S|21,43,Q13796,S,1169,21,SHROOM2
Q8IYB3|209|S|21,43,Q8IYB3,S,209,21,SRRM1
Q13796|1171|S|21,43,Q13796,S,1171,21,SHROOM2
O15075|313|S|21,43,O15075,S,313,21,DCLK1
P98175|91|T|21,43,P98175,T,91,21,RBM10
Q8IWX8|828|S|21,43,Q8IWX8,S,828,21,CHERP
Q3YEC7|596|S|21,43,Q3YEC7,S,596,21,RABL6
P46821|936|S|21,44,P46821,S,936,21,MAP1B
Q8WVC0|220|S|21,44,Q8WVC0,S,220,21,LEO1
Q09666|5763|S|21,44,Q09666,S,5763,21,AHNAK
Q9UEY8|677|S|21,44,Q9UEY8,S,677,21,ADD3
Q6KC79|2491|S|21,44,Q6KC79,S,2491,21,NIPBL
O00499|296|S|21,44,O00499,S,296,21,BIN1
Q09666|5745|S|21,44,Q09666,S,5745,21,AHNAK
P46821|1438|S|21,44,P46821,S,1438,21,MAP1B
Q8WVC0|212|S|21,44,Q8WVC0,S,212,21,LEO1
Q9UPQ0|233|S|21,44,Q9UPQ0,S,233,21,LIMCH1
Q15459|359|S|21,44,Q15459,S,359,21,SF3A1
P46821|1389|S|21,44,P46821,S,1389,21,MAP1B
Q01082|2169|S|21,44,Q01082,S,2169,21,SPTBN1
Q9UEY8|673|S|21,44,Q9UEY8,S,673,21,ADD3
Q9UPQ0|226|S|21,44,Q9UPQ0,S,226,21,LIMCH1
Q9Y2W1|243|S|21,44,Q9Y2W1,S,243,21,THRAP3
Q9UPQ0|231|S|21,44,Q9UPQ0,S,231,21,LIMCH1
Q6KC79|2490|S|21,44,Q6KC79,S,2490,21,NIPBL
P46821|831|S|21,44,P46821,S,831,21,MAP1B
Q9UEY8|681|S|21,44,Q9UEY8,S,681,21,ADD3
Q09666|5749|S|21,44,Q09666,S,5749,21,AHNAK
O00499|298|S|21,44,O00499,S,298,21,BIN1
P46821|995|S|21,44,P46821,S,995,21,MAP1B
Q09666|5746|S|21,44,Q09666,S,5746,21,AHNAK
P46821|828|S|21,44,P46821,S,828,21,MAP1B
P46821|1797|S|21,44,P46821,S,1797,21,MAP1B
P46821|992|S|21,44,P46821,S,992,21,MAP1B
P46821|1793|S|21,44,P46821,S,1793,21,MAP1B
Q01082|2164|S|21,44,Q01082,S,2164,21,SPTBN1
P46821|1443|S|21,44,P46821,S,1443,21,MAP1B
Q66K74|759|S|21,44,Q66K74,S,759,21,MAP1S
P46821|832|S|21,44,P46821,S,832,21,MAP1B
Q01082|2165|S|21,44,Q01082,S,2165,21,SPTBN1
P46821|937|S|21,44,P46821,S,937,21,MAP1B
P46821|1378|S|21,44,P46821,S,1378,21,MAP1B
Q09666|5752|S|21,44,Q09666,S,5752,21,AHNAK
Q8WUB8|61|S|21,45,Q8WUB8,S,61,21,PHF10
Q8WUB8|56|S|21,45,Q8WUB8,S,56,21,PHF10
Q8NHM5|913|S|21,45,Q8NHM5,S,913,21,KDM2B
Q96PC5|1200|T|21,45,Q96PC5,T,1200,21,MIA2
Q96PC5|1202|S|21,45,Q96PC5,S,1202,21,MIA2
Q9UMS6|906|S|21,45,Q9UMS6,S,906,21,SYNPO2
Q96PC5|1198|S|21,45,Q96PC5,S,1198,21,MIA2
Q96PC5|1204|S|21,45,Q96PC5,S,1204,21,MIA2
Q8NHM5|910|S|21,45,Q8NHM5,S,910,21,KDM2B
O76080|58|S|21,45,O76080,S,58,21,ZFAND5
O00567|513|S|21,45,O00567,S,513,21,NOP56
O00567|511|S|21,45,O00567,S,511,21,NOP56
Q8IU60|247|S|21,45,Q8IU60,S,247,21,DCP2
Q9Y2K6|373|S|21,45,Q9Y2K6,S,373,21,USP20
Q8IU60|249|S|21,45,Q8IU60,S,249,21,DCP2
Q8IU60|246|S|21,45,Q8IU60,S,246,21,DCP2
P33991|31|S|21,45,P33991,S,31,21,MCM4
P51532|1586|S|21,45,P51532,S,1586,21,SMARCA4
Q7Z460|1088|S|21,45,Q7Z460,S,1088,21,CLASP1
Q8TEM1|1863|S|21,45,Q8TEM1,S,1863,21,NUP210
Q8NHM5|912|S|21,45,Q8NHM5,S,912,21,KDM2B
Q9BRD0|364|S|21,45,Q9BRD0,S,364,21,BUD13
Q8NHM5|907|S|21,45,Q8NHM5,S,907,21,KDM2B
Q8WUB8|60|S|21,45,Q8WUB8,S,60,21,PHF10
Q8NHM5|914|S|21,45,Q8NHM5,S,914,21,KDM2B
Q9UQ35|902|S|21,46,Q9UQ35,S,902,21,SRRM2
O75382|7|S|21,46,O75382,S,7,21,TRIM3
Q9H6S3|17|S|21,46,Q9H6S3,S,17,21,EPS8L2
Q9UQ35|913|S|21,46,Q9UQ35,S,913,21,SRRM2
Q9UQ35|903|T|21,46,Q9UQ35,T,903,21,SRRM2
Q9NSK0|590|S|21,46,Q9NSK0,S,590,21,KLC4
Q9UQ35|914|S|21,46,Q9UQ35,S,914,21,SRRM2
Q96PU5|449|S|21,46,Q96PU5,S,449,21,NEDD4L
Q5TDH0|120|S|21,46,Q5TDH0,S,120,21,DDI2
Q8WU90|356|S|21,46,Q8WU90,S,356,21,ZC3H15
Q5TDH0|118|S|21,46,Q5TDH0,S,118,21,DDI2
Q9UQ35|901|S|21,46,Q9UQ35,S,901,21,SRRM2
Q3MIN7|512|S|21,46,Q3MIN7,S,512,21,RGL3
Q5TDH0|128|S|21,46,Q5TDH0,S,128,21,DDI2
Q96PU5|448|S|21,46,Q96PU5,S,448,21,NEDD4L
Q5TDH0|121|S|21,46,Q5TDH0,S,121,21,DDI2
Q8WU90|351|S|21,46,Q8WU90,S,351,21,ZC3H15
Q9Y446|224|S|21,46,Q9Y446,S,224,21,PKP3
P04075|69|R|7,46,P04075,R,69,7,ALDOA
Q5TDH0|127|S|21,46,Q5TDH0,S,127,21,DDI2
Q09666|4908|S|21,46,Q09666,S,4908,21,AHNAK
Q96ST2|82|S|21,47,Q96ST2,S,82,21,IWS1
Q9UQ35|954|S|21,47,Q9UQ35,S,954,21,SRRM2
Q9BW71|332|S|21,47,Q9BW71,S,332,21,HIRIP3
Q9BW71|333|S|21,47,Q9BW71,S,333,21,HIRIP3
P35659|307|S|21,47,P35659,S,307,21,DEK
Q7Z4V5|396|S|21,47,Q7Z4V5,S,396,21,HDGFL2
P35659|303|S|21,47,P35659,S,303,21,DEK
P35659|301|S|21,47,P35659,S,301,21,DEK
Q641Q2|160|S|21,47,Q641Q2,S,160,21,WASHC2A
Q96ST2|69|S|21,47,Q96ST2,S,69,21,IWS1
Q7Z4V5|399|S|21,47,Q7Z4V5,S,399,21,HDGFL2
Q7Z4V5|395|S|21,47,Q7Z4V5,S,395,21,HDGFL2
Q9Y266|136|S|21,47,Q9Y266,S,136,21,NUDC
P35659|306|S|21,47,P35659,S,306,21,DEK
Q9UQ35|952|S|21,47,Q9UQ35,S,952,21,SRRM2
Q641Q2|158|S|21,47,Q641Q2,S,158,21,WASHC2A
Q7Z4V5|397|S|21,47,Q7Z4V5,S,397,21,HDGFL2
Q9UQ35|387|S|21,47,Q9UQ35,S,387,21,SRRM2
Q96ST2|80|S|21,47,Q96ST2,S,80,21,IWS1
Q9BW71|330|S|21,47,Q9BW71,S,330,21,HIRIP3
O15355|527|S|21,48,O15355,S,527,21,PPM1G
Q32MZ4|735|S|21,48,Q32MZ4,S,735,21,LRRFIP1
Q6ZRV2|5|S|21,48,Q6ZRV2,S,5,21,FAM83H
Q6ZRV2|9|S|21,48,Q6ZRV2,S,9,21,FAM83H
Q9H6S3|463|S|21,48,Q9H6S3,S,463,21,EPS8L2
Q8IW50|113|T|21,48,Q8IW50,T,113,21,FAM219A
Q8N108|492|S|21,48,Q8N108,S,492,21,MIER1
Q8NE71|228|S|21,48,Q8NE71,S,228,21,ABCF1
Q14669|1397|S|21,48,Q14669,S,1397,21,TRIP12
Q6ZRV2|7|S|21,48,Q6ZRV2,S,7,21,FAM83H
Q14669|1404|S|21,48,Q14669,S,1404,21,TRIP12
Q9Y4F5|1551|S|21,48,Q9Y4F5,S,1551,21,CEP170B
Q9Y4F5|1548|S|21,48,Q9Y4F5,S,1548,21,CEP170B
Q8IW50|115|S|21,48,Q8IW50,S,115,21,FAM219A
Q6PJG2|655|T|21,48,Q6PJG2,T,655,21,MIDEAS
Q14669|1392|S|21,48,Q14669,S,1392,21,TRIP12
Q15149|4628|T|21,48,Q15149,T,4628,21,PLEC
Q9Y4F5|1545|S|21,48,Q9Y4F5,S,1545,21,CEP170B
Q6ZRV2|8|S|21,48,Q6ZRV2,S,8,21,FAM83H
P62995|99|S|21,49,P62995,S,99,21,TRA2B
P61244|11|S|21,49,P61244,S,11,21,MAX
P46100|1996|S|21,49,P46100,S,1996,21,ATRX
Q96G46|277|S|21,49,Q96G46,S,277,21,DUS3L
P62995|95|S|21,49,P62995,S,95,21,TRA2B
Q96G46|276|S|21,49,Q96G46,S,276,21,DUS3L
Q86YP4|113|S|21,49,Q86YP4,S,113,21,GATAD2A
P61244|2|S|21,49,P61244,S,2,21,MAX
Q9BRD0|388|S|21,49,Q9BRD0,S,388,21,BUD13
Q96G46|272|S|21,49,Q96G46,S,272,21,DUS3L
P62995|97|S|21,49,P62995,S,97,21,TRA2B
Q71F23|111|S|21,49,Q71F23,S,111,21,CENPU
Q71F23|108|S|21,49,Q71F23,S,108,21,CENPU
P46100|1992|S|21,49,P46100,S,1992,21,ATRX
Q9UQ35|1654|S|21,50,Q9UQ35,S,1654,21,SRRM2
Q86W56|201|S|21,50,Q86W56,S,201,21,PARG
Q9UKY7|107|S|21,50,Q9UKY7,S,107,21,CDV3
Q86W56|197|S|21,50,Q86W56,S,197,21,PARG
Q9Y3R5|1193|S|21,50,Q9Y3R5,S,1193,21,DOP1B
Q9UQ35|1081|S|21,50,Q9UQ35,S,1081,21,SRRM2
Q9Y3R5|1189|S|21,50,Q9Y3R5,S,1189,21,DOP1B
Q9Y3R5|1191|S|21,50,Q9Y3R5,S,1191,21,DOP1B
Q9Y3R5|1194|S|21,50,Q9Y3R5,S,1194,21,DOP1B
Q9UKY7|106|S|21,50,Q9UKY7,S,106,21,CDV3
Q9UQ35|1653|S|21,50,Q9UQ35,S,1653,21,SRRM2
Q86W56|205|R|7,50,Q86W56,R,205,7,PARG
P23588|444|K|53,50,P23588,K,444,53,EIF4B
Q9H4L7|213|S|21,51,Q9H4L7,S,213,21,SMARCAD1
Q13523|23|S|21,51,Q13523,S,23,21,PRP4K
Q9H4L7|214|S|21,51,Q9H4L7,S,214,21,SMARCAD1
P11388|1471|S|21,51,P11388,S,1471,21,TOP2A
Q9H4L7|212|S|21,51,Q9H4L7,S,212,21,SMARCAD1
Q9H4L7|211|S|21,51,Q9H4L7,S,211,21,SMARCAD1
P11388|1474|S|21,51,P11388,S,1474,21,TOP2A
Q13523|20|S|21,51,Q13523,S,20,21,PRP4K
P11388|1469|S|21,51,P11388,S,1469,21,TOP2A
P11388|1470|T|21,51,P11388,T,1470,21,TOP2A
Q96ST2|363|S|21,51,Q96ST2,S,363,21,IWS1
Q96ST2|362|S|21,51,Q96ST2,S,362,21,IWS1
Q96ST2|365|S|21,51,Q96ST2,S,365,21,IWS1
Q8N3X1|508|S|21,52,Q8N3X1,S,508,21,FNBP4
Q05209|608|S|21,52,Q05209,S,608,21,PTPN12
O15085|1458|S|21,52,O15085,S,1458,21,ARHGEF11
Q13098|468|S|21,52,Q13098,S,468,21,GPS1
O15085|1462|T|21,52,O15085,T,1462,21,ARHGEF11
Q9Y2X7|375|S|21,52,Q9Y2X7,S,375,21,GIT1
Q8N3X1|499|S|21,52,Q8N3X1,S,499,21,FNBP4
O15085|1457|S|21,52,O15085,S,1457,21,ARHGEF11
Q5VZ89|973|S|21,52,Q5VZ89,S,973,21,DENND4C
Q5VZ89|968|S|21,52,Q5VZ89,S,968,21,DENND4C
O15085|1461|T|21,52,O15085,T,1461,21,ARHGEF11
Q13098|474|S|21,52,Q13098,S,474,21,GPS1
Q9H4A3|2029|S|21,53,Q9H4A3,S,2029,21,WNK1
Q9UQ35|1501|S|21,53,Q9UQ35,S,1501,21,SRRM2
Q9UQ35|1502|S|21,53,Q9UQ35,S,1502,21,SRRM2
P48634|1106|S|21,53,P48634,S,1106,21,PRRC2A
Q9UQ35|1499|S|21,53,Q9UQ35,S,1499,21,SRRM2
P48634|342|S|21,53,P48634,S,342,21,PRRC2A
P48634|350|S|21,53,P48634,S,350,21,PRRC2A
Q9BUA3|148|S|21,53,Q9BUA3,S,148,21,SPINDOC
Q9BUA3|154|S|21,53,Q9BUA3,S,154,21,SPINDOC
Q9BUA3|152|S|21,53,Q9BUA3,S,152,21,SPINDOC
Q9H4A3|2027|S|21,53,Q9H4A3,S,2027,21,WNK1
P48634|1110|S|21,53,P48634,S,1110,21,PRRC2A
Q9Y2X7|417|S|21,54,Q9Y2X7,S,417,21,GIT1
Q5T4S7|364|S|21,54,Q5T4S7,S,364,21,UBR4
Q5T4S7|362|S|21,54,Q5T4S7,S,362,21,UBR4
Q9Y2X7|410|S|21,54,Q9Y2X7,S,410,21,GIT1
Q9UQ35|424|S|21,54,Q9UQ35,S,424,21,SRRM2
Q8N1G0|242|S|21,54,Q8N1G0,S,242,21,ZNF687
Q5T4S7|365|S|21,54,Q5T4S7,S,365,21,UBR4
Q9Y2X7|414|S|21,54,Q9Y2X7,S,414,21,GIT1
Q8N1G0|241|S|21,54,Q8N1G0,S,241,21,ZNF687
Q9Y2X7|413|S|21,54,Q9Y2X7,S,413,21,GIT1
Q8N1G0|227|S|21,54,Q8N1G0,S,227,21,ZNF687
Q9ULH0|1598|S|21,55,Q9ULH0,S,1598,21,KIDINS220
Q96ST2|261|S|21,55,Q96ST2,S,261,21,IWS1
Q15223|435|S|21,55,Q15223,S,435,21,NECTIN1
P52948|608|S|21,55,P52948,S,608,21,NUP98
Q15223|434|S|21,55,Q15223,S,434,21,NECTIN1
Q96ST2|263|S|21,55,Q96ST2,S,263,21,IWS1
P49790|190|R|7,55,P49790,R,190,7,NUP153
P28799|213|S|21,55,P28799,S,213,21,GRN
Q5SSJ5|432|R|7,55,Q5SSJ5,R,432,7,HP1BP3
P38398|1189|S|21,56,P38398,S,1189,21,BRCA1
P14921|282|S|21,56,P14921,S,282,21,ETS1
P38398|1191|S|21,56,P38398,S,1191,21,BRCA1
Q8NEM2|42|S|21,56,Q8NEM2,S,42,21,SHCBP1
P38398|1187|S|21,56,P38398,S,1187,21,BRCA1
P38398|1188|R|7,56,P38398,R,1188,7,BRCA1
Q8NEM2|47|S|21,56,Q8NEM2,S,47,21,SHCBP1
Q8NEM2|44|S|21,56,Q8NEM2,S,44,21,SHCBP1
Q9GZV5|66|S|21,57,Q9GZV5,S,66,21,WWTR1
Q9GZV5|65|S|21,57,Q9GZV5,S,65,21,WWTR1
Q7Z3K3|438|S|21,57,Q7Z3K3,S,438,21,POGZ
Q9H6S3|480|S|21,57,Q9H6S3,S,480,21,EPS8L2
Q7Z3K3|445|S|21,57,Q7Z3K3,S,445,21,POGZ
Q9NPQ8|441|T|21,57,Q9NPQ8,T,441,21,RIC8A
Q9GZV5|69|S|21,57,Q9GZV5,S,69,21,WWTR1
Q7Z3K3|435|T|21,57,Q7Z3K3,T,435,21,POGZ
O75400|885|S|21,58,O75400,S,885,21,PRPF40A
O75400|888|S|21,58,O75400,S,888,21,PRPF40A
P05114|86|S|21,58,P05114,S,86,21,HMGN1
O14974|871|S|21,58,O14974,S,871,21,PPP1R12A
P05114|89|S|21,58,P05114,S,89,21,HMGN1
O14974|862|S|21,58,O14974,S,862,21,PPP1R12A
O75400|883|S|21,58,O75400,S,883,21,PRPF40A
Q5VTL8|527|S|21,59,Q5VTL8,S,527,21,PRPF38B
Q15424|375|S|21,59,Q15424,S,375,21,SAFB
Q15424|383|S|21,59,Q15424,S,383,21,SAFB
P35659|244|S|21,59,P35659,S,244,21,DEK
P35659|243|S|21,59,P35659,S,243,21,DEK
Q5VTL8|529|S|21,59,Q5VTL8,S,529,21,PRPF38B
Q15424|384|S|21,59,Q15424,S,384,21,SAFB
Q96AY2|12|S|21,60,Q96AY2,S,12,21,EME1
Q96AY2|17|S|21,60,Q96AY2,S,17,21,EME1
Q96AY2|6|S|21,60,Q96AY2,S,6,21,EME1
Q14687|84|S|21,60,Q14687,S,84,21,GSE1
Q96AY2|15|S|21,60,Q96AY2,S,15,21,EME1
Q96AY2|9|S|21,60,Q96AY2,S,9,21,EME1
Q96AY2|7|S|21,60,Q96AY2,S,7,21,EME1
Q99959|154|S|21,61,Q99959,S,154,21,PKP2
Q15418|363|S|21,61,Q15418,S,363,21,RPS6KA1
Q99959|158|R|7,61,Q99959,R,158,7,PKP2
Q6VN20|365|S|21,61,Q6VN20,S,365,21,RANBP10
Q99959|155|S|21,61,Q99959,S,155,21,PKP2
Q99959|151|S|21,61,Q99959,S,151,21,PKP2
Q8WWI1|865|S|21,61,Q8WWI1,S,865,21,LMO7
P54198|610|S|21,62,P54198,S,610,21,HIRA
Q8N6N3|155|T|21,62,Q8N6N3,T,155,21,C1orf52
Q92560|597|S|21,62,Q92560,S,597,21,BAP1
P54198|614|S|21,62,P54198,S,614,21,HIRA
P54198|612|S|21,62,P54198,S,612,21,HIRA
Q68EM7|674|S|21,62,Q68EM7,S,674,21,ARHGAP17
P54198|611|S|21,62,P54198,S,611,21,HIRA
Q6VY07|534|S|21,63,Q6VY07,S,534,21,PACS1
Q9H1B7|657|S|21,63,Q9H1B7,S,657,21,IRF2BPL
Q6VY07|531|S|21,63,Q6VY07,S,531,21,PACS1
Q9H1B7|659|S|21,63,Q9H1B7,S,659,21,IRF2BPL
Q6VY07|529|S|21,63,Q6VY07,S,529,21,PACS1
Q9H1B7|658|S|21,63,Q9H1B7,S,658,21,IRF2BPL
Q6VY07|528|S|21,63,Q6VY07,S,528,21,PACS1
Q92615|589|S|21,64,Q92615,S,589,21,LARP4B
Q9Y6D5|623|S|21,64,Q9Y6D5,S,623,21,ARFGEF2
Q9Y6D5|624|S|21,64,Q9Y6D5,S,624,21,ARFGEF2
Q9Y6D5|617|S|21,64,Q9Y6D5,S,617,21,ARFGEF2
Q9Y6D5|620|S|21,64,Q9Y6D5,S,620,21,ARFGEF2
Q8WXI9|334|S|21,64,Q8WXI9,S,334,21,GATAD2B
O94979|532|S|21,65,O94979,S,532,21,SEC31A
P46821|1801|S|21,65,P46821,S,1801,21,MAP1B
P11137|1649|T|21,65,P11137,T,1649,21,MAP2
O94979|527|S|21,65,O94979,S,527,21,SEC31A
Q15311|27|T|21,65,Q15311,T,27,21,RALBP1
P11137|1653|S|21,65,P11137,S,1653,21,MAP2
O75475|94|S|21,66,O75475,S,94,21,PSIP1
O75475|93|S|21,66,O75475,S,93,21,PSIP1
Q9HC35|7|S|21,66,Q9HC35,S,7,21,EML4
P50552|324|S|21,66,P50552,S,324,21,VASP
Q13153|230|T|21,66,Q13153,T,230,21,PAK1
Q9HC35|11|S|21,66,Q9HC35,S,11,21,EML4
Q99081|559|S|21,67,Q99081,S,559,21,TCF12
O60238|63|S|21,67,O60238,S,63,21,BNIP3L
Q99081|558|S|21,67,Q99081,S,558,21,TCF12
O60238|65|S|21,67,O60238,S,65,21,BNIP3L
O60238|64|S|21,67,O60238,S,64,21,BNIP3L
O60238|62|S|21,67,O60238,S,62,21,BNIP3L
Q15910|363|S|21,68,Q15910,S,363,21,EZH2
Q15910|366|S|21,68,Q15910,S,366,21,EZH2
Q96RT1|602|S|21,68,Q96RT1,S,602,21,ERBIN
P07814|880|S|21,68,P07814,S,880,21,EPRS1
Q15910|362|S|21,68,Q15910,S,362,21,EZH2
Q96RT1|603|S|21,68,Q96RT1,S,603,21,ERBIN
Q8NEJ9|143|S|21,69,Q8NEJ9,S,143,21,NGDN
Q8NEJ9|135|S|21,69,Q8NEJ9,S,135,21,NGDN
Q8NEJ9|142|S|21,69,Q8NEJ9,S,142,21,NGDN
Q13595|18|S|21,69,Q13595,S,18,21,TRA2A
Q13595|16|S|21,69,Q13595,S,16,21,TRA2A
Q8NEJ9|139|S|21,69,Q8NEJ9,S,139,21,NGDN
Q9P289|304|S|21,70,Q9P289,S,304,21,STK26
Q8IV50|33|S|21,70,Q8IV50,S,33,21,LYSMD2
Q8IV50|29|S|21,70,Q8IV50,S,29,21,LYSMD2
Q8IV50|31|S|21,70,Q8IV50,S,31,21,LYSMD2
Q9P289|300|S|21,70,Q9P289,S,300,21,STK26
Q9P289|306|S|21,70,Q9P289,S,306,21,STK26
Q02880|1400|S|21,71,Q02880,S,1400,21,TOP2B
Q9C0D5|207|S|21,71,Q9C0D5,S,207,21,TANC1
Q9NQC7|397|R|7,71,Q9NQC7,R,397,7,CYLD
Q9NQC7|398|S|21,71,Q9NQC7,S,398,21,CYLD
Q9C0D5|214|S|21,71,Q9C0D5,S,214,21,TANC1
Q9NQC7|399|S|21,71,Q9NQC7,S,399,21,CYLD
P53999|15|S|21,72,P53999,S,15,21,SUB1
Q8IZ21|518|S|21,72,Q8IZ21,S,518,21,PHACTR4
Q8IZ21|516|S|21,72,Q8IZ21,S,516,21,PHACTR4
O15075|355|S|21,72,O15075,S,355,21,DCLK1
P11831|224|S|21,72,P11831,S,224,21,SRF
P11831|221|S|21,72,P11831,S,221,21,SRF
O95714|1938|S|21,73,O95714,S,1938,21,HERC2
Q13428|79|S|21,73,Q13428,S,79,21,TCOF1
Q13428|87|S|21,73,Q13428,S,87,21,TCOF1
Q9NR09|480|S|21,73,Q9NR09,S,480,21,BIRC6
Q13428|88|S|21,73,Q13428,S,88,21,TCOF1
O95714|1942|S|21,73,O95714,S,1942,21,HERC2
P07900|252|S|21,74,P07900,S,252,21,HSP90AA1
O60271|728|S|21,74,O60271,S,728,21,SPAG9
Q9UPN9|862|S|21,74,Q9UPN9,S,862,21,TRIM33
Q9UGN5|33|S|21,74,Q9UGN5,S,33,21,PARP2
P07900|74|K|34,74,P07900,K,74,34,HSP90AA1
Q9UGN5|34|S|21,74,Q9UGN5,S,34,21,PARP2
Q14978|87|S|21,75,Q14978,S,87,21,NOLC1
Q14978|83|S|21,75,Q14978,S,83,21,NOLC1
Q14978|85|S|21,75,Q14978,S,85,21,NOLC1
Q14978|84|S|21,75,Q14978,S,84,21,NOLC1
Q14978|91|S|21,75,Q14978,S,91,21,NOLC1
Q14978|90|S|21,75,Q14978,S,90,21,NOLC1
Q9H2Y7|1026|S|21,76,Q9H2Y7,S,1026,21,ZNF106
Q9H1E3|73|S|23,76,Q9H1E3,S,73,23,NUCKS1
Q86YS7|305|S|21,76,Q86YS7,S,305,21,C2CD5
Q86YS7|307|S|21,76,Q86YS7,S,307,21,C2CD5
Q96T23|1226|S|21,76,Q96T23,S,1226,21,RSF1
Q9H2Y7|1025|S|21,76,Q9H2Y7,S,1025,21,ZNF106
P29590|583|S|21,77,P29590,S,583,21,PML
P29590|578|S|21,77,P29590,S,578,21,PML
P29590|582|S|21,77,P29590,S,582,21,PML
P29590|580|S|21,77,P29590,S,580,21,PML
Q9UHB6|371|S|21,77,Q9UHB6,S,371,21,LIMA1
P29590|579|S|21,77,P29590,S,579,21,PML
Q5T1V6|76|S|21,78,Q5T1V6,S,76,21,DDX59
Q5T1V6|64|S|21,78,Q5T1V6,S,64,21,DDX59
Q8N1F8|392|S|21,78,Q8N1F8,S,392,21,STK11IP
Q9BQ67|119|S|21,78,Q9BQ67,S,119,21,GRWD1
Q9BQ67|122|S|21,78,Q9BQ67,S,122,21,GRWD1
P48553|710|S|21,79,P48553,S,710,21,TRAPPC10
P48553|708|S|21,79,P48553,S,708,21,TRAPPC10
Q92797|494|S|21,79,Q92797,S,494,21,SYMPK
P48553|709|S|21,79,P48553,S,709,21,TRAPPC10
P48553|711|S|21,79,P48553,S,711,21,TRAPPC10
P12694|347|S|21,80,P12694,S,347,21,BCKDHA
Q92545|1342|S|21,80,Q92545,S,1342,21,TMEM131
P12694|346|R|7,80,P12694,R,346,7,BCKDHA
Q92545|1341|S|21,80,Q92545,S,1341,21,TMEM131
P12694|339|S|21,80,P12694,S,339,21,BCKDHA
Q9Y2U8|144|S|21,81,Q9Y2U8,S,144,21,LEMD3
Q9UN81|18|S|21,81,Q9UN81,S,18,21,L1RE1
Q9Y2U8|141|S|21,81,Q9Y2U8,S,141,21,LEMD3
Q9Y2U8|140|S|21,81,Q9Y2U8,S,140,21,LEMD3
Q9UK58|329|S|21,81,Q9UK58,S,329,21,CCNL1
Q86WB0|62|S|21,82,Q86WB0,S,62,21,ZC3HC1
P36915|50|T|21,82,P36915,T,50,21,GNL1
Q96ST2|235|S|21,82,Q96ST2,S,235,21,IWS1
P36915|51|S|21,82,P36915,S,51,21,GNL1
Q96ST2|237|S|21,82,Q96ST2,S,237,21,IWS1
Q96JG6|559|S|21,83,Q96JG6,S,559,21,VPS50
Q86TV6|625|S|21,83,Q86TV6,S,625,21,TTC7B
Q86TV6|630|S|21,83,Q86TV6,S,630,21,TTC7B
Q96JG6|561|S|21,83,Q96JG6,S,561,21,VPS50
Q86TV6|629|S|21,83,Q86TV6,S,629,21,TTC7B
Q8IWB9|266|S|21,84,Q8IWB9,S,266,21,TEX2
Q8IWB9|265|S|21,84,Q8IWB9,S,265,21,TEX2
Q8IWB9|270|S|21,84,Q8IWB9,S,270,21,TEX2
P16144|1496|T|21,84,P16144,T,1496,21,ITGB4
Q8IWB9|262|T|21,84,Q8IWB9,T,262,21,TEX2
Q9UQ35|986|R|7,85,Q9UQ35,R,986,7,SRRM2
Q9UQ35|988|S|21,85,Q9UQ35,S,988,21,SRRM2
Q86UU1|518|S|21,85,Q86UU1,S,518,21,PHLDB1
Q9UQ35|992|S|21,85,Q9UQ35,S,992,21,SRRM2
Q86UU1|520|S|21,85,Q86UU1,S,520,21,PHLDB1
P23497|407|S|21,86,P23497,S,407,21,SP100
P23497|409|S|21,86,P23497,S,409,21,SP100
P08651|305|S|21,86,P08651,S,305,21,NFIC
P08651|294|S|21,86,P08651,S,294,21,NFIC
P23497|410|S|21,86,P23497,S,410,21,SP100
O94842|178|S|21,87,O94842,S,178,21,TOX4
O94842|181|S|21,87,O94842,S,181,21,TOX4
O94842|182|S|21,87,O94842,S,182,21,TOX4
O94842|175|T|21,87,O94842,T,175,21,TOX4
O94842|176|T|21,87,O94842,T,176,21,TOX4
Q66GS9|1126|S|21,88,Q66GS9,S,1126,21,CEP135
Q66GS9|1121|T|21,88,Q66GS9,T,1121,21,CEP135
Q66GS9|1125|S|21,88,Q66GS9,S,1125,21,CEP135
Q66GS9|1130|S|21,88,Q66GS9,S,1130,21,CEP135
Q66GS9|1132|S|21,88,Q66GS9,S,1132,21,CEP135
Q9ULU4|38|S|21,89,Q9ULU4,S,38,21,ZMYND8
Q9ULU4|40|S|21,89,Q9ULU4,S,40,21,ZMYND8
Q9ULU4|24|S|21,89,Q9ULU4,S,24,21,ZMYND8
Q9ULU4|28|S|21,89,Q9ULU4,S,28,21,ZMYND8
Q9ULU4|29|S|21,89,Q9ULU4,S,29,21,ZMYND8
Q99549|136|S|21,90,Q99549,S,136,21,MPHOSPH8
Q92541|53|S|21,90,Q92541,S,53,21,RTF1
Q99549|138|S|21,90,Q99549,S,138,21,MPHOSPH8
Q92541|60|S|21,90,Q92541,S,60,21,RTF1
Q92541|58|S|21,90,Q92541,S,58,21,RTF1
Q14C86|950|S|21,91,Q14C86,S,950,21,GAPVD1
Q9UQ35|782|S|21,91,Q9UQ35,S,782,21,SRRM2
Q9UQ35|783|S|21,91,Q9UQ35,S,783,21,SRRM2
Q14C86|948|S|21,91,Q14C86,S,948,21,GAPVD1
Q14151|233|S|21,91,Q14151,S,233,21,SAFB2
Q9UKV3|240|S|21,92,Q9UKV3,S,240,21,ACIN1
Q9UKV3|243|S|21,92,Q9UKV3,S,243,21,ACIN1
Q86WB0|335|S|21,92,Q86WB0,S,335,21,ZC3HC1
Q86WB0|344|S|21,92,Q86WB0,S,344,21,ZC3HC1
Q86WB0|338|S|21,92,Q86WB0,S,338,21,ZC3HC1
Q9H5I1|384|S|21,93,Q9H5I1,S,384,21,SUV39H2
Q96ST2|513|S|21,93,Q96ST2,S,513,21,IWS1
Q9H5I1|381|S|21,93,Q9H5I1,S,381,21,SUV39H2
Q9H5I1|388|S|21,93,Q9H5I1,S,388,21,SUV39H2
Q96ST2|511|S|21,93,Q96ST2,S,511,21,IWS1
Q9NZW5|106|S|21,94,Q9NZW5,S,106,21,PALS2
Q9NZW5|109|S|21,94,Q9NZW5,S,109,21,PALS2
Q9NZW5|110|S|21,94,Q9NZW5,S,110,21,PALS2
Q9NZW5|117|S|21,94,Q9NZW5,S,117,21,PALS2
Q9NZW5|116|S|21,94,Q9NZW5,S,116,21,PALS2
P16989|201|S|21,95,P16989,S,201,21,YBX3
O75643|225|S|21,95,O75643,S,225,21,SNRNP200
O75821|41|T|21,95,O75821,T,41,21,EIF3G
P16989|204|S|21,95,P16989,S,204,21,YBX3
P16989|203|S|21,95,P16989,S,203,21,YBX3
Q9BZE4|472|S|21,96,Q9BZE4,S,472,21,GTPBP4
Q9BZE4|470|S|21,96,Q9BZE4,S,470,21,GTPBP4
Q8WY36|479|S|21,96,Q8WY36,S,479,21,BBX
Q8WY36|478|S|21,96,Q8WY36,S,478,21,BBX
Q8WY36|481|S|21,96,Q8WY36,S,481,21,BBX
O00567|466|S|21,97,O00567,S,466,21,NOP56
O00567|465|S|21,97,O00567,S,465,21,NOP56
O00567|467|S|21,97,O00567,S,467,21,NOP56
O00567|462|S|21,97,O00567,S,462,21,NOP56
O00567|461|S|21,97,O00567,S,461,21,NOP56
Q13620|143|S|21,98,Q13620,S,143,21,CUL4B
Q13620|146|S|21,98,Q13620,S,146,21,CUL4B
Q13620|145|S|21,98,Q13620,S,145,21,CUL4B
Q13620|142|S|21,98,Q13620,S,142,21,CUL4B
Q13620|144|S|21,98,Q13620,S,144,21,CUL4B
Q9UIG0|158|S|21,99,Q9UIG0,S,158,21,BAZ1B
Q9UIG0|161|S|21,99,Q9UIG0,S,161,21,BAZ1B
Q9UIG0|167|S|21,99,Q9UIG0,S,167,21,BAZ1B
Q9UIG0|160|S|21,99,Q9UIG0,S,160,21,BAZ1B
Q9UIG0|166|S|21,99,Q9UIG0,S,166,21,BAZ1B
Q13451|13|S|21,100,Q13451,S,13,21,FKBP5
Q12965|1002|S|21,100,Q12965,S,1002,21,MYO1E
Q14004|437|S|21,100,Q14004,S,437,21,CDK13
Q12965|1005|S|21,100,Q12965,S,1005,21,MYO1E
Q12965|1004|S|21,100,Q12965,S,1004,21,MYO1E
Q9H7N4|725|S|21,101,Q9H7N4,S,725,21,SCAF1
Q9HAW4|65|S|21,101,Q9HAW4,S,65,21,CLSPN
Q9P265|185|S|21,101,Q9P265,S,185,21,DIP2B
Q9P265|187|S|21,101,Q9P265,S,187,21,DIP2B
Q9P265|184|T|21,101,Q9P265,T,184,21,DIP2B
P48681|1489|S|21,102,P48681,S,1489,21,NES
P48681|1492|S|21,102,P48681,S,1492,21,NES
P84243|28|K|34,102,P84243,K,28,34,H3
P48681|1496|S|21,102,P48681,S,1496,21,NES
P48681|1498|S|21,102,P48681,S,1498,21,NES
Q6P3S6|552|S|21,103,Q6P3S6,S,552,21,FBXO42
Q9BRS2|22|S|21,103,Q9BRS2,S,22,21,RIOK1
Q9BRS2|21|S|21,103,Q9BRS2,S,21,21,RIOK1
Q6P3S6|545|S|21,103,Q6P3S6,S,545,21,FBXO42
O60343|757|S|21,104,O60343,S,757,21,TBC1D4
O60343|750|S|21,104,O60343,S,750,21,TBC1D4
O60343|751|S|21,104,O60343,S,751,21,TBC1D4
O60343|754|S|21,104,O60343,S,754,21,TBC1D4
Q2LD37|3827|S|21,105,Q2LD37,S,3827,21,BLTP1
Q27J81|1229|S|21,105,Q27J81,S,1229,21,INF2
Q27J81|1227|S|21,105,Q27J81,S,1227,21,INF2
Q2LD37|3828|S|21,105,Q2LD37,S,3828,21,BLTP1
O94880|25|S|21,106,O94880,S,25,21,PHF14
O94880|23|Y|21,106,O94880,Y,23,21,PHF14
O94880|26|S|21,106,O94880,S,26,21,PHF14
O94880|29|S|21,106,O94880,S,29,21,PHF14
Q96ST2|440|S|21,107,Q96ST2,S,440,21,IWS1
Q7Z4V5|634|S|21,107,Q7Z4V5,S,634,21,HDGFL2
Q7Z4V5|633|S|21,107,Q7Z4V5,S,633,21,HDGFL2
Q96ST2|438|S|21,107,Q96ST2,S,438,21,IWS1
Q9NR09|486|S|21,108,Q9NR09,S,486,21,BIRC6
Q9HA82|342|S|21,108,Q9HA82,S,342,21,CERS4
Q9HA82|350|S|21,108,Q9HA82,S,350,21,CERS4
Q9HA82|349|S|21,108,Q9HA82,S,349,21,CERS4
Q7Z5L9|460|S|21,109,Q7Z5L9,S,460,21,IRF2BP2
Q9H7N4|500|S|21,109,Q9H7N4,S,500,21,SCAF1
Q9H7N4|498|S|21,109,Q9H7N4,S,498,21,SCAF1
Q7Z5L9|457|S|21,109,Q7Z5L9,S,457,21,IRF2BP2
Q96N67|910|S|21,110,Q96N67,S,910,21,DOCK7
Q9UQ35|1729|S|21,110,Q9UQ35,S,1729,21,SRRM2
O60841|107|S|21,110,O60841,S,107,21,EIF5B
Q15154|69|S|21,110,Q15154,S,69,21,PCM1
Q5T8D3|196|S|21,111,Q5T8D3,S,196,21,ACBD5
Q5T8D3|200|S|21,111,Q5T8D3,S,200,21,ACBD5
Q8NC44|344|S|21,111,Q8NC44,S,344,21,RETREG2
Q8NC44|337|S|21,111,Q8NC44,S,337,21,RETREG2
Q15021|1370|S|21,112,Q15021,S,1370,21,NCAPD2
Q15021|1367|S|21,112,Q15021,S,1367,21,NCAPD2
Q15021|1371|S|21,112,Q15021,S,1371,21,NCAPD2
Q15021|1366|S|21,112,Q15021,S,1366,21,NCAPD2
Q9H1E3|58|S|21,113,Q9H1E3,S,58,21,NUCKS1
Q9H1E3|61|S|21,113,Q9H1E3,S,61,21,NUCKS1
Q92504|275|S|21,113,Q92504,S,275,21,SLC39A7
Q92504|276|S|21,113,Q92504,S,276,21,SLC39A7
Q9UGH3|81|S|21,114,Q9UGH3,S,81,21,SLC23A2
Q9UGH3|70|S|21,114,Q9UGH3,S,70,21,SLC23A2
Q9UGH3|71|S|21,114,Q9UGH3,S,71,21,SLC23A2
Q9UGH3|78|S|21,114,Q9UGH3,S,78,21,SLC23A2
Q8IX21|710|S|21,115,Q8IX21,S,710,21,SLF2
Q8IX21|711|T|21,115,Q8IX21,T,711,21,SLF2
Q9HAW4|75|S|21,115,Q9HAW4,S,75,21,CLSPN
Q9HAW4|67|S|21,115,Q9HAW4,S,67,21,CLSPN
Q96ST2|435|T|21,116,Q96ST2,T,435,21,IWS1
Q8N9E0|101|S|21,116,Q8N9E0,S,101,21,FAM133A
Q8N9E0|104|S|21,116,Q8N9E0,S,104,21,FAM133A
Q5JTV8|149|R|7,116,Q5JTV8,R,149,7,TOR1AIP1
Q5T200|340|S|21,117,Q5T200,S,340,21,ZC3H13
Q5T200|341|S|21,117,Q5T200,S,341,21,ZC3H13
Q15648|1023|S|21,117,Q15648,S,1023,21,MED1
Q5T200|344|R|7,117,Q5T200,R,344,7,ZC3H13
Q9H7L9|53|S|21,118,Q9H7L9,S,53,21,SUDS3
Q9UQ35|1482|S|21,118,Q9UQ35,S,1482,21,SRRM2
Q9UQ35|1483|S|21,118,Q9UQ35,S,1483,21,SRRM2
Q9H7L9|45|S|21,118,Q9H7L9,S,45,21,SUDS3
Q5T0N5|489|S|21,119,Q5T0N5,S,489,21,FNBP1L
Q5T0N5|488|S|21,119,Q5T0N5,S,488,21,FNBP1L
Q5T0N5|499|R|7,119,Q5T0N5,R,499,7,FNBP1L
Q5T0N5|501|S|21,119,Q5T0N5,S,501,21,FNBP1L
Q8N108|491|S|21,120,Q8N108,S,491,21,MIER1
Q8N108|483|S|21,120,Q8N108,S,483,21,MIER1
Q8N108|488|S|21,120,Q8N108,S,488,21,MIER1
Q96ST2|157|S|21,120,Q96ST2,S,157,21,IWS1
Q14684|728|T|21,121,Q14684,T,728,21,RRP1B
Q14684|732|S|21,121,Q14684,S,732,21,RRP1B
Q14684|731|S|21,121,Q14684,S,731,21,RRP1B
Q14684|736|S|21,121,Q14684,S,736,21,RRP1B
P16401|4|T|21,122,P16401,T,4,21,H1
P06454|8|T|21,122,P06454,T,8,21,PTMA
Q5JTV8|220|T|21,122,Q5JTV8,T,220,21,TOR1AIP1
Q07157|617|S|21,122,Q07157,S,617,21,TJP1
Q9UFC0|253|S|21,123,Q9UFC0,S,253,21,LRWD1
Q9UFC0|251|S|21,123,Q9UFC0,S,251,21,LRWD1
Q9UFC0|259|S|21,123,Q9UFC0,S,259,21,LRWD1
Q9UHB6|487|T|23,123,Q9UHB6,T,487,23,LIMA1
P42167|180|S|21,124,P42167,S,180,21,TMPO
P42167|177|S|21,124,P42167,S,177,21,TMPO
Q9UPT8|1278|R|7,124,Q9UPT8,R,1278,7,ZC3H4
P42167|184|S|21,124,P42167,S,184,21,TMPO
P23528|3|S|21,125,P23528,S,3,21,CFL1
Q7L2J0|213|T|21,125,Q7L2J0,T,213,21,MEPCE
Q7L2J0|217|S|21,125,Q7L2J0,S,217,21,MEPCE
Q7L2J0|216|S|21,125,Q7L2J0,S,216,21,MEPCE
Q9Y4C8|953|S|21,126,Q9Y4C8,S,953,21,RBM19
Q9Y4C8|951|S|21,126,Q9Y4C8,S,951,21,RBM19
Q9UHY1|11|S|21,126,Q9UHY1,S,11,21,NRBP1
Q9Y4C8|949|S|21,126,Q9Y4C8,S,949,21,RBM19
Q86U86|16|S|21,127,Q86U86,S,16,21,PBRM1
Q86U86|13|S|21,127,Q86U86,S,13,21,PBRM1
Q86U86|12|S|21,127,Q86U86,S,12,21,PBRM1
Q86U86|14|S|21,127,Q86U86,S,14,21,PBRM1
P08559|295|S|21,128,P08559,S,295,21,PDHA1
Q8N6H7|432|S|21,128,Q8N6H7,S,432,21,ARFGAP2
P08559|293|S|21,128,P08559,S,293,21,PDHA1
P08559|300|S|21,128,P08559,S,300,21,PDHA1
P18583|1784|S|21,129,P18583,S,1784,21,SON
P18583|1782|S|21,129,P18583,S,1782,21,SON
P18583|1783|S|21,129,P18583,S,1783,21,SON
P18583|1780|S|21,129,P18583,S,1780,21,SON
Q5VZL5|107|T|21,130,Q5VZL5,T,107,21,ZMYM4
Q5VZL5|104|S|21,130,Q5VZL5,S,104,21,ZMYM4
Q5VZL5|103|S|21,130,Q5VZL5,S,103,21,ZMYM4
Q9UHY1|2|S|21,130,Q9UHY1,S,2,21,NRBP1
Q8IVT2|377|T|21,131,Q8IVT2,T,377,21,MISP
Q14244|243|T|21,131,Q14244,T,243,21,MAP7
Q14244|242|S|21,131,Q14244,S,242,21,MAP7
Q8IVT2|376|S|21,131,Q8IVT2,S,376,21,MISP
Q15154|1188|S|21,132,Q15154,S,1188,21,PCM1
Q15154|1187|S|21,132,Q15154,S,1187,21,PCM1
Q15154|1186|S|21,132,Q15154,S,1186,21,PCM1
Q9BVC5|182|S|21,132,Q9BVC5,S,182,21,C2orf49
P49454|1726|S|21,133,P49454,S,1726,21,CENPF
P49454|1722|S|21,133,P49454,S,1722,21,CENPF
Q96B36|201|R|7,133,Q96B36,R,201,7,AKT1S1
Q8N556|282|S|21,133,Q8N556,S,282,21,AFAP1
Q9NZJ0|510|S|21,134,Q9NZJ0,S,510,21,DTL
Q9NZJ0|512|S|21,134,Q9NZJ0,S,512,21,DTL
Q9NZJ0|516|T|21,134,Q9NZJ0,T,516,21,DTL
Q9NZJ0|511|S|21,134,Q9NZJ0,S,511,21,DTL
Q8TDB6|532|S|21,135,Q8TDB6,S,532,21,DTX3L
Q9H6S3|570|S|21,135,Q9H6S3,S,570,21,EPS8L2
Q15477|256|S|21,135,Q15477,S,256,21,SKIC2
O00515|177|S|21,135,O00515,S,177,21,LAD1
O75152|764|K|53,136,O75152,K,764,53,ZC3H11A
O75152|761|S|21,136,O75152,S,761,21,ZC3H11A
O75152|758|S|21,136,O75152,S,758,21,ZC3H11A
O75152|759|S|21,136,O75152,S,759,21,ZC3H11A
Q14980|1788|S|21,137,Q14980,S,1788,21,NUMA1
Q14980|1792|S|21,137,Q14980,S,1792,21,NUMA1
Q14980|1789|S|21,137,Q14980,S,1789,21,NUMA1
Q14980|1800|S|21,137,Q14980,S,1800,21,NUMA1
A8CG34|323|S|21,138,A8CG34,S,323,21,POM121C
A8CG34|325|S|21,138,A8CG34,S,325,21,POM121C
P48681|471|S|21,138,P48681,S,471,21,NES
A8CG34|328|S|21,138,A8CG34,S,328,21,POM121C
Q6PKG0|521|S|21,139,Q6PKG0,S,521,21,LARP1
Q6PKG0|526|T|21,139,Q6PKG0,T,526,21,LARP1
Q6PKG0|517|S|21,139,Q6PKG0,S,517,21,LARP1
P35658|433|S|21,139,P35658,S,433,21,NUP214
Q9UQ35|838|S|21,140,Q9UQ35,S,838,21,SRRM2
P57081|391|S|21,140,P57081,S,391,21,WDR4
Q9UQ35|834|S|21,140,Q9UQ35,S,834,21,SRRM2
Q9UQ35|831|S|21,140,Q9UQ35,S,831,21,SRRM2
Q9P0K8|46|S|21,141,Q9P0K8,S,46,21,FOXJ2
P52594|181|S|21,141,P52594,S,181,21,AGFG1
Q6PJT7|515|S|21,141,Q6PJT7,S,515,21,ZC3H14
P52594|177|T|21,141,P52594,T,177,21,AGFG1
O43847|91|R|7,142,O43847,R,91,7,NRDC
Q15742|159|S|21,142,Q15742,S,159,21,NAB2
O43847|94|S|21,142,O43847,S,94,21,NRDC
O43847|92|R|7,142,O43847,R,92,7,NRDC
Q9UQ35|1383|S|21,143,Q9UQ35,S,1383,21,SRRM2
Q9BRS2|24|S|21,143,Q9BRS2,S,24,21,RIOK1
Q9UQ35|1382|S|21,143,Q9UQ35,S,1382,21,SRRM2
Q9UQ35|1384|S|21,143,Q9UQ35,S,1384,21,SRRM2
P31749|129|S|21,144,P31749,S,129,21,AKT1
P31749|126|S|21,144,P31749,S,126,21,AKT1
P31749|124|S|21,144,P31749,S,124,21,AKT1
P31749|122|S|21,144,P31749,S,122,21,AKT1
Q9NTJ3|28|S|21,145,Q9NTJ3,S,28,21,SMC4
Q9NTJ3|27|S|21,145,Q9NTJ3,S,27,21,SMC4
Q6UB99|410|T|21,145,Q6UB99,T,410,21,ANKRD11
Q9NTJ3|22|S|21,145,Q9NTJ3,S,22,21,SMC4
Q9BU76|220|S|21,146,Q9BU76,S,220,21,MMTAG2
Q9BU76|217|S|21,146,Q9BU76,S,217,21,MMTAG2
Q9BU76|219|T|21,146,Q9BU76,T,219,21,MMTAG2
Q9BU76|216|S|21,146,Q9BU76,S,216,21,MMTAG2
Q9NYL2|637|S|21,147,Q9NYL2,S,637,21,MAP3K20
Q9NYL2|633|S|21,147,Q9NYL2,S,633,21,MAP3K20
Q9NYL2|636|S|21,147,Q9NYL2,S,636,21,MAP3K20
Q9NYL2|635|S|21,147,Q9NYL2,S,635,21,MAP3K20
Q14694|218|S|21,148,Q14694,S,218,21,USP10
Q14694|211|S|21,148,Q14694,S,211,21,USP10
Q14694|215|S|21,148,Q14694,S,215,21,USP10
Q14694|220|S|21,148,Q14694,S,220,21,USP10
Q5JSZ5|1136|S|21,149,Q5JSZ5,S,1136,21,PRRC2B
Q9ULU4|749|S|21,149,Q9ULU4,S,749,21,ZMYND8
Q9ULU4|756|S|21,149,Q9ULU4,S,756,21,ZMYND8
Q5JSZ5|1139|S|21,149,Q5JSZ5,S,1139,21,PRRC2B
P24928|1919|T|21,150,P24928,T,1919,21,POLR2A
P24928|1917|S|21,150,P24928,S,1917,21,POLR2A
P24928|1920|S|21,150,P24928,S,1920,21,POLR2A
P24928|1913|S|21,150,P24928,S,1913,21,POLR2A
Q9UGU0|553|S|21,151,Q9UGU0,S,553,21,TCF20
Q9UGU0|558|S|21,151,Q9UGU0,S,558,21,TCF20
Q9UGU0|559|S|21,151,Q9UGU0,S,559,21,TCF20
Q9ULU4|462|S|21,151,Q9ULU4,S,462,21,ZMYND8
O60271|733|S|21,152,O60271,S,733,21,SPAG9
Q96T23|629|S|21,152,Q96T23,S,629,21,RSF1
Q96T23|622|S|21,152,Q96T23,S,622,21,RSF1
O60271|732|S|21,152,O60271,S,732,21,SPAG9
Q16555|514|T|21,153,Q16555,T,514,21,DPYSL2
Q16555|522|S|21,153,Q16555,S,522,21,DPYSL2
Q16555|517|S|21,153,Q16555,S,517,21,DPYSL2
Q16555|518|S|21,153,Q16555,S,518,21,DPYSL2
Q8TEV9|494|T|21,154,Q8TEV9,T,494,21,SMCR8
Q8TEV9|498|S|21,154,Q8TEV9,S,498,21,SMCR8
Q5T0N5|505|S|21,154,Q5T0N5,S,505,21,FNBP1L
Q8TEV9|492|S|21,154,Q8TEV9,S,492,21,SMCR8
Q14684|452|S|21,155,Q14684,S,452,21,RRP1B
Q14684|453|S|21,155,Q14684,S,453,21,RRP1B
Q14684|460|S|21,155,Q14684,S,460,21,RRP1B
Q14684|458|S|21,155,Q14684,S,458,21,RRP1B
P23588|422|S|21,156,P23588,S,422,21,EIF4B
P23588|418|S|21,156,P23588,S,418,21,EIF4B
P23588|424|S|21,156,P23588,S,424,21,EIF4B
P23588|425|S|21,156,P23588,S,425,21,EIF4B
P24928|1882|S|21,157,P24928,S,1882,21,POLR2A
P24928|1878|S|21,157,P24928,S,1878,21,POLR2A
P24928|1885|T|21,157,P24928,T,1885,21,POLR2A
P24928|1884|T|21,157,P24928,T,1884,21,POLR2A
P52926|101|S|21,158,P52926,S,101,21,HMGA2
Q5H9L2|131|S|21,158,Q5H9L2,S,131,21,TCEAL5
Q53TN4|260|S|21,158,Q53TN4,S,260,21,CYBRD1
P02545|426|S|21,158,P02545,S,426,21,LMNA
Q15652|379|S|21,159,Q15652,S,379,21,JMJD1C
Q15652|376|S|21,159,Q15652,S,376,21,JMJD1C
Q15652|378|S|21,159,Q15652,S,378,21,JMJD1C
P51858|199|S|21,160,P51858,S,199,21,HDGF
P51858|202|S|21,160,P51858,S,202,21,HDGF
P51858|206|S|21,160,P51858,S,206,21,HDGF
Q2M2I8|624|S|21,161,Q2M2I8,S,624,21,AAK1
Q2M2I8|620|T|21,161,Q2M2I8,T,620,21,AAK1
Q2M2I8|623|S|21,161,Q2M2I8,S,623,21,AAK1
Q5VTR2|136|S|21,162,Q5VTR2,S,136,21,RNF20
O00178|44|S|21,162,O00178,S,44,21,GTPBP1
O00178|47|S|21,162,O00178,S,47,21,GTPBP1
Q6UUV9|158|S|21,163,Q6UUV9,S,158,21,CRTC1
P54259|79|S|21,163,P54259,S,79,21,ATN1
P54259|77|S|21,163,P54259,S,77,21,ATN1
P78337|48|S|21,164,P78337,S,48,21,PITX1
P78337|51|S|21,164,P78337,S,51,21,PITX1
P78337|50|S|21,164,P78337,S,50,21,PITX1
P49761|78|S|21,165,P49761,S,78,21,CLK3
Q6UB99|411|S|21,165,Q6UB99,S,411,21,ANKRD11
P49761|76|S|21,165,P49761,S,76,21,CLK3
Q9NQS7|311|S|21,166,Q9NQS7,S,311,21,INCENP
Q9NQS7|312|S|21,166,Q9NQS7,S,312,21,INCENP
Q9NQS7|314|S|21,166,Q9NQS7,S,314,21,INCENP
Q9UHD8|23|S|21,167,Q9UHD8,S,23,21,SEPTIN9
Q9UHD8|22|S|21,167,Q9UHD8,S,22,21,SEPTIN9
Q9UHD8|29|R|7,167,Q9UHD8,R,29,7,SEPTIN9
P49736|5|S|21,168,P49736,S,5,21,MCM2
P49736|4|S|21,168,P49736,S,4,21,MCM2
P49736|7|S|21,168,P49736,S,7,21,MCM2
O14730|128|S|21,169,O14730,S,128,21,RIOK3
O14730|125|S|21,169,O14730,S,125,21,RIOK3
O14730|127|S|21,169,O14730,S,127,21,RIOK3
P78559|2238|S|21,170,P78559,S,2238,21,MAP1A
P78559|2235|S|21,170,P78559,S,2235,21,MAP1A
P78559|2237|S|21,170,P78559,S,2237,21,MAP1A
Q9UQ35|322|S|21,171,Q9UQ35,S,322,21,SRRM2
Q9UQ35|320|R|7,171,Q9UQ35,R,320,7,SRRM2
Q9UQ35|323|S|21,171,Q9UQ35,S,323,21,SRRM2
Q5T200|372|S|21,172,Q5T200,S,372,21,ZC3H13
Q5T200|370|S|21,172,Q5T200,S,370,21,ZC3H13
Q5T200|381|S|21,172,Q5T200,S,381,21,ZC3H13
Q01130|191|S|21,173,Q01130,S,191,21,SRSF2
Q13247|316|S|21,173,Q13247,S,316,21,SRSF6
Q01130|189|S|21,173,Q01130,S,189,21,SRSF2
O95817|377|S|21,174,O95817,S,377,21,BAG3
O95817|386|S|21,174,O95817,S,386,21,BAG3
O95817|385|S|21,174,O95817,S,385,21,BAG3
Q9BRY0|129|S|21,175,Q9BRY0,S,129,21,SLC39A3
Q9BRY0|131|S|21,175,Q9BRY0,S,131,21,SLC39A3
Q9BRY0|125|S|21,175,Q9BRY0,S,125,21,SLC39A3
Q96A00|134|S|21,176,Q96A00,S,134,21,PPP1R14A
Q92597|335|T|21,176,Q92597,T,335,21,NDRG1
Q9C0D5|66|S|21,176,Q9C0D5,S,66,21,TANC1
P17096|6|S|21,177,P17096,S,6,21,HMGA1
P17096|8|S|21,177,P17096,S,8,21,HMGA1
P17096|5|S|21,177,P17096,S,5,21,HMGA1
Q86UV5|888|S|21,178,Q86UV5,S,888,21,USP48
Q86UV5|887|S|21,178,Q86UV5,S,887,21,USP48
Q86UV5|886|S|21,178,Q86UV5,S,886,21,USP48
P67809|167|S|21,179,P67809,S,167,21,YBX1
P67809|176|S|21,179,P67809,S,176,21,YBX1
P67809|165|S|21,179,P67809,S,165,21,YBX1
Q9Y2Q0|28|T|21,180,Q9Y2Q0,T,28,21,ATP8A1
Q9Y2Q0|29|S|21,180,Q9Y2Q0,S,29,21,ATP8A1
Q9Y2Q0|25|S|21,180,Q9Y2Q0,S,25,21,ATP8A1
P11717|2401|S|21,181,P11717,S,2401,21,IGF2R
P11717|2400|S|21,181,P11717,S,2400,21,IGF2R
Q9UQ35|1329|S|23,181,Q9UQ35,S,1329,23,SRRM2
P29590|36|S|21,182,P29590,S,36,21,PML
P29590|40|S|21,182,P29590,S,40,21,PML
P29590|38|S|21,182,P29590,S,38,21,PML
Q5SSJ5|442|S|21,183,Q5SSJ5,S,442,21,HP1BP3
Q5SSJ5|446|S|21,183,Q5SSJ5,S,446,21,HP1BP3
Q5SSJ5|441|S|21,183,Q5SSJ5,S,441,21,HP1BP3
P42166|156|S|21,184,P42166,S,156,21,TMPO
P42166|159|S|21,184,P42166,S,159,21,TMPO
P42166|158|S|21,184,P42166,S,158,21,TMPO
O00193|15|S|21,185,O00193,S,15,21,SMAP
O00193|25|S|21,185,O00193,S,25,21,SMAP
O00193|24|S|21,185,O00193,S,24,21,SMAP
P53999|13|S|21,186,P53999,S,13,21,SUB1
Q13206|804|S|21,186,Q13206,S,804,21,DDX10
Q9H501|79|S|21,186,Q9H501,S,79,21,ESF1
Q7L4I2|222|S|21,187,Q7L4I2,S,222,21,RSRC2
Q96JG6|500|S|21,187,Q96JG6,S,500,21,VPS50
Q7L4I2|220|T|21,187,Q7L4I2,T,220,21,RSRC2
Q9H1E3|54|S|21,188,Q9H1E3,S,54,21,NUCKS1
Q8NEY8|205|S|21,188,Q8NEY8,S,205,21,PPHLN1
Q8NEY8|201|S|21,188,Q8NEY8,S,201,21,PPHLN1
Q03164|3517|S|21,189,Q03164,S,3517,21,KMT2A
Q03164|3511|S|21,189,Q03164,S,3511,21,KMT2A
Q03164|3508|S|21,189,Q03164,S,3508,21,KMT2A
Q3YEC7|471|S|21,190,Q3YEC7,S,471,21,RABL6
Q3YEC7|470|S|21,190,Q3YEC7,S,470,21,RABL6
Q3YEC7|464|S|21,190,Q3YEC7,S,464,21,RABL6
O43166|1647|S|21,191,O43166,S,1647,21,SIPA1L1
O43166|1650|S|21,191,O43166,S,1650,21,SIPA1L1
O43166|1649|S|21,191,O43166,S,1649,21,SIPA1L1
P46821|1298|S|21,192,P46821,S,1298,21,MAP1B
P46821|1312|S|21,192,P46821,S,1312,21,MAP1B
P46821|1387|S|21,192,P46821,S,1387,21,MAP1B
Q8IY81|468|S|21,193,Q8IY81,S,468,21,FTSJ3
Q8IY81|471|S|21,193,Q8IY81,S,471,21,FTSJ3
Q8IY81|458|S|21,193,Q8IY81,S,458,21,FTSJ3
P30086|54|S|21,194,P30086,S,54,21,PEBP1
P30086|51|T|21,194,P30086,T,51,21,PEBP1
P30086|52|S|21,194,P30086,S,52,21,PEBP1
Q7Z460|1160|S|21,195,Q7Z460,S,1160,21,CLASP1
Q7Z460|1162|S|21,195,Q7Z460,S,1162,21,CLASP1
Q7Z460|1164|S|21,195,Q7Z460,S,1164,21,CLASP1
Q12789|1063|S|21,196,Q12789,S,1063,21,GTF3C1
Q12789|1068|S|21,196,Q12789,S,1068,21,GTF3C1
Q12789|1062|S|21,196,Q12789,S,1062,21,GTF3C1
Q15648|774|S|21,197,Q15648,S,774,21,MED1
Q15648|771|S|21,197,Q15648,S,771,21,MED1
Q15648|772|S|21,197,Q15648,S,772,21,MED1
Q9H4L7|98|S|21,198,Q9H4L7,S,98,21,SMARCAD1
Q9H4L7|96|S|21,198,Q9H4L7,S,96,21,SMARCAD1
Q9H4L7|95|S|21,198,Q9H4L7,S,95,21,SMARCAD1
Q9NTI5|1177|S|21,199,Q9NTI5,S,1177,21,PDS5B
Q05209|611|R|7,199,Q05209,R,611,7,PTPN12
Q9NTI5|1176|S|21,199,Q9NTI5,S,1176,21,PDS5B
Q00613|320|S|21,200,Q00613,S,320,21,HSF1
Q00613|314|S|21,200,Q00613,S,314,21,HSF1
Q00613|319|S|21,200,Q00613,S,319,21,HSF1
P16383|17|S|21,201,P16383,S,17,21,GCFC2
P16383|16|S|21,201,P16383,S,16,21,GCFC2
P16383|19|S|21,201,P16383,S,19,21,GCFC2
Q9BXY0|199|S|21,202,Q9BXY0,S,199,21,MAK16
Q9BXY0|197|S|21,202,Q9BXY0,S,197,21,MAK16
Q9BXY0|200|S|21,202,Q9BXY0,S,200,21,MAK16
P18858|66|S|21,203,P18858,S,66,21,LIG1
P18858|76|S|21,203,P18858,S,76,21,LIG1
P23497|362|S|21,203,P23497,S,362,21,SP100
Q5VZ89|999|S|21,204,Q5VZ89,S,999,21,DENND4C
Q14676|445|S|21,204,Q14676,S,445,21,MDC1
Q14676|453|S|21,204,Q14676,S,453,21,MDC1
Q12888|830|S|21,205,Q12888,S,830,21,TP53BP1
Q12888|834|S|21,205,Q12888,S,834,21,TP53BP1
Q12888|831|S|21,205,Q12888,S,831,21,TP53BP1
Q02952|597|T|21,206,Q02952,T,597,21,AKAP12
Q05209|588|S|21,206,Q05209,S,588,21,PTPN12
Q05209|571|S|21,206,Q05209,S,571,21,PTPN12
Q96TA1|691|S|21,207,Q96TA1,S,691,21,NIBAN2
Q96TA1|692|S|21,207,Q96TA1,S,692,21,NIBAN2
Q96TA1|696|S|21,207,Q96TA1,S,696,21,NIBAN2
P04049|301|S|21,208,P04049,S,301,21,RAF1
P04049|296|S|21,208,P04049,S,296,21,RAF1
P04049|295|S|21,208,P04049,S,295,21,RAF1
Q9H6A9|135|S|21,209,Q9H6A9,S,135,21,PCNX3
Q9H6A9|139|S|21,209,Q9H6A9,S,139,21,PCNX3
Q9H6A9|136|S|21,209,Q9H6A9,S,136,21,PCNX3
Q9ULG1|51|S|21,210,Q9ULG1,S,51,21,INO80
Q9ULG1|48|S|21,210,Q9ULG1,S,48,21,INO80
Q9ULG1|58|S|21,210,Q9ULG1,S,58,21,INO80
Q8WX93|1118|S|21,211,Q8WX93,S,1118,21,PALLD
Q8WX93|1116|S|21,211,Q8WX93,S,1116,21,PALLD
Q8WX93|1121|S|21,211,Q8WX93,S,1121,21,PALLD
Q01831|399|S|21,212,Q01831,S,399,21,XPC
Q01831|398|S|21,212,Q01831,S,398,21,XPC
Q01831|397|S|21,212,Q01831,S,397,21,XPC
Q96AY2|84|S|21,213,Q96AY2,S,84,21,EME1
Q96AY2|85|S|21,213,Q96AY2,S,85,21,EME1
Q96AY2|87|S|21,213,Q96AY2,S,87,21,EME1
Q6P996|720|T|21,214,Q6P996,T,720,21,PDXDC1
Q6P996|721|S|21,214,Q6P996,S,721,21,PDXDC1
Q6P996|722|S|21,214,Q6P996,S,722,21,PDXDC1
Q9ULH0|1594|S|21,215,Q9ULH0,S,1594,21,KIDINS220
Q9ULH0|1591|S|21,215,Q9ULH0,S,1591,21,KIDINS220
Q9ULH0|1590|S|21,215,Q9ULH0,S,1590,21,KIDINS220
Q9UKY1|48|S|21,216,Q9UKY1,S,48,21,ZHX1
Q14687|95|S|21,216,Q14687,S,95,21,GSE1
Q9UKY1|47|S|21,216,Q9UKY1,S,47,21,ZHX1
Q6UN15|87|S|21,217,Q6UN15,S,87,21,FIP1L1
Q6UN15|85|S|21,217,Q6UN15,S,85,21,FIP1L1
Q6UN15|89|S|21,217,Q6UN15,S,89,21,FIP1L1
Q9UQ35|472|S|21,218,Q9UQ35,S,472,21,SRRM2
Q9UQ35|474|S|21,218,Q9UQ35,S,474,21,SRRM2
Q9UQ35|476|T|21,218,Q9UQ35,T,476,21,SRRM2
Q8N1G4|520|S|21,219,Q8N1G4,S,520,21,LRRC47
P04439|352|S|21,219,P04439,S,352,21,HLA
P04439|356|S|21,219,P04439,S,356,21,HLA
O00203|752|S|21,220,O00203,S,752,21,AP3B1
Q5UIP0|1552|S|21,220,Q5UIP0,S,1552,21,RIF1
Q5UIP0|1554|S|21,220,Q5UIP0,S,1554,21,RIF1
Q14247|405|S|21,221,Q14247,S,405,21,CTTN
Q14247|417|S|21,221,Q14247,S,417,21,CTTN
Q14247|418|S|21,221,Q14247,S,418,21,CTTN
Q96RS0|412|S|21,222,Q96RS0,S,412,21,TGS1
Q96RS0|405|S|21,222,Q96RS0,S,405,21,TGS1
Q96RS0|407|T|21,222,Q96RS0,T,407,21,TGS1
P05783|18|S|21,223,P05783,S,18,21,KRT18
Q96HP0|884|S|21,223,Q96HP0,S,884,21,DOCK6
Q7Z3K3|437|S|21,223,Q7Z3K3,S,437,21,POGZ
P11388|1392|S|21,224,P11388,S,1392,21,TOP2A
P11388|1391|S|21,224,P11388,S,1391,21,TOP2A
P11388|1393|S|21,224,P11388,S,1393,21,TOP2A
Q9NQS7|218|S|21,225,Q9NQS7,S,218,21,INCENP
Q9H4Z3|150|T|21,225,Q9H4Z3,T,150,21,PCIF1
Q9NQS7|197|S|21,225,Q9NQS7,S,197,21,INCENP
Q9ULL5|1379|S|21,226,Q9ULL5,S,1379,21,PRR12
Q9ULL5|1382|S|21,226,Q9ULL5,S,1382,21,PRR12
Q9ULL5|1381|S|21,226,Q9ULL5,S,1381,21,PRR12
Q9UH99|107|T|21,227,Q9UH99,T,107,21,SUN2
P35251|80|K|53,227,P35251,K,80,53,RFC1
Q9BWW4|381|S|21,227,Q9BWW4,S,381,21,SSBP3
P24928|1857|S|21,228,P24928,S,1857,21,POLR2A
P24928|1850|S|21,228,P24928,S,1850,21,POLR2A
P24928|1849|S|21,228,P24928,S,1849,21,POLR2A
P0DJ93|50|S|21,229,P0DJ93,S,50,21,SMIM13
P0DJ93|60|S|21,229,P0DJ93,S,60,21,SMIM13
P0DJ93|58|S|21,229,P0DJ93,S,58,21,SMIM13
P50502|79|S|21,230,P50502,S,79,21,ST13
P50502|75|S|21,230,P50502,S,75,21,ST13
P50502|76|S|21,230,P50502,S,76,21,ST13
P78559|898|T|21,231,P78559,T,898,21,MAP1A
P78559|900|S|21,231,P78559,S,900,21,MAP1A
P78559|896|S|21,231,P78559,S,896,21,MAP1A
Q9UHB6|365|S|21,232,Q9UHB6,S,365,21,LIMA1
Q9UHB6|366|R|7,232,Q9UHB6,R,366,7,LIMA1
Q9UHB6|368|S|21,232,Q9UHB6,S,368,21,LIMA1
Q8IXT5|101|S|21,233,Q8IXT5,S,101,21,RBM12B
Q8IXT5|100|T|21,233,Q8IXT5,T,100,21,RBM12B
Q8IXT5|105|S|21,233,Q8IXT5,S,105,21,RBM12B
Q7Z3K3|1367|S|21,234,Q7Z3K3,S,1367,21,POGZ
Q7Z3K3|1364|S|21,234,Q7Z3K3,S,1364,21,POGZ
Q7Z3K3|1368|T|21,234,Q7Z3K3,T,1368,21,POGZ
P52948|681|S|21,235,P52948,S,681,21,NUP98
P52948|683|S|21,235,P52948,S,683,21,NUP98
P52948|679|S|21,235,P52948,S,679,21,NUP98
Q9Y520|1249|S|21,236,Q9Y520,S,1249,21,PRRC2C
Q9Y520|1248|S|21,236,Q9Y520,S,1248,21,PRRC2C
Q9Y520|1246|S|21,236,Q9Y520,S,1246,21,PRRC2C
Q9H1E3|240|S|21,237,Q9H1E3,S,240,21,NUCKS1
Q9UQ35|1927|T|21,237,Q9UQ35,T,1927,21,SRRM2
Q9UQ35|1925|S|21,237,Q9UQ35,S,1925,21,SRRM2
Q8N163|678|S|21,238,Q8N163,S,678,21,CCAR2
Q8N163|681|S|21,238,Q8N163,S,681,21,CCAR2
Q8N163|675|S|21,238,Q8N163,S,675,21,CCAR2
Q9Y6X2|454|S|21,239,Q9Y6X2,S,454,21,PIAS3
Q9Y6X2|455|S|21,239,Q9Y6X2,S,455,21,PIAS3
Q9Y6X2|456|S|21,239,Q9Y6X2,S,456,21,PIAS3
O15541|85|S|21,240,O15541,S,85,21,RNF113A
O15541|84|S|21,240,O15541,S,84,21,RNF113A
Q15029|19|S|21,240,Q15029,S,19,21,EFTUD2
Q9BRZ2|471|S|21,241,Q9BRZ2,S,471,21,TRIM56
Q9BRZ2|469|S|21,241,Q9BRZ2,S,469,21,TRIM56
Q9BRZ2|475|S|21,241,Q9BRZ2,S,475,21,TRIM56
P48634|1085|S|21,242,P48634,S,1085,21,PRRC2A
P48634|1089|S|21,242,P48634,S,1089,21,PRRC2A
P48634|1092|S|21,242,P48634,S,1092,21,PRRC2A
Q9UK76|85|R|7,243,Q9UK76,R,85,7,JPT1
Q9UK76|88|S|21,243,Q9UK76,S,88,21,JPT1
Q9UK76|87|S|21,243,Q9UK76,S,87,21,JPT1
P17535|251|S|21,244,P17535,S,251,21,JUND
P17535|259|S|21,244,P17535,S,259,21,JUND
P17535|255|S|21,244,P17535,S,255,21,JUND
Q7Z460|649|S|21,245,Q7Z460,S,649,21,CLASP1
Q7Z460|647|S|21,245,Q7Z460,S,647,21,CLASP1
Q7Z460|646|S|21,245,Q7Z460,S,646,21,CLASP1
Q9UDY2|292|S|21,246,Q9UDY2,S,292,21,TJP2
Q9UDY2|294|S|21,246,Q9UDY2,S,294,21,TJP2
Q9UDY2|296|S|21,246,Q9UDY2,S,296,21,TJP2
Q8NDI1|436|S|21,247,Q8NDI1,S,436,21,EHBP1
Q8NDI1|432|S|21,247,Q8NDI1,S,432,21,EHBP1
Q8NDI1|427|T|21,247,Q8NDI1,T,427,21,EHBP1
Q86VQ1|107|S|21,248,Q86VQ1,S,107,21,GLCCI1
Q86VQ1|108|S|21,248,Q86VQ1,S,108,21,GLCCI1
Q86VQ1|105|S|21,248,Q86VQ1,S,105,21,GLCCI1
Q8TDZ2|876|S|21,249,Q8TDZ2,S,876,21,MICAL1
Q8TDZ2|872|S|21,249,Q8TDZ2,S,872,21,MICAL1
Q8TDZ2|875|S|21,249,Q8TDZ2,S,875,21,MICAL1
P37275|641|S|21,250,P37275,S,641,21,ZEB1
P37275|642|S|21,250,P37275,S,642,21,ZEB1
P37275|646|S|21,250,P37275,S,646,21,ZEB1
Q6ZUT1|183|S|21,251,Q6ZUT1,S,183,21,NKAPD1
Q6ZUT1|185|S|21,251,Q6ZUT1,S,185,21,NKAPD1
Q6ZUT1|184|S|21,251,Q6ZUT1,S,184,21,NKAPD1
Q5SW79|636|S|21,252,Q5SW79,S,636,21,CEP170
Q5SW79|633|S|21,252,Q5SW79,S,633,21,CEP170
Q5SW79|632|T|21,252,Q5SW79,T,632,21,CEP170
O95359|2576|S|21,253,O95359,S,2576,21,TACC2
O95359|2569|S|21,253,O95359,S,2569,21,TACC2
O95359|2577|S|21,253,O95359,S,2577,21,TACC2
Q9UPN7|529|S|21,254,Q9UPN7,S,529,21,PPP6R1
Q9UPN7|531|S|21,254,Q9UPN7,S,531,21,PPP6R1
Q9UPN7|530|S|21,254,Q9UPN7,S,530,21,PPP6R1
Q15149|4390|S|21,255,Q15149,S,4390,21,PLEC
Q15149|4391|S|21,255,Q15149,S,4391,21,PLEC
Q15149|4392|S|21,255,Q15149,S,4392,21,PLEC
P49768|365|S|21,256,P49768,S,365,21,PSEN1
P49768|367|S|21,256,P49768,S,367,21,PSEN1
P49768|366|S|21,256,P49768,S,366,21,PSEN1
Q5H9R7|525|S|21,257,Q5H9R7,S,525,21,PPP6R3
Q5H9R7|523|S|21,257,Q5H9R7,S,523,21,PPP6R3
Q5H9R7|524|S|21,257,Q5H9R7,S,524,21,PPP6R3
P49454|1654|S|21,258,P49454,S,1654,21,CENPF
P49454|1651|S|21,258,P49454,S,1651,21,CENPF
P49454|1652|S|21,258,P49454,S,1652,21,CENPF
Q96JM3|652|S|21,259,Q96JM3,S,652,21,CHAMP1
Q96JM3|651|S|21,259,Q96JM3,S,651,21,CHAMP1
Q96JM3|653|S|21,259,Q96JM3,S,653,21,CHAMP1
Q5SW79|1240|T|21,260,Q5SW79,T,1240,21,CEP170
Q5SW79|1241|S|21,260,Q5SW79,S,1241,21,CEP170
Q5SW79|1239|S|21,260,Q5SW79,S,1239,21,CEP170
Q9H6T3|110|S|21,261,Q9H6T3,S,110,21,RPAP3
Q9H6T3|116|S|21,261,Q9H6T3,S,116,21,RPAP3
Q9H6T3|114|S|21,261,Q9H6T3,S,114,21,RPAP3
Q9Y2W2|251|S|21,262,Q9Y2W2,S,251,21,WBP11
Q9Y2W2|252|T|21,262,Q9Y2W2,T,252,21,WBP11
Q9Y2W2|253|S|21,262,Q9Y2W2,S,253,21,WBP11
Q9BTK6|138|T|21,263,Q9BTK6,T,138,21,PAGR1
Q9BTK6|148|S|21,263,Q9BTK6,S,148,21,PAGR1
Q9BTK6|143|S|21,263,Q9BTK6,S,143,21,PAGR1
Q16637|8|S|21,264,Q16637,S,8,21,SMN1
Q16637|4|S|21,264,Q16637,S,4,21,SMN1
Q16637|5|S|21,264,Q16637,S,5,21,SMN1
Q92974|153|T|21,265,Q92974,T,153,21,ARHGEF2
Q96BK5|161|S|21,265,Q96BK5,S,161,21,PINX1
Q96BK5|163|S|21,265,Q96BK5,S,163,21,PINX1
Q9BW71|199|S|21,266,Q9BW71,S,199,21,HIRIP3
Q9BW71|196|S|21,266,Q9BW71,S,196,21,HIRIP3
Q5JTV8|228|S|21,267,Q5JTV8,S,228,21,TOR1AIP1
Q5JTV8|227|S|21,267,Q5JTV8,S,227,21,TOR1AIP1
Q9C0C9|839|S|21,268,Q9C0C9,S,839,21,UBE2O
Q9C0C9|836|S|21,268,Q9C0C9,S,836,21,UBE2O
Q9Y618|149|S|21,269,Q9Y618,S,149,21,NCOR2
Q9Y618|152|S|21,269,Q9Y618,S,152,21,NCOR2
Q14157|476|S|21,270,Q14157,S,476,21,UBAP2L
Q14157|475|S|21,270,Q14157,S,475,21,UBAP2L
Q9UJD0|111|S|21,271,Q9UJD0,S,111,21,RIMS3
Q9UJD0|114|S|21,271,Q9UJD0,S,114,21,RIMS3
O15164|1028|S|21,272,O15164,S,1028,21,TRIM24
O15164|1025|S|21,272,O15164,S,1025,21,TRIM24
Q8IU81|384|S|21,273,Q8IU81,S,384,21,IRF2BP1
O60841|164|S|21,273,O60841,S,164,21,EIF5B
P78337|46|S|21,274,P78337,S,46,21,PITX1
O43719|453|S|21,274,O43719,S,453,21,HTATSF1
Q13620|140|S|21,275,Q13620,S,140,21,CUL4B
Q9H1E3|52|K|1,275,Q9H1E3,K,52,1,NUCKS1
P27448|543|S|21,276,P27448,S,543,21,MARK3
P27448|540|S|21,276,P27448,S,540,21,MARK3
Q7Z6Z7|2888|S|21,277,Q7Z6Z7,S,2888,21,HUWE1
Q7Z6Z7|2887|S|21,277,Q7Z6Z7,S,2887,21,HUWE1
P46777|188|K|53,278,P46777,K,188,53,RPL5
Q13428|914|T|21,278,Q13428,T,914,21,TCOF1
O15027|595|S|21,279,O15027,S,595,21,SEC16A
O15027|592|S|21,279,O15027,S,592,21,SEC16A
Q9HCD6|1824|S|21,280,Q9HCD6,S,1824,21,TANC2
Q9HCD6|1827|S|21,280,Q9HCD6,S,1827,21,TANC2
Q9P2R6|600|S|21,281,Q9P2R6,S,600,21,RERE
Q9P2R6|594|S|21,281,Q9P2R6,S,594,21,RERE
P49585|323|S|21,282,P49585,S,323,21,PCYT1A
P49585|315|S|21,282,P49585,S,315,21,PCYT1A
Q96Q42|1458|S|21,283,Q96Q42,S,1458,21,ALS2
Q96Q42|1464|S|21,283,Q96Q42,S,1464,21,ALS2
Q9ULH1|1041|S|21,284,Q9ULH1,S,1041,21,ASAP1
Q9ULH1|1044|S|21,284,Q9ULH1,S,1044,21,ASAP1
Q9UMN6|1035|S|21,285,Q9UMN6,S,1035,21,KMT2B
Q9UMN6|1032|S|21,285,Q9UMN6,S,1032,21,KMT2B
P67809|3|S|21,286,P67809,S,3,21,YBX1
P67809|2|S|21,286,P67809,S,2,21,YBX1
Q9NVU7|232|S|21,287,Q9NVU7,S,232,21,SDAD1
Q9NVU7|234|S|21,287,Q9NVU7,S,234,21,SDAD1
Q14004|342|S|21,288,Q14004,S,342,21,CDK13
Q14004|348|S|21,288,Q14004,S,348,21,CDK13
P11142|221|S|21,289,P11142,S,221,21,HSPA8
Q9Y520|929|S|21,289,Q9Y520,S,929,21,PRRC2C
Q8TAD8|52|S|21,290,Q8TAD8,S,52,21,SNIP1
Q8TAD8|54|S|21,290,Q8TAD8,S,54,21,SNIP1
O00264|178|T|21,291,O00264,T,178,21,PGRMC1
P11021|49|R|7,291,P11021,R,49,7,HSPA5
P62753|244|S|21,292,P62753,S,244,21,RPS6
P62753|241|T|21,292,P62753,T,241,21,RPS6
Q63ZY6|260|S|21,293,Q63ZY6,S,260,21,NSUN5P2
Q63ZY6|258|T|21,293,Q63ZY6,T,258,21,NSUN5P2
P35579|637|K|34,294,P35579,K,637,34,MYH9
Q9NR45|333|K|34,294,Q9NR45,K,333,34,NANS
Q9UNX4|240|S|21,295,Q9UNX4,S,240,21,WDR3
Q9UNX4|241|S|21,295,Q9UNX4,S,241,21,WDR3
P02545|429|S|21,296,P02545,S,429,21,LMNA
P02545|428|S|21,296,P02545,S,428,21,LMNA
Q12888|523|S|21,297,Q12888,S,523,21,TP53BP1
P43243|766|S|21,297,P43243,S,766,21,MATR3
Q7Z4S6|1307|S|21,298,Q7Z4S6,S,1307,21,KIF21A
Q7Z4S6|1298|S|21,298,Q7Z4S6,S,1298,21,KIF21A
Q6KC79|2493|S|21,299,Q6KC79,S,2493,21,NIPBL
Q96A00|128|S|21,299,Q96A00,S,128,21,PPP1R14A
Q9Y446|238|S|21,300,Q9Y446,S,238,21,PKP3
Q9NTI5|1283|S|21,300,Q9NTI5,S,1283,21,PDS5B
P78559|891|S|21,301,P78559,S,891,21,MAP1A
P78559|899|S|21,301,P78559,S,899,21,MAP1A
Q9UGY1|134|S|21,302,Q9UGY1,S,134,21,NOL12
Q9UGY1|139|S|21,302,Q9UGY1,S,139,21,NOL12
P78310|329|T|21,303,P78310,T,329,21,CXADR
P51991|360|Y|21,303,P51991,Y,360,21,HNRNPA3
P30046|110|K|34,304,P30046,K,110,34,DDT
P02042|9|K|34,304,P02042,K,9,34,HBD
Q9NW75|115|S|21,305,Q9NW75,S,115,21,GPATCH2
O95232|431|S|21,305,O95232,S,431,21,LUC7L3
Q02880|1550|S|21,306,Q02880,S,1550,21,TOP2B
Q02880|1552|S|21,306,Q02880,S,1552,21,TOP2B
Q96NE9|508|T|21,307,Q96NE9,T,508,21,FRMD6
Q96NE9|511|S|21,307,Q96NE9,S,511,21,FRMD6
Q99460|315|S|21,308,Q99460,S,315,21,PSMD1
Q99460|311|T|21,308,Q99460,T,311,21,PSMD1
Q8NI08|210|T|21,309,Q8NI08,T,210,21,NCOA7
Q8NI08|209|S|21,309,Q8NI08,S,209,21,NCOA7
Q6PJG2|704|T|21,310,Q6PJG2,T,704,21,MIDEAS
Q8N3X1|113|Y|21,310,Q8N3X1,Y,113,21,FNBP4
Q15154|1776|S|21,311,Q15154,S,1776,21,PCM1
Q15154|1765|S|21,311,Q15154,S,1765,21,PCM1
P11388|1374|S|21,312,P11388,S,1374,21,TOP2A
Q641Q2|284|S|21,312,Q641Q2,S,284,21,WASHC2A
Q9NTI5|1160|S|21,313,Q9NTI5,S,1160,21,PDS5B
Q9NTI5|1159|S|21,313,Q9NTI5,S,1159,21,PDS5B
Q9BVC5|193|S|21,314,Q9BVC5,S,193,21,C2orf49
Q9BVC5|189|S|21,314,Q9BVC5,S,189,21,C2orf49
Q6ICG6|279|S|21,315,Q6ICG6,S,279,21,KIAA0930
Q9NYF8|183|S|21,315,Q9NYF8,S,183,21,BCLAF1
Q13191|484|S|21,316,Q13191,S,484,21,CBLB
Q13191|480|S|21,316,Q13191,S,480,21,CBLB
Q0JRZ9|496|S|21,317,Q0JRZ9,S,496,21,FCHO2
Q0JRZ9|488|S|21,317,Q0JRZ9,S,488,21,FCHO2
O95155|87|S|21,318,O95155,S,87,21,UBE4B
O95155|88|S|21,318,O95155,S,88,21,UBE4B
Q8N9T8|136|S|21,319,Q8N9T8,S,136,21,KRI1
Q8N9T8|141|S|21,319,Q8N9T8,S,141,21,KRI1
O75367|170|S|21,320,O75367,S,170,21,MACROH2A1
O75367|173|S|21,320,O75367,S,173,21,MACROH2A1
Q14676|376|S|21,321,Q14676,S,376,21,MDC1
Q14676|372|S|21,321,Q14676,S,372,21,MDC1
Q9UNF1|191|S|21,322,Q9UNF1,S,191,21,MAGED2
Q9UNF1|190|S|21,322,Q9UNF1,S,190,21,MAGED2
P23588|406|S|21,323,P23588,S,406,21,EIF4B
P23588|409|S|21,323,P23588,S,409,21,EIF4B
P85037|420|S|21,324,P85037,S,420,21,FOXK1
P85037|416|S|21,324,P85037,S,416,21,FOXK1
Q96ST2|313|S|21,325,Q96ST2,S,313,21,IWS1
Q96ST2|315|S|21,325,Q96ST2,S,315,21,IWS1
P28715|157|S|21,326,P28715,S,157,21,ERCC5
P28715|156|S|21,326,P28715,S,156,21,ERCC5
Q96E09|270|S|21,327,Q96E09,S,270,21,PABIR1
Q96E09|267|S|21,327,Q96E09,S,267,21,PABIR1
Q8IYB3|583|S|21,328,Q8IYB3,S,583,21,SRRM1
Q8IYB3|581|T|21,328,Q8IYB3,T,581,21,SRRM1
O75400|935|S|21,329,O75400,S,935,21,PRPF40A
O75400|933|S|21,329,O75400,S,933,21,PRPF40A
P52756|621|S|21,330,P52756,S,621,21,RBM5
P52756|624|S|21,330,P52756,S,624,21,RBM5
Q9UPQ0|215|T|21,331,Q9UPQ0,T,215,21,LIMCH1
Q9UPQ0|217|S|21,331,Q9UPQ0,S,217,21,LIMCH1
Q56P03|111|S|21,332,Q56P03,S,111,21,EAPP
Q56P03|109|S|21,332,Q56P03,S,109,21,EAPP
Q9NU22|4754|S|21,333,Q9NU22,S,4754,21,MDN1
Q9NU22|4752|S|21,333,Q9NU22,S,4752,21,MDN1
O94811|18|S|21,334,O94811,S,18,21,TPPP
O94811|14|T|21,334,O94811,T,14,21,TPPP
Q9Y618|554|S|21,335,Q9Y618,S,554,21,NCOR2
Q9Y618|553|T|21,335,Q9Y618,T,553,21,NCOR2
Q86VR2|260|S|21,336,Q86VR2,S,260,21,RETREG3
Q86VR2|258|S|21,336,Q86VR2,S,258,21,RETREG3
Q06210|253|S|21,337,Q06210,S,253,21,GFPT1
Q06210|257|S|21,337,Q06210,S,257,21,GFPT1
Q9UKA4|1337|S|21,338,Q9UKA4,S,1337,21,AKAP11
Q9UKA4|1340|S|21,338,Q9UKA4,S,1340,21,AKAP11
O75052|374|S|21,339,O75052,S,374,21,NOS1AP
O75052|371|S|21,339,O75052,S,371,21,NOS1AP
P55010|389|S|21,340,P55010,S,389,21,EIF5
P55010|390|S|21,340,P55010,S,390,21,EIF5
Q8WXF7|22|S|21,341,Q8WXF7,S,22,21,ATL1
Q8WXF7|23|S|21,341,Q8WXF7,S,23,21,ATL1
P51532|610|S|21,342,P51532,S,610,21,SMARCA4
P51532|613|S|21,342,P51532,S,613,21,SMARCA4
Q8IYB3|793|T|21,343,Q8IYB3,T,793,21,SRRM1
Q9Y520|1245|R|7,343,Q9Y520,R,1245,7,PRRC2C
Q15020|10|S|21,344,Q15020,S,10,21,SART3
Q15020|8|S|21,344,Q15020,S,8,21,SART3
Q12789|1868|S|21,345,Q12789,S,1868,21,GTF3C1
Q12789|1865|S|21,345,Q12789,S,1865,21,GTF3C1
Q08945|444|S|21,346,Q08945,S,444,21,SSRP1
P31943|104|S|21,346,P31943,S,104,21,HNRNPH1
Q9H330|324|S|21,347,Q9H330,S,324,21,TMEM245
Q9H330|322|S|21,347,Q9H330,S,322,21,TMEM245
P25205|672|S|21,348,P25205,S,672,21,MCM3
P25205|668|S|21,348,P25205,S,668,21,MCM3
P61981|28|K|34,349,P61981,K,28,34,YWHAG
Q9Y3D6|64|K|34,349,Q9Y3D6,K,64,34,FIS1
Q66K74|632|S|21,350,Q66K74,S,632,21,MAP1S
Q66K74|631|S|21,350,Q66K74,S,631,21,MAP1S
P13051|64|S|21,351,P13051,S,64,21,UNG
P13051|63|S|21,351,P13051,S,63,21,UNG
O15371|528|S|21,352,O15371,S,528,21,EIF3D
O15371|529|S|21,352,O15371,S,529,21,EIF3D
Q96MU7|148|T|21,353,Q96MU7,T,148,21,YTHDC1
Q96MU7|146|S|21,353,Q96MU7,S,146,21,YTHDC1
Q07157|323|S|21,354,Q07157,S,323,21,TJP1
Q07157|326|S|21,354,Q07157,S,326,21,TJP1
Q9UPN4|87|S|21,355,Q9UPN4,S,87,21,CEP131
Q9UPN4|89|S|21,355,Q9UPN4,S,89,21,CEP131
O14646|215|S|21,356,O14646,S,215,21,CHD1
O14646|216|S|21,356,O14646,S,216,21,CHD1
P11137|1786|S|21,357,P11137,S,1786,21,MAP2
Q9H7L9|49|T|21,357,Q9H7L9,T,49,21,SUDS3
P18583|1778|R|7,358,P18583,R,1778,7,SON
Q9NR09|487|R|7,358,Q9NR09,R,487,7,BIRC6
O94900|214|T|21,359,O94900,T,214,21,TOX
Q9ULJ3|434|S|21,359,Q9ULJ3,S,434,21,ZBTB21
Q9UQ35|1542|S|21,360,Q9UQ35,S,1542,21,SRRM2
Q9BTU6|44|S|21,360,Q9BTU6,S,44,21,PI4K2A
Q9UJV9|22|R|7,361,Q9UJV9,R,22,7,DDX41
Q9Y2V2|41|S|21,361,Q9Y2V2,S,41,21,CARHSP1
P16144|1454|S|21,362,P16144,S,1454,21,ITGB4
Q71RC2|722|S|21,362,Q71RC2,S,722,21,LARP4
Q9UQ35|395|S|21,363,Q9UQ35,S,395,21,SRRM2
Q9UQ35|377|S|21,363,Q9UQ35,S,377,21,SRRM2
Q01082|2341|S|21,364,Q01082,S,2341,21,SPTBN1
Q15678|594|S|21,364,Q15678,S,594,21,PTPN14
P46821|1620|S|21,365,P46821,S,1620,21,MAP1B
P46821|1618|S|21,365,P46821,S,1618,21,MAP1B
Q12888|1430|S|21,366,Q12888,S,1430,21,TP53BP1
Q12888|1426|S|21,366,Q12888,S,1426,21,TP53BP1
O75179|1696|S|21,367,O75179,S,1696,21,ANKRD17
O75179|1700|S|21,367,O75179,S,1700,21,ANKRD17
Q5T200|263|T|21,368,Q5T200,T,263,21,ZC3H13
Q5T200|265|S|21,368,Q5T200,S,265,21,ZC3H13
Q92733|159|S|21,369,Q92733,S,159,21,PRCC
Q92733|157|S|21,369,Q92733,S,157,21,PRCC
O43896|676|S|21,370,O43896,S,676,21,KIF1C
O43896|674|S|21,370,O43896,S,674,21,KIF1C
Q3KQU3|548|S|21,371,Q3KQU3,S,548,21,MAP7D1
Q3KQU3|544|S|21,371,Q3KQU3,S,544,21,MAP7D1
P06400|807|S|21,372,P06400,S,807,21,RB1
P06400|811|S|21,372,P06400,S,811,21,RB1
Q96HA1|348|S|21,373,Q96HA1,S,348,21,POM121
Q96HA1|345|S|21,373,Q96HA1,S,345,21,POM121
Q13459|1271|T|21,374,Q13459,T,1271,21,MYO9B
Q13459|1267|S|21,374,Q13459,S,1267,21,MYO9B
Q92615|593|S|21,375,Q92615,S,593,21,LARP4B
Q92615|601|S|21,375,Q92615,S,601,21,LARP4B
Q13435|303|S|21,376,Q13435,S,303,21,SF3B2
Q13435|302|S|21,376,Q13435,S,302,21,SF3B2
Q8IYB3|416|T|21,377,Q8IYB3,T,416,21,SRRM1
Q8IYB3|414|S|21,377,Q8IYB3,S,414,21,SRRM1
Q96B01|19|S|21,378,Q96B01,S,19,21,RAD51AP1
Q96B01|21|S|21,378,Q96B01,S,21,21,RAD51AP1
P51858|132|S|21,379,P51858,S,132,21,HDGF
P51858|133|S|21,379,P51858,S,133,21,HDGF
Q68EM7|679|T|21,380,Q68EM7,T,679,21,ARHGAP17
Q68EM7|682|T|21,380,Q68EM7,T,682,21,ARHGAP17
P08138|313|S|21,381,P08138,S,313,21,NGFR
P08138|311|S|21,381,P08138,S,311,21,NGFR
Q07666|15|S|21,382,Q07666,S,15,21,KHDRBS1
Q07666|14|S|21,382,Q07666,S,14,21,KHDRBS1
P22059|190|S|21,383,P22059,S,190,21,OSBP
P22059|193|S|21,383,P22059,S,193,21,OSBP
Q9P2R6|53|S|21,384,Q9P2R6,S,53,21,RERE
Q9P2R6|56|S|21,384,Q9P2R6,S,56,21,RERE
Q5JSH3|161|S|21,385,Q5JSH3,S,161,21,WDR44
Q5JSH3|162|S|21,385,Q5JSH3,S,162,21,WDR44
Q4LE39|296|S|21,386,Q4LE39,S,296,21,ARID4B
Q4LE39|295|S|21,386,Q4LE39,S,295,21,ARID4B
P42568|412|S|21,387,P42568,S,412,21,MLLT3
P42568|419|S|21,387,P42568,S,419,21,MLLT3
O75822|10|D|299,388,O75822,D,10,299,EIF3J
O75822|12|D|299,388,O75822,D,12,299,EIF3J
Q8N3S3|335|S|21,389,Q8N3S3,S,335,21,PHTF2
Q8N3S3|336|S|21,389,Q8N3S3,S,336,21,PHTF2
P52948|1023|S|21,390,P52948,S,1023,21,NUP98
P52948|1028|S|21,390,P52948,S,1028,21,NUP98
P38398|1218|S|21,391,P38398,S,1218,21,BRCA1
P38398|1217|S|21,391,P38398,S,1217,21,BRCA1
Q6PKG0|138|T|21,392,Q6PKG0,T,138,21,LARP1
P36915|55|S|21,392,P36915,S,55,21,GNL1
Q99569|512|S|21,393,Q99569,S,512,21,PKP4
Q99569|515|S|21,393,Q99569,S,515,21,PKP4
Q9NYF8|648|S|21,394,Q9NYF8,S,648,21,BCLAF1
Q659C4|60|S|21,394,Q659C4,S,60,21,LARP1B
Q9UEW8|385|S|21,395,Q9UEW8,S,385,21,STK39
P27816|507|S|21,395,P27816,S,507,21,MAP4
Q9UN36|332|S|21,396,Q9UN36,S,332,21,NDRG2
Q9UN36|334|T|21,396,Q9UN36,T,334,21,NDRG2
P46821|1501|S|21,397,P46821,S,1501,21,MAP1B
P46821|1265|S|21,397,P46821,S,1265,21,MAP1B
Q8IYB3|260|S|21,398,Q8IYB3,S,260,21,SRRM1
Q14498|136|S|21,398,Q14498,S,136,21,RBM39
Q9P2K5|17|S|21,399,Q9P2K5,S,17,21,MYEF2
Q00613|363|S|21,399,Q00613,S,363,21,HSF1
Q96CP6|263|S|21,400,Q96CP6,S,263,21,GRAMD1A
Q05209|567|S|21,400,Q05209,S,567,21,PTPN12
P78310|332|S|21,401,P78310,S,332,21,CXADR
P78310|328|R|7,401,P78310,R,328,7,CXADR
Q14980|1757|S|21,402,Q14980,S,1757,21,NUMA1
P19338|121|T|21,402,P19338,T,121,21,NCL
Q7Z417|214|S|21,403,Q7Z417,S,214,21,NUFIP2
Q7Z417|212|S|21,403,Q7Z417,S,212,21,NUFIP2
P46821|1782|S|21,404,P46821,S,1782,21,MAP1B
P46821|1788|T|21,404,P46821,T,1788,21,MAP1B
Q9NRF8|574|S|21,405,Q9NRF8,S,574,21,CTPS2
Q9NRF8|571|S|21,405,Q9NRF8,S,571,21,CTPS2
Q9BW71|291|S|21,406,Q9BW71,S,291,21,HIRIP3
Q14151|246|S|21,406,Q14151,S,246,21,SAFB2
P51532|1575|S|21,407,P51532,S,1575,21,SMARCA4
Q6PD62|1035|R|7,407,Q6PD62,R,1035,7,CTR9
Q09666|4100|T|21,408,Q09666,T,4100,21,AHNAK
O75475|482|S|21,408,O75475,S,482,21,PSIP1
Q9Y4G8|1116|S|21,409,Q9Y4G8,S,1116,21,RAPGEF2
Q9Y4G8|1115|S|21,409,Q9Y4G8,S,1115,21,RAPGEF2
Q02880|1424|S|21,410,Q02880,S,1424,21,TOP2B
Q02880|1413|S|21,410,Q02880,S,1413,21,TOP2B
P35269|391|S|21,411,P35269,S,391,21,GTF2F1
P35269|385|S|21,411,P35269,S,385,21,GTF2F1
Q12906|57|S|21,412,Q12906,S,57,21,ILF3
Q12906|56|S|21,412,Q12906,S,56,21,ILF3
P35269|389|T|21,413,P35269,T,389,21,GTF2F1
Q13207|653|S|21,413,Q13207,S,653,21,TBX2
Q99575|730|S|21,414,Q99575,S,730,21,POP1
Q99575|729|S|21,414,Q99575,S,729,21,POP1
Q14247|401|T|21,415,Q14247,T,401,21,CTTN
P29692|162|S|21,415,P29692,S,162,21,EEF1D
Q9UQ35|1403|S|21,416,Q9UQ35,S,1403,21,SRRM2
Q9UQ35|1401|S|21,416,Q9UQ35,S,1401,21,SRRM2
Q13017|1176|S|21,417,Q13017,S,1176,21,ARHGAP5
Q13017|1173|S|21,417,Q13017,S,1173,21,ARHGAP5
Q5QJE6|82|S|21,418,Q5QJE6,S,82,21,DNTTIP2
Q5QJE6|88|S|21,418,Q5QJE6,S,88,21,DNTTIP2
Q03164|3510|T|21,419,Q03164,T,3510,21,KMT2A
O60231|107|S|21,419,O60231,S,107,21,DHX16
Q9NR09|482|S|21,420,Q9NR09,S,482,21,BIRC6
Q9NR09|490|S|21,420,Q9NR09,S,490,21,BIRC6
Q99700|861|S|21,421,Q99700,S,861,21,ATXN2
Q9NYI0|1020|S|21,421,Q9NYI0,S,1020,21,PSD3
Q9UPP1|852|Y|21,422,Q9UPP1,Y,852,21,PHF8
Q8IYB3|685|S|21,422,Q8IYB3,S,685,21,SRRM1
Q9H3Z4|12|S|21,423,Q9H3Z4,S,12,21,DNAJC5
Q9H3Z4|11|T|21,423,Q9H3Z4,T,11,21,DNAJC5
P46821|1208|S|21,424,P46821,S,1208,21,MAP1B
Q07955|201|S|21,424,Q07955,S,201,21,SRSF1
Q8N302|7|S|21,425,Q8N302,S,7,21,AGGF1
Q8N302|11|S|21,425,Q8N302,S,11,21,AGGF1
Q15021|1333|S|21,426,Q15021,S,1333,21,NCAPD2
P20020|1182|S|21,426,P20020,S,1182,21,ATP2B1
P48681|680|S|21,427,P48681,S,680,21,NES
Q9H7N4|975|S|21,427,Q9H7N4,S,975,21,SCAF1
Q03252|421|S|21,428,Q03252,S,421,21,LMNB2
Q13428|85|S|21,428,Q13428,S,85,21,TCOF1
Q9H6Z4|108|S|21,429,Q9H6Z4,S,108,21,RANBP3
Q9H6Z4|101|S|21,429,Q9H6Z4,S,101,21,RANBP3
Q13523|277|S|21,430,Q13523,S,277,21,PRP4K
Q01082|2102|S|21,430,Q01082,S,2102,21,SPTBN1
P06454|9|S|21,431,P06454,S,9,21,PTMA
P06454|10|S|21,431,P06454,S,10,21,PTMA
Q9P035|114|S|21,432,Q9P035,S,114,21,HACD3
P49736|139|S|21,432,P49736,S,139,21,MCM2
Q9Y2W1|315|S|21,433,Q9Y2W1,S,315,21,THRAP3
Q9Y2W1|320|S|21,433,Q9Y2W1,S,320,21,THRAP3
P49757|276|S|21,434,P49757,S,276,21,NUMB
Q8WVV4|56|S|21,434,Q8WVV4,S,56,21,POF1B
P18887|446|S|21,435,P18887,S,446,21,XRCC1
P18887|453|T|21,435,P18887,T,453,21,XRCC1
Q9Y2X7|596|S|21,436,Q9Y2X7,S,596,21,GIT1
Q9Y2X7|592|S|21,436,Q9Y2X7,S,592,21,GIT1
Q9UJU6|275|S|21,437,Q9UJU6,S,275,21,DBNL
Q9UJU6|269|S|21,437,Q9UJU6,S,269,21,DBNL
P07814|882|S|21,438,P07814,S,882,21,EPRS1
P07814|886|S|21,438,P07814,S,886,21,EPRS1
Q9UN36|328|S|21,439,Q9UN36,S,328,21,NDRG2
Q9UN36|330|T|21,439,Q9UN36,T,330,21,NDRG2
Q09666|220|S|21,440,Q09666,S,220,21,AHNAK
Q09666|218|T|21,440,Q09666,T,218,21,AHNAK
Q14151|234|S|21,441,Q14151,S,234,21,SAFB2
Q4G0J3|300|S|21,441,Q4G0J3,S,300,21,LARP7
Q5VZ89|1003|S|21,442,Q5VZ89,S,1003,21,DENND4C
Q5VZ89|1005|S|21,442,Q5VZ89,S,1005,21,DENND4C
O15357|132|S|21,443,O15357,S,132,21,INPPL1
P20020|1155|S|21,443,P20020,S,1155,21,ATP2B1
Q9UKV3|467|S|21,444,Q9UKV3,S,467,21,ACIN1
P46100|1527|S|21,444,P46100,S,1527,21,ATRX
P46821|1396|S|21,445,P46821,S,1396,21,MAP1B
P46821|1400|S|21,445,P46821,S,1400,21,MAP1B
Q9P206|327|S|21,446,Q9P206,S,327,21,NHSL3
O14545|414|T|21,446,O14545,T,414,21,TRAFD1
Q8TB72|178|S|21,447,Q8TB72,S,178,21,PUM2
Q8TB72|182|S|21,447,Q8TB72,S,182,21,PUM2
Q9NYV4|323|S|21,448,Q9NYV4,S,323,21,CDK12
Q9NYV4|325|S|21,448,Q9NYV4,S,325,21,CDK12
P23588|498|S|21,449,P23588,S,498,21,EIF4B
P23588|504|S|21,449,P23588,S,504,21,EIF4B
P02545|414|S|21,450,P02545,S,414,21,LMNA
P46821|1796|Y|21,450,P46821,Y,1796,21,MAP1B
O43399|19|S|21,451,O43399,S,19,21,TPD52L2
O43399|21|S|21,451,O43399,S,21,21,TPD52L2
Q3KQU3|86|S|21,452,Q3KQU3,S,86,21,MAP7D1
Q8NHV4|516|S|21,452,Q8NHV4,S,516,21,NEDD1
Q08945|668|S|21,453,Q08945,S,668,21,SSRP1
Q08945|672|S|21,453,Q08945,S,672,21,SSRP1
Q96ST2|300|S|21,454,Q96ST2,S,300,21,IWS1
Q96ST2|302|S|21,454,Q96ST2,S,302,21,IWS1
Q6QNY0|65|S|21,455,Q6QNY0,S,65,21,BLOC1S3
Q6QNY0|63|T|21,455,Q6QNY0,T,63,21,BLOC1S3
Q9H4L7|124|S|21,456,Q9H4L7,S,124,21,SMARCAD1
Q9H4L7|127|S|21,456,Q9H4L7,S,127,21,SMARCAD1
Q9UQ35|456|S|21,457,Q9UQ35,S,456,21,SRRM2
Q9UQ35|454|S|21,457,Q9UQ35,S,454,21,SRRM2
Q86VR2|313|S|21,458,Q86VR2,S,313,21,RETREG3
Q86VR2|320|S|21,458,Q86VR2,S,320,21,RETREG3
Q8IYB3|605|S|21,459,Q8IYB3,S,605,21,SRRM1
Q8IYB3|607|S|21,459,Q8IYB3,S,607,21,SRRM1
O43719|713|S|21,460,O43719,S,713,21,HTATSF1
O43719|714|S|21,460,O43719,S,714,21,HTATSF1
Q9UGV2|333|S|21,461,Q9UGV2,S,333,21,NDRG3
Q9UGV2|334|S|21,461,Q9UGV2,S,334,21,NDRG3
Q12888|1320|S|21,462,Q12888,S,1320,21,TP53BP1
Q12888|1317|S|21,462,Q12888,S,1317,21,TP53BP1
Q9NTI5|1361|S|21,463,Q9NTI5,S,1361,21,PDS5B
Q9NTI5|1362|S|21,463,Q9NTI5,S,1362,21,PDS5B
Q9H4A3|2011|S|21,464,Q9H4A3,S,2011,21,WNK1
Q9H4A3|2012|S|21,464,Q9H4A3,S,2012,21,WNK1
Q8NFI4|75|S|21,465,Q8NFI4,S,75,21,ST13P5
Q8NFI4|79|S|21,465,Q8NFI4,S,79,21,ST13P5
P78559|612|S|21,466,P78559,S,612,21,MAP1A
P78559|616|T|21,466,P78559,T,616,21,MAP1A
Q6PI98|23|R|7,467,Q6PI98,R,23,7,INO80C
Q6PI98|32|S|21,467,Q6PI98,S,32,21,INO80C
O14646|1100|S|21,468,O14646,S,1100,21,CHD1
O14646|1096|S|21,468,O14646,S,1096,21,CHD1
Q12873|1605|S|21,469,Q12873,S,1605,21,CHD3
Q12873|1601|S|21,469,Q12873,S,1601,21,CHD3
Q96D46|470|T|21,470,Q96D46,T,470,21,NMD3
Q96D46|468|S|21,470,Q96D46,S,468,21,NMD3
Q9ULJ7|1167|S|21,471,Q9ULJ7,S,1167,21,ANKRD50
Q9ULJ7|1163|S|21,471,Q9ULJ7,S,1163,21,ANKRD50
Q96JM3|214|S|21,472,Q96JM3,S,214,21,CHAMP1
Q96JM3|204|S|21,472,Q96JM3,S,204,21,CHAMP1
Q8N556|264|S|21,473,Q8N556,S,264,21,AFAP1
Q8N556|265|S|21,473,Q8N556,S,265,21,AFAP1
Q05209|606|S|21,474,Q05209,S,606,21,PTPN12
Q05209|603|S|21,474,Q05209,S,603,21,PTPN12
Q9NSY1|1032|S|21,475,Q9NSY1,S,1032,21,BMP2K
Q9NSY1|1031|S|21,475,Q9NSY1,S,1031,21,BMP2K
Q96ST2|250|S|21,476,Q96ST2,S,250,21,IWS1
Q96ST2|248|S|21,476,Q96ST2,S,248,21,IWS1
Q96T88|95|S|21,477,Q96T88,S,95,21,UHRF1
Q96T88|91|S|21,477,Q96T88,S,91,21,UHRF1
Q13427|745|S|21,478,Q13427,S,745,21,PPIG
Q13427|744|S|21,478,Q13427,S,744,21,PPIG
Q9UIS9|297|S|21,479,Q9UIS9,S,297,21,MBD1
Q9UIS9|295|S|21,479,Q9UIS9,S,295,21,MBD1
Q5T1M5|320|S|21,480,Q5T1M5,S,320,21,FKBP15
Q5T1M5|311|S|21,480,Q5T1M5,S,311,21,FKBP15
Q9UHJ3|765|S|21,481,Q9UHJ3,S,765,21,SFMBT1
Q9UHJ3|775|S|21,481,Q9UHJ3,S,775,21,SFMBT1
Q15365|263|S|21,482,Q15365,S,263,21,PCBP1
Q15365|262|S|21,482,Q15365,S,262,21,PCBP1
Q15311|92|S|21,483,Q15311,S,92,21,RALBP1
Q15311|93|S|21,483,Q15311,S,93,21,RALBP1
Q9NWH9|553|S|21,484,Q9NWH9,S,553,21,SLTM
Q9NWH9|551|S|21,484,Q9NWH9,S,551,21,SLTM
Q15311|30|S|21,485,Q15311,S,30,21,RALBP1
Q15311|29|S|21,485,Q15311,S,29,21,RALBP1
Q14676|498|S|21,486,Q14676,S,498,21,MDC1
Q14676|495|S|21,486,Q14676,S,495,21,MDC1
Q9UDY2|1167|R|7,487,Q9UDY2,R,1167,7,TJP2
Q9UDY2|1159|S|21,487,Q9UDY2,S,1159,21,TJP2
Q8TCJ2|499|S|21,488,Q8TCJ2,S,499,21,STT3B
Q8TCJ2|498|S|21,488,Q8TCJ2,S,498,21,STT3B
Q14160|1298|S|21,489,Q14160,S,1298,21,SCRIB
Q14160|1300|S|21,489,Q14160,S,1300,21,SCRIB
O60293|1303|S|21,490,O60293,S,1303,21,ZFC3H1
O60293|1304|S|21,490,O60293,S,1304,21,ZFC3H1
Q9UK76|79|S|21,491,Q9UK76,S,79,21,JPT1
Q9UK76|80|S|21,491,Q9UK76,S,80,21,JPT1
Q9C0K0|496|S|21,492,Q9C0K0,S,496,21,BCL11B
Q9C0K0|497|S|21,492,Q9C0K0,S,497,21,BCL11B
Q96RK0|1055|S|21,493,Q96RK0,S,1055,21,CIC
Q96RK0|1063|S|21,493,Q96RK0,S,1063,21,CIC
Q9UQ35|1041|S|21,494,Q9UQ35,S,1041,21,SRRM2
Q9UQ35|1042|S|21,494,Q9UQ35,S,1042,21,SRRM2
Q9UGU5|502|S|21,495,Q9UGU5,S,502,21,HMGXB4
Q9UGU5|512|S|21,495,Q9UGU5,S,512,21,HMGXB4
Q9UKV8|831|S|21,496,Q9UKV8,S,831,21,AGO2
Q9UKV8|828|S|21,496,Q9UKV8,S,828,21,AGO2
P28290|1174|S|21,497,P28290,S,1174,21,ITPRID2
P28290|1175|S|21,497,P28290,S,1175,21,ITPRID2
Q13557|333|S|21,498,Q13557,S,333,21,CAMK2D
Q13557|334|S|21,498,Q13557,S,334,21,CAMK2D
Q96T23|1282|S|21,499,Q96T23,S,1282,21,RSF1
Q96T23|1277|S|21,499,Q96T23,S,1277,21,RSF1
Q9H6T3|121|S|21,500,Q9H6T3,S,121,21,RPAP3
Q9H6T3|119|S|21,500,Q9H6T3,S,119,21,RPAP3
P25440|298|S|21,501,P25440,S,298,21,BRD2
P25440|301|S|21,501,P25440,S,301,21,BRD2
Q9BW71|84|T|21,502,Q9BW71,T,84,21,HIRIP3
Q9BW71|87|S|21,502,Q9BW71,S,87,21,HIRIP3
Q96T37|674|S|21,503,Q96T37,S,674,21,RBM15
Q96T37|670|S|21,503,Q96T37,S,670,21,RBM15
Q9H4G0|650|S|21,504,Q9H4G0,S,650,21,EPB41L1
Q9H4G0|648|S|21,504,Q9H4G0,S,648,21,EPB41L1
O14647|208|S|21,505,O14647,S,208,21,CHD2
O14647|207|S|21,505,O14647,S,207,21,CHD2
P18858|911|S|21,506,P18858,S,911,21,LIG1
P18858|913|S|21,506,P18858,S,913,21,LIG1
Q8IXQ4|140|S|21,507,Q8IXQ4,S,140,21,GPALPP1
Q8IXQ4|141|S|21,507,Q8IXQ4,S,141,21,GPALPP1
Q16512|537|S|21,508,Q16512,S,537,21,PKN1
Q16512|533|S|21,508,Q16512,S,533,21,PKN1
Q15025|435|S|21,509,Q15025,S,435,21,TNIP1
Q15025|434|S|21,509,Q15025,S,434,21,TNIP1
Q03164|2392|S|21,510,Q03164,S,2392,21,KMT2A
Q03164|2391|S|21,510,Q03164,S,2391,21,KMT2A
Q9BUT9|80|S|21,511,Q9BUT9,S,80,21,MCRIP2
Q9BUT9|82|S|21,511,Q9BUT9,S,82,21,MCRIP2
O94885|699|S|21,512,O94885,S,699,21,SASH1
O94885|701|S|21,512,O94885,S,701,21,SASH1
Q96RT1|844|S|21,513,Q96RT1,S,844,21,ERBIN
Q96RT1|841|S|21,513,Q96RT1,S,841,21,ERBIN
Q9HAJ7|93|S|21,514,Q9HAJ7,S,93,21,SAP30L
Q9HAJ7|99|S|21,514,Q9HAJ7,S,99,21,SAP30L
Q7L1Q6|413|S|21,515,Q7L1Q6,S,413,21,BZW1
Q7L1Q6|411|S|21,515,Q7L1Q6,S,411,21,BZW1
Q9NVU0|162|S|21,516,Q9NVU0,S,162,21,POLR3E
Q9NVU0|161|S|21,516,Q9NVU0,S,161,21,POLR3E
Q9H1E5|251|S|21,517,Q9H1E5,S,251,21,TMX4
Q9H1E5|259|S|21,517,Q9H1E5,S,259,21,TMX4
Q8NFC6|2779|S|21,518,Q8NFC6,S,2779,21,BOD1L1
Q8NFC6|2780|S|21,518,Q8NFC6,S,2780,21,BOD1L1
Q5T200|1014|S|21,519,Q5T200,S,1014,21,ZC3H13
Q5T200|1017|S|21,519,Q5T200,S,1017,21,ZC3H13
Q9H9A7|283|S|21,520,Q9H9A7,S,283,21,RMI1
Q9H9A7|284|S|21,520,Q9H9A7,S,284,21,RMI1
Q15154|533|S|21,521,Q15154,S,533,21,PCM1
Q15154|537|S|21,521,Q15154,S,537,21,PCM1
Q9Y6X9|777|S|21,522,Q9Y6X9,S,777,21,MORC2
Q9Y6X9|779|S|21,522,Q9Y6X9,S,779,21,MORC2
Q12888|1101|S|21,523,Q12888,S,1101,21,TP53BP1
Q12888|1094|S|21,523,Q12888,S,1094,21,TP53BP1
P10636|548|T|21,524,P10636,T,548,21,MAPT
P10636|552|S|21,524,P10636,S,552,21,MAPT
P42345|2481|S|21,525,P42345,S,2481,21,MTOR
P42345|2478|S|21,525,P42345,S,2478,21,MTOR
Q9H8U3|124|S|21,526,Q9H8U3,S,124,21,ZFAND3
Q9H8U3|122|S|21,526,Q9H8U3,S,122,21,ZFAND3
P51116|603|S|21,527,P51116,S,603,21,FXR2
P51116|601|S|21,527,P51116,S,601,21,FXR2
O43159|106|S|21,528,O43159,S,106,21,RRP8
O43159|104|S|21,528,O43159,S,104,21,RRP8
P38398|398|S|21,529,P38398,S,398,21,BRCA1
P38398|395|S|21,529,P38398,S,395,21,BRCA1
Q8WYQ5|271|S|21,530,Q8WYQ5,S,271,21,DGCR8
Q8WYQ5|275|S|21,530,Q8WYQ5,S,275,21,DGCR8
Q9UKE5|548|S|21,531,Q9UKE5,S,548,21,TNIK
Q9UKE5|547|S|21,531,Q9UKE5,S,547,21,TNIK
Q9Y2X7|388|S|21,532,Q9Y2X7,S,388,21,GIT1
Q9Y2X7|385|S|21,532,Q9Y2X7,S,385,21,GIT1
Q9BUA3|248|S|21,533,Q9BUA3,S,248,21,SPINDOC
Q9BUA3|251|S|21,533,Q9BUA3,S,251,21,SPINDOC
Q4G0J3|337|S|21,534,Q4G0J3,S,337,21,LARP7
Q4G0J3|338|T|21,534,Q4G0J3,T,338,21,LARP7
O43524|12|S|21,535,O43524,S,12,21,FOXO3
O43524|7|S|21,535,O43524,S,7,21,FOXO3
P78559|2083|S|21,536,P78559,S,2083,21,MAP1A
P78559|2085|S|21,536,P78559,S,2085,21,MAP1A
Q99638|375|S|21,537,Q99638,S,375,21,RAD9A
Q99638|380|S|21,537,Q99638,S,380,21,RAD9A
Q86U86|378|S|21,538,Q86U86,S,378,21,PBRM1
Q86U86|375|S|21,538,Q86U86,S,375,21,PBRM1
Q13426|328|S|21,539,Q13426,S,328,21,XRCC4
Q13426|327|S|21,539,Q13426,S,327,21,XRCC4
Q8IXM2|150|S|21,540,Q8IXM2,S,150,21,BACC1
Q8IXM2|146|S|21,540,Q8IXM2,S,146,21,BACC1
Q9BRR8|6|S|21,541,Q9BRR8,S,6,21,GPATCH1
Q9BRR8|8|S|21,541,Q9BRR8,S,8,21,GPATCH1
Q9Y5P4|376|S|21,542,Q9Y5P4,S,376,21,CERT1
Q9Y5P4|375|S|21,542,Q9Y5P4,S,375,21,CERT1
Q96S55|91|S|21,543,Q96S55,S,91,21,WRNIP1
Q96S55|92|S|21,543,Q96S55,S,92,21,WRNIP1
O75151|734|S|21,544,O75151,S,734,21,PHF2
O75151|733|S|21,544,O75151,S,733,21,PHF2
O14617|632|S|21,545,O14617,S,632,21,AP3D1
O14617|634|S|21,545,O14617,S,634,21,AP3D1
Q9BPX3|973|S|21,546,Q9BPX3,S,973,21,NCAPG
Q9BPX3|975|S|21,546,Q9BPX3,S,975,21,NCAPG
O75446|138|S|21,547,O75446,S,138,21,SAP30
O75446|131|S|21,547,O75446,S,131,21,SAP30
P46013|2828|S|21,548,P46013,S,2828,21,MKI67
P46013|2827|S|21,548,P46013,S,2827,21,MKI67
P78317|94|S|21,549,P78317,S,94,21,RNF4
P78317|95|S|21,549,P78317,S,95,21,RNF4
Q9P2K3|156|S|21,550,Q9P2K3,S,156,21,RCOR3
Q9P2K3|171|S|21,550,Q9P2K3,S,171,21,RCOR3
Q8NCJ5|343|S|21,551,Q8NCJ5,S,343,21,SPRYD3
Q8NCJ5|346|S|21,551,Q8NCJ5,S,346,21,SPRYD3
Q9BTX1|471|S|21,552,Q9BTX1,S,471,21,NDC1
Q9BTX1|474|S|21,552,Q9BTX1,S,474,21,NDC1
Q9P287|112|S|21,553,Q9P287,S,112,21,BCCIP
Q9P287|115|S|21,553,Q9P287,S,115,21,BCCIP
Q8N108|52|S|21,554,Q8N108,S,52,21,MIER1
Q8N108|53|S|21,554,Q8N108,S,53,21,MIER1
Q49A88|758|S|21,555,Q49A88,S,758,21,CCDC14
Q49A88|762|S|21,555,Q49A88,S,762,21,CCDC14
