stId,name,FDR,entities_found,entities_tot,reactions_found,reactions_tot,token
R-HSA-1643685,Disease,3.941291737419306e-14,74,3093,258,2176,MjAyNjA5MTMxMzA1MjlfMjMxMDA%3D
R-HSA-5663205,Infectious disease,3.941291737419306e-14,63,1965,130,1227,MjAyNjA5MTMxMzA1MjlfMjMxMDA%3D
R-HSA-9824446,Viral Infection Pathways,3.941291737419306e-14,56,1407,94,899,MjAyNjA5MTMxMzA1MjlfMjMxMDA%3D
R-HSA-9839923,Dengue Virus Infection,5.906386491005833e-14,28,411,23,142,MjAyNjA5MTMxMzA1MjlfMjMxMDA%3D
R-HSA-2262752,Cellular responses to stress,7.09432512735475e-14,42,1039,103,521,MjAyNjA5MTMxMzA1MjlfMjMxMDA%3D
R-HSA-8953897,Cellular responses to stimuli,1.1790568521519162e-13,44,1166,116,613,MjAyNjA5MTMxMzA1MjlfMjMxMDA%3D
R-HSA-156842,Eukaryotic Translation Elongation,6.750155989720952e-13,16,102,8,9,MjAyNjA5MTMxMzA1MjlfMjMxMDA%3D
R-HSA-392499,Metabolism of proteins,1.4913625889789728e-12,62,2427,259,928,MjAyNjA5MTMxMzA1MjlfMjMxMDA%3D
R-HSA-168255,Influenza Infection,9.275247236928408e-12,19,200,8,61,MjAyNjA5MTMxMzA1MjlfMjMxMDA%3D
R-HSA-156827,L13a-mediated translational silencing of Ceruloplasmin expression,6.902522997620508e-11,15,120,2,3,MjAyNjA5MTMxMzA1MjlfMjMxMDA%3D
R-HSA-72706,GTP hydrolysis and joining of the 60S ribosomal subunit,6.902522997620508e-11,15,120,3,3,MjAyNjA5MTMxMzA1MjlfMjMxMDA%3D
R-HSA-156902,Peptide chain elongation,6.902522997620508e-11,14,97,5,5,MjAyNjA5MTMxMzA1MjlfMjMxMDA%3D
R-HSA-8953854,Metabolism of RNA,6.902522997620508e-11,34,863,72,244,MjAyNjA5MTMxMzA1MjlfMjMxMDA%3D
R-HSA-72737,Cap-dependent Translation Initiation,1.6582801798392666e-10,15,130,14,18,MjAyNjA5MTMxMzA1MjlfMjMxMDA%3D
R-HSA-72613,Eukaryotic Translation Initiation,1.6582801798392666e-10,15,130,16,21,MjAyNjA5MTMxMzA1MjlfMjMxMDA%3D
R-HSA-72689,Formation of a pool of free 40S subunits,1.6582801798392666e-10,14,106,2,2,MjAyNjA5MTMxMzA1MjlfMjMxMDA%3D
R-HSA-9633012,Response of EIF2AK4 (GCN2) to amino acid deficiency,4.2743053541016707e-10,14,115,6,16,MjAyNjA5MTMxMzA1MjlfMjMxMDA%3D
R-HSA-9663891,Selective autophagy,7.29561078216534e-10,13,97,32,56,MjAyNjA5MTMxMzA1MjlfMjMxMDA%3D
R-HSA-9918481,Dengue Virus-Host Interactions,9.166774006530432e-10,19,273,10,59,MjAyNjA5MTMxMzA1MjlfMjMxMDA%3D
R-HSA-9954714,PELO:HBS1L and ABCE1 dissociate a ribosome on a non-stop mRNA,9.508073217645574e-10,13,100,3,3,MjAyNjA5MTMxMzA1MjlfMjMxMDA%3D
R-HSA-975956,Nonsense Mediated Decay (NMD) independent of the Exon Junction Complex (EJC),1.0127676475235603e-09,13,101,1,1,MjAyNjA5MTMxMzA1MjlfMjMxMDA%3D
R-HSA-9954716,ZNF598 and the Ribosome-associated Quality Trigger (RQT) complex dissociate a ribosome stalled on a no-go mRNA,1.5604371128574712e-09,13,105,4,4,MjAyNjA5MTMxMzA1MjlfMjMxMDA%3D
R-HSA-72764,Eukaryotic Translation Termination,1.6781227518691821e-09,13,106,3,5,MjAyNjA5MTMxMzA1MjlfMjMxMDA%3D
R-HSA-2408557,Selenocysteine synthesis,3.130750325652798e-09,13,112,2,7,MjAyNjA5MTMxMzA1MjlfMjMxMDA%3D
R-HSA-192823,Viral mRNA Translation,3.7022365173555727e-09,13,114,2,2,MjAyNjA5MTMxMzA1MjlfMjMxMDA%3D
R-HSA-1799339,SRP-dependent cotranslational protein targeting to membrane,4.946378751036207e-09,13,117,5,5,MjAyNjA5MTMxMzA1MjlfMjMxMDA%3D
R-HSA-168273,Influenza Viral RNA Transcription and Replication,5.063254038262244e-09,15,173,4,14,MjAyNjA5MTMxMzA1MjlfMjMxMDA%3D
R-HSA-422475,Axon guidance,5.063254038262244e-09,25,566,21,295,MjAyNjA5MTMxMzA1MjlfMjMxMDA%3D
R-HSA-927802,Nonsense-Mediated Decay (NMD),8.5006385264208e-09,13,124,5,6,MjAyNjA5MTMxMzA1MjlfMjMxMDA%3D
R-HSA-975957,Nonsense Mediated Decay (NMD) enhanced by the Exon Junction Complex (EJC),8.5006385264208e-09,13,124,4,5,MjAyNjA5MTMxMzA1MjlfMjMxMDA%3D
R-HSA-9948299,Ribosome-associated quality control,1.1137220479184862e-08,14,155,20,20,MjAyNjA5MTMxMzA1MjlfMjMxMDA%3D
R-HSA-6791226,Major pathway of rRNA processing in the nucleolus and cytosol,1.4227048872328396e-08,15,189,7,7,MjAyNjA5MTMxMzA1MjlfMjMxMDA%3D
R-HSA-9675108,Nervous system development,1.5605074565883115e-08,25,603,21,322,MjAyNjA5MTMxMzA1MjlfMjMxMDA%3D
R-HSA-9954709,Ribosome Quality Control (RQC) complex extracts and degrades nascent peptide,1.6088176013617783e-08,12,106,13,13,MjAyNjA5MTMxMzA1MjlfMjMxMDA%3D
R-HSA-9646399,Aggrephagy,2.6847881029468113e-08,9,47,13,15,MjAyNjA5MTMxMzA1MjlfMjMxMDA%3D
R-HSA-5653656,Vesicle-mediated transport,2.6847881029468113e-08,29,833,115,254,MjAyNjA5MTMxMzA1MjlfMjMxMDA%3D
R-HSA-9612973,Autophagy,3.980124230196225e-08,14,174,49,117,MjAyNjA5MTMxMzA1MjlfMjMxMDA%3D
R-HSA-8868773,rRNA processing in the nucleus and cytosol,4.0955626889882524e-08,15,207,9,15,MjAyNjA5MTMxMzA1MjlfMjMxMDA%3D
R-HSA-9711097,Cellular response to starvation,4.4328528847614734e-08,14,176,6,28,MjAyNjA5MTMxMzA1MjlfMjMxMDA%3D
R-HSA-2408522,Selenoamino acid metabolism,6.507182637172093e-08,14,182,3,33,MjAyNjA5MTMxMzA1MjlfMjMxMDA%3D
R-HSA-1632852,Macroautophagy,1.1243958297768586e-07,13,158,32,96,MjAyNjA5MTMxMzA1MjlfMjMxMDA%3D
R-HSA-6798695,Neutrophil degranulation,1.2756555256565605e-07,21,478,6,10,MjAyNjA5MTMxMzA1MjlfMjMxMDA%3D
R-HSA-72766,Translation,2.2535623234176683e-07,20,448,61,126,MjAyNjA5MTMxMzA1MjlfMjMxMDA%3D
R-HSA-9770562,mRNA Polyadenylation,2.373150037593419e-07,12,139,16,20,MjAyNjA5MTMxMzA1MjlfMjMxMDA%3D
R-HSA-9010553,Regulation of expression of SLITs and ROBOs,2.373150037593419e-07,13,170,5,20,MjAyNjA5MTMxMzA1MjlfMjMxMDA%3D
R-HSA-9833482,PKR-mediated signaling,3.3240436625447956e-07,10,88,6,40,MjAyNjA5MTMxMzA1MjlfMjMxMDA%3D
R-HSA-9918487,Dengue Virus Genome Translation and Replication,3.7099694716324905e-07,11,116,11,64,MjAyNjA5MTMxMzA1MjlfMjMxMDA%3D
R-HSA-389960,Formation of tubulin folding intermediates by CCT/TriC,4.1072325740465487e-07,7,30,2,2,MjAyNjA5MTMxMzA1MjlfMjMxMDA%3D
R-HSA-72312,rRNA processing,4.1072325740465487e-07,15,252,9,22,MjAyNjA5MTMxMzA1MjlfMjMxMDA%3D
R-HSA-376176,Signaling by ROBO receptors,6.171480496641735e-07,14,222,6,60,MjAyNjA5MTMxMzA1MjlfMjMxMDA%3D
R-HSA-194315,Signaling by Rho GTPases,1.0397919147919765e-06,24,708,44,203,MjAyNjA5MTMxMzA1MjlfMjMxMDA%3D
R-HSA-72187,mRNA 3'-end processing,1.230741777380473e-06,12,164,17,21,MjAyNjA5MTMxMzA1MjlfMjMxMDA%3D
R-HSA-9716542,"Signaling by Rho GTPases, Miro GTPases and RHOBTB3",1.4906401092362742e-06,24,724,44,212,MjAyNjA5MTMxMzA1MjlfMjMxMDA%3D
R-HSA-389958,Cooperation of Prefoldin and TriC/CCT  in actin and tubulin folding,1.4906401092362742e-06,7,37,6,6,MjAyNjA5MTMxMzA1MjlfMjMxMDA%3D
R-HSA-168256,Immune System,2.0844180660395395e-06,56,3033,258,1895,MjAyNjA5MTMxMzA1MjlfMjMxMDA%3D
R-HSA-1169410,Antimicrobial mechanism of IFN-stimulated genes,1.0717794649894863e-05,14,284,8,103,MjAyNjA5MTMxMzA1MjlfMjMxMDA%3D
R-HSA-3371497,HSP90 chaperone cycle for steroid hormone receptors (SHR) in the presence of ligand,1.3277269094169597e-05,8,76,22,22,MjAyNjA5MTMxMzA1MjlfMjMxMDA%3D
R-HSA-9837999,Mitochondrial protein degradation,1.334979233957867e-05,9,104,8,20,MjAyNjA5MTMxMzA1MjlfMjMxMDA%3D
R-HSA-6811434,COPI-dependent Golgi-to-ER retrograde traffic,1.5904487969731207e-05,9,107,9,11,MjAyNjA5MTMxMzA1MjlfMjMxMDA%3D
R-HSA-6807878,COPI-mediated anterograde transport,1.5904487969731207e-05,9,107,10,12,MjAyNjA5MTMxMzA1MjlfMjMxMDA%3D
R-HSA-114608,Platelet degranulation ,1.8892529588754314e-05,10,142,4,11,MjAyNjA5MTMxMzA1MjlfMjMxMDA%3D
R-HSA-1445148,Translocation of SLC2A4 (GLUT4) to the plasma membrane,1.8892529588754314e-05,8,81,4,15,MjAyNjA5MTMxMzA1MjlfMjMxMDA%3D
R-HSA-9706574,RHOBTB GTPase Cycle,2.2224957929140032e-05,6,36,3,4,MjAyNjA5MTMxMzA1MjlfMjMxMDA%3D
R-HSA-76005,Response to elevated platelet cytosolic Ca2+,2.7608269411061315e-05,10,149,4,14,MjAyNjA5MTMxMzA1MjlfMjMxMDA%3D
R-HSA-190840,Microtubule-dependent trafficking of connexons from Golgi to the plasma membrane,3.900505442366864e-05,5,22,1,2,MjAyNjA5MTMxMzA1MjlfMjMxMDA%3D
R-HSA-9613829,Chaperone Mediated Autophagy,4.532695306092016e-05,5,23,15,19,MjAyNjA5MTMxMzA1MjlfMjMxMDA%3D
R-HSA-190872,Transport of connexons to the plasma membrane,4.532695306092016e-05,5,23,1,3,MjAyNjA5MTMxMzA1MjlfMjMxMDA%3D
R-HSA-9013418,RHOBTB2 GTPase cycle,5.565609115576464e-05,5,24,2,2,MjAyNjA5MTMxMzA1MjlfMjMxMDA%3D
R-HSA-6802948,Signaling by high-kinase activity BRAF mutants,6.0969876854333194e-05,6,44,4,6,MjAyNjA5MTMxMzA1MjlfMjMxMDA%3D
R-HSA-199977,ER to Golgi Anterograde Transport,6.0969876854333194e-05,10,165,26,39,MjAyNjA5MTMxMzA1MjlfMjMxMDA%3D
R-HSA-380320,Recruitment of NuMA to mitotic centrosomes,6.167429725656426e-05,8,97,2,2,MjAyNjA5MTMxMzA1MjlfMjMxMDA%3D
R-HSA-389977,Post-chaperonin tubulin folding pathway,6.323143278885723e-05,5,25,9,9,MjAyNjA5MTMxMzA1MjlfMjMxMDA%3D
R-HSA-199991,Membrane Trafficking,6.980755840801933e-05,20,669,102,219,MjAyNjA5MTMxMzA1MjlfMjMxMDA%3D
R-HSA-5602498,MyD88 deficiency (TLR2/4),7.09014814456177e-05,5,26,2,2,MjAyNjA5MTMxMzA1MjlfMjMxMDA%3D
R-HSA-8852276,The role of GTSE1 in G2/M progression after G2 checkpoint,7.09014814456177e-05,7,70,5,10,MjAyNjA5MTMxMzA1MjlfMjMxMDA%3D
R-HSA-2173782,Binding and Uptake of Ligands by Scavenger Receptors,7.855251639465877e-05,10,172,13,35,MjAyNjA5MTMxMzA1MjlfMjMxMDA%3D
R-HSA-72163,mRNA Splicing - Major Pathway,8.114617995791384e-05,11,213,11,11,MjAyNjA5MTMxMzA1MjlfMjMxMDA%3D
R-HSA-5603041,IRAK4 deficiency (TLR2/4),8.49861644864891e-05,5,27,1,1,MjAyNjA5MTMxMzA1MjlfMjMxMDA%3D
R-HSA-68886,M Phase,8.749070781477464e-05,15,403,32,96,MjAyNjA5MTMxMzA1MjlfMjMxMDA%3D
R-HSA-2132295,MHC class II antigen presentation,8.876848981609342e-05,9,137,10,26,MjAyNjA5MTMxMzA1MjlfMjMxMDA%3D
R-HSA-5674135,MAP2K and MAPK activation,9.593898661108824e-05,6,49,8,12,MjAyNjA5MTMxMzA1MjlfMjMxMDA%3D
R-HSA-72172,mRNA Splicing,0.00011943286828186572,11,224,16,16,MjAyNjA5MTMxMzA1MjlfMjMxMDA%3D
R-HSA-5357801,Programmed Cell Death,0.0001244385968468542,11,225,23,194,MjAyNjA5MTMxMzA1MjlfMjMxMDA%3D
R-HSA-72203,Processing of Capped Intron-Containing Pre-mRNA,0.00012489513378843853,13,317,36,52,MjAyNjA5MTMxMzA1MjlfMjMxMDA%3D
R-HSA-190828,Gap junction trafficking,0.00013392548734536547,6,52,7,20,MjAyNjA5MTMxMzA1MjlfMjMxMDA%3D
R-HSA-8856688,Golgi-to-ER retrograde transport,0.00013801348283026815,9,148,11,18,MjAyNjA5MTMxMzA1MjlfMjMxMDA%3D
R-HSA-450531,Regulation of mRNA stability by proteins that bind AU-rich elements,0.00013801348283026815,7,80,7,26,MjAyNjA5MTMxMzA1MjlfMjMxMDA%3D
R-HSA-168249,Innate Immune System,0.00013916974242422775,30,1387,143,782,MjAyNjA5MTMxMzA1MjlfMjMxMDA%3D
R-HSA-195258,RHO GTPase Effectors,0.00014852584871616337,13,325,28,113,MjAyNjA5MTMxMzA1MjlfMjMxMDA%3D
R-HSA-6802946,Signaling by moderate kinase activity BRAF mutants,0.00015162432524162828,6,54,4,7,MjAyNjA5MTMxMzA1MjlfMjMxMDA%3D
R-HSA-9649948,Signaling downstream of RAS mutants,0.00015162432524162828,6,54,4,7,MjAyNjA5MTMxMzA1MjlfMjMxMDA%3D
R-HSA-6802955,Paradoxical activation of RAF signaling by kinase inactive BRAF,0.00015162432524162828,6,54,4,7,MjAyNjA5MTMxMzA1MjlfMjMxMDA%3D
R-HSA-6802949,Signaling by RAS mutants,0.00015162432524162828,6,54,4,9,MjAyNjA5MTMxMzA1MjlfMjMxMDA%3D
R-HSA-437239,Recycling pathway of L1,0.00016798052117761308,6,55,7,14,MjAyNjA5MTMxMzA1MjlfMjMxMDA%3D
R-HSA-9936686,Aggregated β-amyloid interacts with fibrinogen,0.0001776258492837135,3,5,1,2,MjAyNjA5MTMxMzA1MjlfMjMxMDA%3D
R-HSA-157858,Gap junction trafficking and regulation,0.00018633455147076816,6,57,7,24,MjAyNjA5MTMxMzA1MjlfMjMxMDA%3D
R-HSA-9619483,Activation of AMPK downstream of NMDARs,0.00019641852747609434,5,34,1,3,MjAyNjA5MTMxMzA1MjlfMjMxMDA%3D
R-HSA-5626467,RHO GTPases activate IQGAPs,0.0002575086144507299,5,36,1,5,MjAyNjA5MTMxMzA1MjlfMjMxMDA%3D
R-HSA-69275,G2/M Transition,0.00026917360010703106,10,205,23,88,MjAyNjA5MTMxMzA1MjlfMjMxMDA%3D
R-HSA-453274,Mitotic G2-G2/M phases,0.00029196167420031394,10,207,23,90,MjAyNjA5MTMxMzA1MjlfMjMxMDA%3D
R-HSA-1280218,Adaptive Immune System,0.0003175343432859634,27,1237,82,361,MjAyNjA5MTMxMzA1MjlfMjMxMDA%3D
R-HSA-9668328,Sealing of the nuclear envelope (NE) by ESCRT-III,0.00037570218654359167,5,39,1,7,MjAyNjA5MTMxMzA1MjlfMjMxMDA%3D
R-HSA-354194,GRB2:SOS provides linkage to MAPK signaling for Integrins ,0.00038159977028373593,4,20,2,2,MjAyNjA5MTMxMzA1MjlfMjMxMDA%3D
R-HSA-390466,Chaperonin-mediated protein folding,0.00038159977028373593,7,96,16,19,MjAyNjA5MTMxMzA1MjlfMjMxMDA%3D
R-HSA-1236974,ER-Phagosome pathway,0.00039374790413859717,7,98,4,11,MjAyNjA5MTMxMzA1MjlfMjMxMDA%3D
R-HSA-1500931,Cell-Cell communication,0.00039961647449826554,13,365,24,208,MjAyNjA5MTMxMzA1MjlfMjMxMDA%3D
R-HSA-5686938,Regulation of TLR by endogenous ligand,0.00042773981328003696,5,41,6,13,MjAyNjA5MTMxMzA1MjlfMjMxMDA%3D
R-HSA-190861,Gap junction assembly,0.00042773981328003696,5,41,3,16,MjAyNjA5MTMxMzA1MjlfMjMxMDA%3D
R-HSA-948021,Transport to the Golgi and subsequent modification,0.00043595119388051273,10,220,26,60,MjAyNjA5MTMxMzA1MjlfMjMxMDA%3D
R-HSA-391251,Protein folding,0.0005051058525770147,7,102,25,28,MjAyNjA5MTMxMzA1MjlfMjMxMDA%3D
R-HSA-1268020,Mitochondrial protein import,0.0005208556416159693,6,70,10,14,MjAyNjA5MTMxMzA1MjlfMjMxMDA%3D
R-HSA-372708,p130Cas linkage to MAPK signaling for integrins,0.0005506616893019567,4,22,3,3,MjAyNjA5MTMxMzA1MjlfMjMxMDA%3D
R-HSA-597592,Post-translational protein modification,0.0005741188906025485,32,1676,154,605,MjAyNjA5MTMxMzA1MjlfMjMxMDA%3D
R-HSA-446203,Asparagine N-linked glycosylation,0.0005741188906025485,14,438,33,146,MjAyNjA5MTMxMzA1MjlfMjMxMDA%3D
R-HSA-446728,Cell junction organization,0.0005741188906025485,12,327,23,185,MjAyNjA5MTMxMzA1MjlfMjMxMDA%3D
R-HSA-6802952,Signaling by BRAF and RAF1 fusions,0.0005820554935773714,6,73,4,5,MjAyNjA5MTMxMzA1MjlfMjMxMDA%3D
R-HSA-1852241,Organelle biogenesis and maintenance,0.0006380490732329491,13,387,26,119,MjAyNjA5MTMxMzA1MjlfMjMxMDA%3D
R-HSA-5602358,Diseases associated with the TLR signaling cascade,0.0007196193333358636,5,47,3,14,MjAyNjA5MTMxMzA1MjlfMjMxMDA%3D
R-HSA-913531,Interferon Signaling,0.0007356808540555093,15,507,10,157,MjAyNjA5MTMxMzA1MjlfMjMxMDA%3D
R-HSA-70171,Glycolysis,0.0007568938622455335,7,111,6,23,MjAyNjA5MTMxMzA1MjlfMjMxMDA%3D
R-HSA-9918432,Maturation of DENV proteins,0.0007775202646671531,6,77,7,41,MjAyNjA5MTMxMzA1MjlfMjMxMDA%3D
R-HSA-9656223,Signaling by RAF1 mutants,0.0008731735044911204,5,49,4,7,MjAyNjA5MTMxMzA1MjlfMjMxMDA%3D
R-HSA-9609736,Assembly and cell surface presentation of NMDA receptors,0.0008731735044911204,5,49,2,23,MjAyNjA5MTMxMzA1MjlfMjMxMDA%3D
R-HSA-5620920,Cargo trafficking to the periciliary membrane,0.0008931050771172622,6,79,8,29,MjAyNjA5MTMxMzA1MjlfMjMxMDA%3D
R-HSA-76002,"Platelet activation, signaling and aggregation",0.0009097283460235417,11,294,28,119,MjAyNjA5MTMxMzA1MjlfMjMxMDA%3D
R-HSA-1280215,Cytokine Signaling in Immune system,0.0009899164569446839,25,1193,46,823,MjAyNjA5MTMxMzA1MjlfMjMxMDA%3D
R-HSA-72695,"Formation of the ternary complex, and subsequently, the 43S complex",0.0011963933343985822,5,54,3,3,MjAyNjA5MTMxMzA1MjlfMjMxMDA%3D
R-HSA-1236975,Antigen processing-Cross presentation,0.0011963933343985822,7,120,4,25,MjAyNjA5MTMxMzA1MjlfMjMxMDA%3D
R-HSA-75153,Apoptotic execution phase,0.0011963933343985822,5,54,7,57,MjAyNjA5MTMxMzA1MjlfMjMxMDA%3D
R-HSA-5260271,Diseases of Immune System,0.0011963933343985822,5,53,3,21,MjAyNjA5MTMxMzA1MjlfMjMxMDA%3D
R-HSA-9975921,Assembly of the 9+0 primary cilium,0.0012136830730268278,9,209,22,50,MjAyNjA5MTMxMzA1MjlfMjMxMDA%3D
R-HSA-389957,Prefoldin mediated transfer of substrate  to CCT/TriC,0.001229247071357853,4,29,2,2,MjAyNjA5MTMxMzA1MjlfMjMxMDA%3D
R-HSA-8955332,Carboxyterminal post-translational modifications of tubulin,0.0013015948779687703,5,55,6,6,MjAyNjA5MTMxMzA1MjlfMjMxMDA%3D
R-HSA-68877,Mitotic Prometaphase,0.0013476416563514837,9,212,9,25,MjAyNjA5MTMxMzA1MjlfMjMxMDA%3D
R-HSA-2995410,Nuclear Envelope (NE) Reassembly,0.0013939349744087615,6,88,5,24,MjAyNjA5MTMxMzA1MjlfMjMxMDA%3D
R-HSA-70263,Gluconeogenesis,0.0014137099665636477,5,56,5,17,MjAyNjA5MTMxMzA1MjlfMjMxMDA%3D
R-HSA-9759476,Regulation of Homotypic Cell-Cell Adhesion,0.0014936966349873293,9,215,17,125,MjAyNjA5MTMxMzA1MjlfMjMxMDA%3D
R-HSA-6811442,Intra-Golgi and retrograde Golgi-to-ER traffic,0.0017087110677458384,9,219,11,48,MjAyNjA5MTMxMzA1MjlfMjMxMDA%3D
R-HSA-373760,L1CAM interactions,0.001728222704249549,7,130,8,54,MjAyNjA5MTMxMzA1MjlfMjMxMDA%3D
R-HSA-70326,Glucose metabolism,0.001809428470590957,7,131,11,40,MjAyNjA5MTMxMzA1MjlfMjMxMDA%3D
R-HSA-109582,Hemostasis,0.0018201651903033689,19,821,39,366,MjAyNjA5MTMxMzA1MjlfMjMxMDA%3D
R-HSA-6802957,Oncogenic MAPK signaling,0.0018694039066797785,6,93,24,46,MjAyNjA5MTMxMzA1MjlfMjMxMDA%3D
R-HSA-140342,Apoptosis induced DNA fragmentation,0.001880740955809701,3,13,3,12,MjAyNjA5MTMxMzA1MjlfMjMxMDA%3D
R-HSA-72649,Translation initiation complex formation,0.002001079230380176,5,62,2,2,MjAyNjA5MTMxMzA1MjlfMjMxMDA%3D
R-HSA-1266738,Developmental Biology,0.002001079230380176,35,2061,82,996,MjAyNjA5MTMxMzA1MjlfMjMxMDA%3D
R-HSA-9645723,Diseases of programmed cell death,0.002001079230380176,6,97,4,37,MjAyNjA5MTMxMzA1MjlfMjMxMDA%3D
R-HSA-3371556,Cellular response to heat stress,0.002001079230380176,7,135,17,29,MjAyNjA5MTMxMzA1MjlfMjMxMDA%3D
R-HSA-109581,Apoptosis,0.002001079230380176,8,180,11,142,MjAyNjA5MTMxMzA1MjlfMjMxMDA%3D
R-HSA-5205685,PINK1-PRKN Mediated Mitophagy,0.002001079230380176,4,34,12,16,MjAyNjA5MTMxMzA1MjlfMjMxMDA%3D
R-HSA-6811436,COPI-independent Golgi-to-ER retrograde traffic,0.002072515381853046,5,63,2,7,MjAyNjA5MTMxMzA1MjlfMjMxMDA%3D
R-HSA-9615710,Late endosomal microautophagy,0.0021406537159760486,4,35,3,3,MjAyNjA5MTMxMzA1MjlfMjMxMDA%3D
R-HSA-72702,Ribosomal scanning and start codon recognition,0.0022256535548041967,5,64,2,2,MjAyNjA5MTMxMzA1MjlfMjMxMDA%3D
R-HSA-3299685,Detoxification of Reactive Oxygen Species,0.0022256535548041967,5,64,5,34,MjAyNjA5MTMxMzA1MjlfMjMxMDA%3D
R-HSA-9636667,Manipulation of host energy metabolism,0.0023036451207749664,2,3,2,2,MjAyNjA5MTMxMzA1MjlfMjMxMDA%3D
R-HSA-9711123,Cellular response to chemical stress,0.00251076054064292,10,288,25,173,MjAyNjA5MTMxMzA1MjlfMjMxMDA%3D
R-HSA-72662,"Activation of the mRNA upon binding of the cap-binding complex and eIFs, and subsequent binding to 43S",0.0025574348256705015,5,66,2,6,MjAyNjA5MTMxMzA1MjlfMjMxMDA%3D
R-HSA-9979719,Processing of antigen in germinal center B cells,0.0026044383463561527,6,102,1,4,MjAyNjA5MTMxMzA1MjlfMjMxMDA%3D
R-HSA-69278,"Cell Cycle, Mitotic",0.0026252982674113134,15,587,78,367,MjAyNjA5MTMxMzA1MjlfMjMxMDA%3D
R-HSA-983169,Class I MHC mediated antigen processing & presentation,0.002675517848548914,12,403,22,52,MjAyNjA5MTMxMzA1MjlfMjMxMDA%3D
R-HSA-983189,Kinesins,0.0029252240702595245,5,68,2,14,MjAyNjA5MTMxMzA1MjlfMjMxMDA%3D
R-HSA-9769733,Fibrin formation,0.0029444672700758012,3,16,6,7,MjAyNjA5MTMxMzA1MjlfMjMxMDA%3D
R-HSA-9764265,Regulation of CDH1 Expression and Function,0.0029647248037110163,8,192,13,92,MjAyNjA5MTMxMzA1MjlfMjMxMDA%3D
R-HSA-9764274,Regulation of Expression and Function of Type I Classical Cadherins,0.0029647248037110163,8,192,13,92,MjAyNjA5MTMxMzA1MjlfMjMxMDA%3D
R-HSA-354192,Integrin signaling,0.0032062625319020377,4,39,20,24,MjAyNjA5MTMxMzA1MjlfMjMxMDA%3D
R-HSA-5675482,Regulation of necroptotic cell death,0.0032062625319020377,4,39,10,21,MjAyNjA5MTMxMzA1MjlfMjMxMDA%3D
R-HSA-5663220,RHO GTPases Activate Formins,0.003324199101937264,7,149,11,27,MjAyNjA5MTMxMzA1MjlfMjMxMDA%3D
R-HSA-1428517,Aerobic respiration and respiratory electron transport,0.00383924179476991,11,361,16,117,MjAyNjA5MTMxMzA1MjlfMjMxMDA%3D
R-HSA-5205647,Mitophagy,0.003860241560491584,4,41,12,23,MjAyNjA5MTMxMzA1MjlfMjMxMDA%3D
R-HSA-446353,Cell-extracellular matrix interactions,0.0040256159048418505,3,19,3,10,MjAyNjA5MTMxMzA1MjlfMjMxMDA%3D
R-HSA-8876725,Protein methylation,0.0040256159048418505,3,19,3,9,MjAyNjA5MTMxMzA1MjlfMjMxMDA%3D
R-HSA-5218859,Regulated Necrosis,0.0040256159048418505,5,76,12,53,MjAyNjA5MTMxMzA1MjlfMjMxMDA%3D
R-HSA-5617833,Cilium Assembly,0.0040256159048418505,9,256,22,83,MjAyNjA5MTMxMzA1MjlfMjMxMDA%3D
R-HSA-180897,Vpr-mediated induction of apoptosis by mitochondrial outer membrane permeabilization,0.0040256159048418505,2,4,1,2,MjAyNjA5MTMxMzA1MjlfMjMxMDA%3D
R-HSA-450408,AUF1 (hnRNP D0) binds and destabilizes mRNA,0.0040256159048418505,4,43,4,4,MjAyNjA5MTMxMzA1MjlfMjMxMDA%3D
R-HSA-5213460,RIPK1-mediated regulated necrosis,0.0045356041168076455,4,45,11,29,MjAyNjA5MTMxMzA1MjlfMjMxMDA%3D
R-HSA-5625740,RHO GTPases activate PKNs,0.004753644709113991,5,79,10,20,MjAyNjA5MTMxMzA1MjlfMjMxMDA%3D
R-HSA-418990,Adherens junctions interactions,0.004984821253401495,9,267,20,164,MjAyNjA5MTMxMzA1MjlfMjMxMDA%3D
R-HSA-9648025,EML4 and NUDC in mitotic spindle formation,0.0052356430984729085,6,121,2,5,MjAyNjA5MTMxMzA1MjlfMjMxMDA%3D
R-HSA-8852135,Protein ubiquitination,0.0059071272944555275,5,83,29,32,MjAyNjA5MTMxMzA1MjlfMjMxMDA%3D
R-HSA-9692914,SARS-CoV-1-host interactions,0.005927991442328806,6,124,7,50,MjAyNjA5MTMxMzA1MjlfMjMxMDA%3D
R-HSA-9609507,Protein localization,0.00613215087129082,7,171,22,53,MjAyNjA5MTMxMzA1MjlfMjMxMDA%3D
R-HSA-9020591,Interleukin-12 signaling,0.006225260803994215,5,84,6,56,MjAyNjA5MTMxMzA1MjlfMjMxMDA%3D
R-HSA-5628897,TP53 Regulates Metabolic Genes,0.00695777197816716,6,128,6,34,MjAyNjA5MTMxMzA1MjlfMjMxMDA%3D
R-HSA-1640170,Cell Cycle,0.007041599426647616,16,729,107,474,MjAyNjA5MTMxMzA1MjlfMjMxMDA%3D
R-HSA-71291,Metabolism of amino acids and derivatives,0.007197996075434254,15,661,4,302,MjAyNjA5MTMxMzA1MjlfMjMxMDA%3D
R-HSA-9637690,Response of Mtb to phagocytosis,0.007690154921075054,4,52,6,30,MjAyNjA5MTMxMzA1MjlfMjMxMDA%3D
R-HSA-9013422,RHOBTB1 GTPase cycle,0.007841647422982545,3,24,1,2,MjAyNjA5MTMxMzA1MjlfMjMxMDA%3D
R-HSA-977225,Amyloid fiber formation,0.00800934671148612,5,89,8,33,MjAyNjA5MTMxMzA1MjlfMjMxMDA%3D
R-HSA-76009,Platelet Aggregation (Plug Formation),0.008239586263686927,4,53,20,27,MjAyNjA5MTMxMzA1MjlfMjMxMDA%3D
R-HSA-166058,MyD88:MAL(TIRAP) cascade initiated on plasma membrane,0.008430867628964611,6,133,30,76,MjAyNjA5MTMxMzA1MjlfMjMxMDA%3D
R-HSA-168188,Toll Like Receptor TLR6:TLR2 Cascade,0.008430867628964611,6,133,30,78,MjAyNjA5MTMxMzA1MjlfMjMxMDA%3D
R-HSA-2467813,Separation of Sister Chromatids,0.008718158454918412,7,182,4,8,MjAyNjA5MTMxMzA1MjlfMjMxMDA%3D
R-HSA-3000471,Scavenging by Class B Receptors,0.008803144983114408,3,25,1,7,MjAyNjA5MTMxMzA1MjlfMjMxMDA%3D
R-HSA-2500257,Resolution of Sister Chromatid Cohesion,0.009082162685567496,6,135,4,13,MjAyNjA5MTMxMzA1MjlfMjMxMDA%3D
R-HSA-68882,Mitotic Anaphase,0.009144105828984839,8,236,9,32,MjAyNjA5MTMxMzA1MjlfMjMxMDA%3D
R-HSA-2565942,Regulation of PLK1 Activity at G2/M Transition,0.009245396781483173,5,92,5,12,MjAyNjA5MTMxMzA1MjlfMjMxMDA%3D
R-HSA-2555396,Mitotic Metaphase and Anaphase,0.00938560430996882,8,237,9,33,MjAyNjA5MTMxMzA1MjlfMjMxMDA%3D
R-HSA-168179,Toll Like Receptor TLR1:TLR2 Cascade,0.00942178032899088,6,136,30,78,MjAyNjA5MTMxMzA1MjlfMjMxMDA%3D
R-HSA-181438,Toll Like Receptor 2 (TLR2) Cascade,0.00942178032899088,6,136,30,80,MjAyNjA5MTMxMzA1MjlfMjMxMDA%3D
R-HSA-8866654,E3 ubiquitin ligases ubiquitinate target proteins,0.010296355153952774,4,60,16,16,MjAyNjA5MTMxMzA1MjlfMjMxMDA%3D
R-HSA-70268,Pyruvate metabolism,0.010296355153952774,5,96,5,31,MjAyNjA5MTMxMzA1MjlfMjMxMDA%3D
R-HSA-9694516,SARS-CoV-2 Infection,0.010296355153952774,10,367,10,211,MjAyNjA5MTMxMzA1MjlfMjMxMDA%3D
R-HSA-9705683,SARS-CoV-2-host interactions,0.010296355153952774,8,247,7,68,MjAyNjA5MTMxMzA1MjlfMjMxMDA%3D
R-HSA-421270,Cell-cell junction organization,0.010296355153952774,9,300,20,169,MjAyNjA5MTMxMzA1MjlfMjMxMDA%3D
R-HSA-447115,Interleukin-12 family signaling,0.010296355153952774,5,96,7,114,MjAyNjA5MTMxMzA1MjlfMjMxMDA%3D
R-HSA-983231,Factors involved in megakaryocyte development and platelet production,0.010296355153952774,7,194,3,43,MjAyNjA5MTMxMzA1MjlfMjMxMDA%3D
R-HSA-438064,Post NMDA receptor activation events,0.010296355153952774,5,96,1,39,MjAyNjA5MTMxMzA1MjlfMjMxMDA%3D
R-HSA-446388,Regulation of cytoskeletal remodeling and cell spreading by IPP complex components,0.010591392757280715,2,8,2,5,MjAyNjA5MTMxMzA1MjlfMjMxMDA%3D
R-HSA-9769726,Defects of Coagulation cascade,0.01069772992091167,3,29,1,18,MjAyNjA5MTMxMzA1MjlfMjMxMDA%3D
R-HSA-9678108,SARS-CoV-1 Infection,0.011437605294480235,7,199,9,161,MjAyNjA5MTMxMzA1MjlfMjMxMDA%3D
R-HSA-9754678,SARS-CoV-2 modulates host translation machinery,0.011572335036715398,4,62,2,6,MjAyNjA5MTMxMzA1MjlfMjMxMDA%3D
R-HSA-8863678,Neurodegenerative Diseases,0.01176283702941916,3,30,3,22,MjAyNjA5MTMxMzA1MjlfMjMxMDA%3D
R-HSA-8862803,Deregulated CDK5 triggers multiple neurodegenerative pathways in Alzheimer's disease models,0.01176283702941916,3,30,3,22,MjAyNjA5MTMxMzA1MjlfMjMxMDA%3D
R-HSA-9679506,SARS-CoV Infections,0.013231762427301952,13,580,22,404,MjAyNjA5MTMxMzA1MjlfMjMxMDA%3D
R-HSA-9764561,Regulation of CDH1 Function,0.013682897954979456,4,65,7,16,MjAyNjA5MTMxMzA1MjlfMjMxMDA%3D
R-HSA-9671793,Diseases of hemostasis,0.014083269778888852,3,32,1,23,MjAyNjA5MTMxMzA1MjlfMjMxMDA%3D
R-HSA-168898,Toll-like Receptor Cascades,0.015321518453551786,7,210,63,217,MjAyNjA5MTMxMzA1MjlfMjMxMDA%3D
R-HSA-9841251,Mitochondrial unfolded protein response (UPRmt),0.015340868805261199,3,33,3,21,MjAyNjA5MTMxMzA1MjlfMjMxMDA%3D
R-HSA-8866652,Synthesis of active ubiquitin: roles of E1 and E2 enzymes,0.015340868805261199,3,33,13,16,MjAyNjA5MTMxMzA1MjlfMjMxMDA%3D
R-HSA-8949613,Cristae formation,0.015340868805261199,3,33,2,2,MjAyNjA5MTMxMzA1MjlfMjMxMDA%3D
R-HSA-9734009,Defective Intrinsic Pathway for Apoptosis,0.015340868805261199,3,33,3,24,MjAyNjA5MTMxMzA1MjlfMjMxMDA%3D
R-HSA-5336415,Uptake and function of diphtheria toxin,0.016347949449985855,2,10,2,5,MjAyNjA5MTMxMzA1MjlfMjMxMDA%3D
R-HSA-9609646,HCMV Infection,0.016498439007240684,8,270,10,31,MjAyNjA5MTMxMzA1MjlfMjMxMDA%3D
R-HSA-9012999,RHO GTPase cycle,0.01683842469360952,11,460,16,91,MjAyNjA5MTMxMzA1MjlfMjMxMDA%3D
R-HSA-9609690,HCMV Early Events,0.017386694927363777,7,215,7,12,MjAyNjA5MTMxMzA1MjlfMjMxMDA%3D
R-HSA-442755,Activation of NMDA receptors and postsynaptic events,0.01770154707157534,5,113,3,71,MjAyNjA5MTMxMzA1MjlfMjMxMDA%3D
R-HSA-3371453,Regulation of HSF1-mediated heat shock response,0.01770154707157534,5,113,8,14,MjAyNjA5MTMxMzA1MjlfMjMxMDA%3D
R-HSA-5334118,DNA methylation,0.018056157055183597,3,35,7,7,MjAyNjA5MTMxMzA1MjlfMjMxMDA%3D
R-HSA-373755,Semaphorin interactions,0.018660516809374084,4,71,5,41,MjAyNjA5MTMxMzA1MjlfMjMxMDA%3D
R-HSA-380259,Loss of Nlp from mitotic centrosomes,0.018660516809374084,4,71,2,2,MjAyNjA5MTMxMzA1MjlfMjMxMDA%3D
R-HSA-380284,Loss of proteins required for interphase microtubule organization from the centrosome,0.018660516809374084,4,71,3,3,MjAyNjA5MTMxMzA1MjlfMjMxMDA%3D
R-HSA-5663202,Diseases of signal transduction by growth factor receptors and second messengers,0.01904727982627019,12,536,115,516,MjAyNjA5MTMxMzA1MjlfMjMxMDA%3D
R-HSA-166016,Toll Like Receptor 4 (TLR4) Cascade,0.019872758026321602,6,166,40,113,MjAyNjA5MTMxMzA1MjlfMjMxMDA%3D
R-HSA-8950505,Gene and protein expression by JAK-STAT signaling after Interleukin-12 stimulation,0.02055784769208291,4,73,4,36,MjAyNjA5MTMxMzA1MjlfMjMxMDA%3D
R-HSA-8854518,AURKA Activation by TPX2,0.02155323394692754,4,74,2,2,MjAyNjA5MTMxMzA1MjlfMjMxMDA%3D
R-HSA-9700206,Signaling by ALK in cancer,0.021934874116908087,5,119,15,71,MjAyNjA5MTMxMzA1MjlfMjMxMDA%3D
R-HSA-9725370,Signaling by ALK fusions and activated point mutants,0.021934874116908087,5,119,14,63,MjAyNjA5MTMxMzA1MjlfMjMxMDA%3D
R-HSA-264870,Caspase-mediated cleavage of cytoskeletal proteins,0.02325539990172265,2,12,4,10,MjAyNjA5MTMxMzA1MjlfMjMxMDA%3D
R-HSA-450520,HuR (ELAVL1) binds and stabilizes mRNA,0.02325539990172265,2,12,2,7,MjAyNjA5MTMxMzA1MjlfMjMxMDA%3D
R-HSA-983170,"Antigen Presentation: Folding, assembly and peptide loading of class I MHC",0.026055938423927838,3,40,11,16,MjAyNjA5MTMxMzA1MjlfMjMxMDA%3D
R-HSA-9856649,Transcriptional and post-translational regulation of MITF-M expression and activity,0.02701498647164602,4,79,4,37,MjAyNjA5MTMxMzA1MjlfMjMxMDA%3D
R-HSA-390450,Folding of actin by CCT/TriC,0.027126889065841375,2,13,2,2,MjAyNjA5MTMxMzA1MjlfMjMxMDA%3D
R-HSA-5689877,Josephin domain DUBs,0.027126889065841375,2,13,4,6,MjAyNjA5MTMxMzA1MjlfMjMxMDA%3D
R-HSA-9735869,SARS-CoV-1 modulates host translation machinery,0.02787041110346289,3,41,1,3,MjAyNjA5MTMxMzA1MjlfMjMxMDA%3D
R-HSA-199992,trans-Golgi Network Vesicle Budding,0.02820728718102883,4,80,8,19,MjAyNjA5MTMxMzA1MjlfMjMxMDA%3D
R-HSA-381183,ATF6 (ATF6-alpha) activates chaperone genes,0.028541167712646365,2,15,2,5,MjAyNjA5MTMxMzA1MjlfMjMxMDA%3D
R-HSA-212300,PRC2 methylates histones and DNA,0.028541167712646365,3,46,4,4,MjAyNjA5MTMxMzA1MjlfMjMxMDA%3D
R-HSA-380287,Centrosome maturation,0.028541167712646365,4,83,6,6,MjAyNjA5MTMxMzA1MjlfMjMxMDA%3D
R-HSA-380270,Recruitment of mitotic centrosome proteins and complexes,0.028541167712646365,4,81,3,3,MjAyNjA5MTMxMzA1MjlfMjMxMDA%3D
R-HSA-3769402,Deactivation of the beta-catenin transactivating complex,0.028541167712646365,3,46,4,14,MjAyNjA5MTMxMzA1MjlfMjMxMDA%3D
R-HSA-69473,G2/M DNA damage checkpoint,0.028541167712646365,4,82,3,12,MjAyNjA5MTMxMzA1MjlfMjMxMDA%3D
R-HSA-162906,HIV Infection,0.028541167712646365,7,248,25,160,MjAyNjA5MTMxMzA1MjlfMjMxMDA%3D
R-HSA-163765,ChREBP activates metabolic gene expression,0.028541167712646365,2,14,2,13,MjAyNjA5MTMxMzA1MjlfMjMxMDA%3D
R-HSA-5683057,MAPK family signaling cascades,0.028541167712646365,9,367,17,122,MjAyNjA5MTMxMzA1MjlfMjMxMDA%3D
R-HSA-211000,Gene Silencing by RNA,0.028541167712646365,4,85,5,40,MjAyNjA5MTMxMzA1MjlfMjMxMDA%3D
R-HSA-162582,Signal Transduction,0.028541167712646365,41,3056,279,2589,MjAyNjA5MTMxMzA1MjlfMjMxMDA%3D
R-HSA-9820965,"Respiratory syncytial virus (RSV) genome replication, transcription and translation",0.028541167712646365,3,46,3,65,MjAyNjA5MTMxMzA1MjlfMjMxMDA%3D
R-HSA-5578749,Transcriptional regulation by small RNAs,0.028541167712646365,3,46,2,5,MjAyNjA5MTMxMzA1MjlfMjMxMDA%3D
R-HSA-432720,Lysosome Vesicle Biogenesis,0.028541167712646365,3,43,4,8,MjAyNjA5MTMxMzA1MjlfMjMxMDA%3D
R-HSA-3371511,HSF1 activation,0.028541167712646365,3,43,4,7,MjAyNjA5MTMxMzA1MjlfMjMxMDA%3D
R-HSA-162909,Host Interactions of HIV factors,0.03000296165677152,5,138,15,54,MjAyNjA5MTMxMzA1MjlfMjMxMDA%3D
R-HSA-3371568,Attenuation phase,0.030238820277022294,3,47,4,5,MjAyNjA5MTMxMzA1MjlfMjMxMDA%3D
R-HSA-8866427,VLDLR internalisation and degradation,0.030260928544694532,2,16,3,4,MjAyNjA5MTMxMzA1MjlfMjMxMDA%3D
R-HSA-1247673,Erythrocytes take up oxygen and release carbon dioxide,0.030260928544694532,2,16,1,6,MjAyNjA5MTMxMzA1MjlfMjMxMDA%3D
R-HSA-69481,G2/M Checkpoints,0.03360979100984518,5,142,4,24,MjAyNjA5MTMxMzA1MjlfMjMxMDA%3D
R-HSA-381033,ATF6 (ATF6-alpha) activates chaperones,0.033954707484501134,2,17,3,10,MjAyNjA5MTMxMzA1MjlfMjMxMDA%3D
R-HSA-75035,Chk1/Chk2(Cds1) mediated inactivation of Cyclin B:Cdk1 complex,0.033954707484501134,2,17,1,5,MjAyNjA5MTMxMzA1MjlfMjMxMDA%3D
R-HSA-9684482,IFIT antiviral response,0.03522457622251518,4,93,1,17,MjAyNjA5MTMxMzA1MjlfMjMxMDA%3D
R-HSA-8876198,RAB GEFs exchange GTP for GDP on RABs,0.03650427814946766,4,94,19,21,MjAyNjA5MTMxMzA1MjlfMjMxMDA%3D
R-HSA-9710421,Defective pyroptosis,0.03760861140595517,3,51,1,3,MjAyNjA5MTMxMzA1MjlfMjMxMDA%3D
R-HSA-9755779,SARS-CoV-2 targets host intracellular signalling and regulatory pathways,0.04190202709597213,2,19,1,5,MjAyNjA5MTMxMzA1MjlfMjMxMDA%3D
R-HSA-111447,Activation of BAD and translocation to mitochondria ,0.04190202709597213,2,19,2,5,MjAyNjA5MTMxMzA1MjlfMjMxMDA%3D
R-HSA-9735871,SARS-CoV-1 targets host intracellular signalling and regulatory pathways,0.04190202709597213,2,19,1,7,MjAyNjA5MTMxMzA1MjlfMjMxMDA%3D
R-HSA-5620912,Anchoring of the basal body to the plasma membrane,0.0433490477674624,4,99,8,9,MjAyNjA5MTMxMzA1MjlfMjMxMDA%3D
R-HSA-5357905,Regulation of TNFR1 signaling,0.04375234183716403,3,54,17,41,MjAyNjA5MTMxMzA1MjlfMjMxMDA%3D
R-HSA-9861718,Regulation of pyruvate metabolism,0.04375234183716403,3,54,2,11,MjAyNjA5MTMxMzA1MjlfMjMxMDA%3D
R-HSA-532668,N-glycan trimming in the ER and Calnexin/Calreticulin cycle,0.04375234183716403,3,54,6,17,MjAyNjA5MTMxMzA1MjlfMjMxMDA%3D
R-HSA-2299718,Condensation of Prophase Chromosomes,0.04375234183716403,3,54,9,10,MjAyNjA5MTMxMzA1MjlfMjMxMDA%3D
R-HSA-9938027,Affinity selection of immunoglobulins,0.04400333763212483,9,406,11,40,MjAyNjA5MTMxMzA1MjlfMjMxMDA%3D
R-HSA-9938026,Immunoglobulin maturation,0.04400333763212483,9,406,11,40,MjAyNjA5MTMxMzA1MjlfMjMxMDA%3D
R-HSA-5358351,Signaling by Hedgehog,0.04735256520255715,5,155,16,82,MjAyNjA5MTMxMzA1MjlfMjMxMDA%3D
R-HSA-5693571,Nonhomologous End-Joining (NHEJ),0.048145204849229906,3,56,13,13,MjAyNjA5MTMxMzA1MjlfMjMxMDA%3D
R-HSA-9824439,Bacterial Infection Pathways,0.04929912790693247,9,414,18,234,MjAyNjA5MTMxMzA1MjlfMjMxMDA%3D
R-HSA-9927020,Heme assimilation,0.050570826636667676,2,21,2,5,MjAyNjA5MTMxMzA1MjlfMjMxMDA%3D
R-HSA-2168880,Scavenging of heme from plasma,0.05421911982753491,4,106,6,12,MjAyNjA5MTMxMzA1MjlfMjMxMDA%3D
R-HSA-3371571,HSF1-dependent transactivation,0.055183417090933995,3,59,5,8,MjAyNjA5MTMxMzA1MjlfMjMxMDA%3D
R-HSA-5358346,Hedgehog ligand biogenesis,0.055183417090933995,3,59,6,15,MjAyNjA5MTMxMzA1MjlfMjMxMDA%3D
R-HSA-449147,Signaling by Interleukins,0.05632658463081086,12,646,28,505,MjAyNjA5MTMxMzA1MjlfMjMxMDA%3D
R-HSA-5339562,Uptake and actions of bacterial toxins,0.05764967988401559,3,60,4,66,MjAyNjA5MTMxMzA1MjlfMjMxMDA%3D
R-HSA-8957275,Post-translational protein phosphorylation,0.059351456244357226,4,109,1,1,MjAyNjA5MTMxMzA1MjlfMjMxMDA%3D
R-HSA-5250924,B-WICH complex positively regulates rRNA expression,0.06017618022406668,3,61,3,3,MjAyNjA5MTMxMzA1MjlfMjMxMDA%3D
R-HSA-445355,Smooth Muscle Contraction,0.06017618022406668,3,61,5,16,MjAyNjA5MTMxMzA1MjlfMjMxMDA%3D
R-HSA-432722,Golgi Associated Vesicle Biogenesis,0.06017618022406668,3,61,4,7,MjAyNjA5MTMxMzA1MjlfMjMxMDA%3D
R-HSA-110320,Translesion Synthesis by POLH,0.0648633466606442,2,24,7,8,MjAyNjA5MTMxMzA1MjlfMjMxMDA%3D
R-HSA-1237044,Erythrocytes take up carbon dioxide and release oxygen,0.0648633466606442,2,24,2,8,MjAyNjA5MTMxMzA1MjlfMjMxMDA%3D
R-HSA-1480926,O2/CO2 exchange in erythrocytes,0.0648633466606442,2,24,3,14,MjAyNjA5MTMxMzA1MjlfMjMxMDA%3D
R-HSA-75893,TNF signaling,0.0681175716665603,3,64,21,58,MjAyNjA5MTMxMzA1MjlfMjMxMDA%3D
R-HSA-163210,Formation of ATP by chemiosmotic coupling,0.06995724348682664,2,25,3,3,MjAyNjA5MTMxMzA1MjlfMjMxMDA%3D
R-HSA-373753,Nephrin family interactions,0.06995724348682664,2,25,1,13,MjAyNjA5MTMxMzA1MjlfMjMxMDA%3D
R-HSA-1236382,Constitutive Signaling by Ligand-Responsive EGFR Cancer Variants,0.07521027460636243,2,26,23,23,MjAyNjA5MTMxMzA1MjlfMjMxMDA%3D
R-HSA-5637815,Signaling by Ligand-Responsive EGFR Variants in Cancer,0.07521027460636243,2,26,23,23,MjAyNjA5MTMxMzA1MjlfMjMxMDA%3D
R-HSA-9931295,PD-L1(CD274) glycosylation and translocation to plasma membrane,0.07521027460636243,2,26,2,7,MjAyNjA5MTMxMzA1MjlfMjMxMDA%3D
R-HSA-162587,HIV Life Cycle,0.07668988684331413,5,176,18,117,MjAyNjA5MTMxMzA1MjlfMjMxMDA%3D
R-HSA-9665737,Drug resistance in ERBB2 TMD/JMD mutants,0.07744049508491968,1,4,1,1,MjAyNjA5MTMxMzA1MjlfMjMxMDA%3D
R-HSA-73856,RNA Polymerase II Transcription Termination,0.07744049508491968,2,30,3,3,MjAyNjA5MTMxMzA1MjlfMjMxMDA%3D
R-HSA-9665250,Resistance of ERBB2 KD mutants to AEE788,0.07744049508491968,1,4,1,1,MjAyNjA5MTMxMzA1MjlfMjMxMDA%3D
R-HSA-9665233,Resistance of ERBB2 KD mutants to trastuzumab,0.07744049508491968,1,4,1,1,MjAyNjA5MTMxMzA1MjlfMjMxMDA%3D
R-HSA-9665249,Resistance of ERBB2 KD mutants to afatinib,0.07744049508491968,1,4,1,1,MjAyNjA5MTMxMzA1MjlfMjMxMDA%3D
R-HSA-9665245,Resistance of ERBB2 KD mutants to tesevatinib,0.07744049508491968,1,4,1,1,MjAyNjA5MTMxMzA1MjlfMjMxMDA%3D
R-HSA-9652282,Drug-mediated inhibition of ERBB2 signaling,0.07744049508491968,1,4,3,3,MjAyNjA5MTMxMzA1MjlfMjMxMDA%3D
R-HSA-6803529,FGFR2 alternative splicing,0.07744049508491968,2,28,4,4,MjAyNjA5MTMxMzA1MjlfMjMxMDA%3D
R-HSA-9665244,Resistance of ERBB2 KD mutants to sapitinib,0.07744049508491968,1,4,1,1,MjAyNjA5MTMxMzA1MjlfMjMxMDA%3D
R-HSA-9665246,Resistance of ERBB2 KD mutants to neratinib,0.07744049508491968,1,4,1,1,MjAyNjA5MTMxMzA1MjlfMjMxMDA%3D
R-HSA-83936,Transport of nucleosides and free purine and pyrimidine bases across the plasma membrane,0.07744049508491968,2,33,1,16,MjAyNjA5MTMxMzA1MjlfMjMxMDA%3D
R-HSA-71387,Metabolism of carbohydrates and carbohydrate derivatives,0.07744049508491968,9,477,17,244,MjAyNjA5MTMxMzA1MjlfMjMxMDA%3D
R-HSA-9769740,Coagulation pathway,0.07744049508491968,3,69,6,85,MjAyNjA5MTMxMzA1MjlfMjMxMDA%3D
R-HSA-381426,Regulation of Insulin-like Growth Factor (IGF) transport and uptake by Insulin-like Growth Factor Binding Proteins (IGFBPs),0.07744049508491968,4,127,1,14,MjAyNjA5MTMxMzA1MjlfMjMxMDA%3D
R-HSA-9764560,Regulation of CDH1 Gene Transcription,0.07744049508491968,3,78,5,56,MjAyNjA5MTMxMzA1MjlfMjMxMDA%3D
R-HSA-8949215,Mitochondrial calcium ion transport,0.07744049508491968,2,27,1,10,MjAyNjA5MTMxMzA1MjlfMjMxMDA%3D
R-HSA-5693538,Homology Directed Repair,0.07744049508491968,4,133,6,58,MjAyNjA5MTMxMzA1MjlfMjMxMDA%3D
R-HSA-1592230,Mitochondrial biogenesis,0.07744049508491968,4,131,4,36,MjAyNjA5MTMxMzA1MjlfMjMxMDA%3D
R-HSA-2559586,DNA Damage/Telomere Stress Induced Senescence,0.07744049508491968,3,70,2,18,MjAyNjA5MTMxMzA1MjlfMjMxMDA%3D
R-HSA-9764725,Negative Regulation of CDH1 Gene Transcription,0.07744049508491968,3,68,5,42,MjAyNjA5MTMxMzA1MjlfMjMxMDA%3D
R-HSA-5684996,MAPK1/MAPK3 signaling,0.07744049508491968,7,316,12,82,MjAyNjA5MTMxMzA1MjlfMjMxMDA%3D
R-HSA-5673001,RAF/MAP kinase cascade,0.07744049508491968,7,309,12,75,MjAyNjA5MTMxMzA1MjlfMjMxMDA%3D
R-HSA-9707616,Heme signaling,0.07744049508491968,3,70,4,25,MjAyNjA5MTMxMzA1MjlfMjMxMDA%3D
R-HSA-9665247,Resistance of ERBB2 KD mutants to osimertinib,0.07744049508491968,1,4,1,1,MjAyNjA5MTMxMzA1MjlfMjMxMDA%3D
R-HSA-9665251,Resistance of ERBB2 KD mutants to lapatinib,0.07744049508491968,1,4,1,1,MjAyNjA5MTMxMzA1MjlfMjMxMDA%3D
R-HSA-9665230,Drug resistance in ERBB2 KD mutants,0.07744049508491968,1,4,8,8,MjAyNjA5MTMxMzA1MjlfMjMxMDA%3D
R-HSA-8874177,ATF6B (ATF6-beta) activates chaperones,0.07744049508491968,1,4,1,5,MjAyNjA5MTMxMzA1MjlfMjMxMDA%3D
R-HSA-9940465,ChAHP complex assembly,0.07744049508491968,2,32,1,4,MjAyNjA5MTMxMzA1MjlfMjMxMDA%3D
R-HSA-9636383,Prevention of phagosomal-lysosomal fusion,0.07744049508491968,2,27,3,11,MjAyNjA5MTMxMzA1MjlfMjMxMDA%3D
R-HSA-9909648,Regulation of PD-L1(CD274) expression,0.07744049508491968,5,191,18,56,MjAyNjA5MTMxMzA1MjlfMjMxMDA%3D
R-HSA-2173788,Downregulation of TGF-beta receptor signaling,0.07744049508491968,2,28,10,28,MjAyNjA5MTMxMzA1MjlfMjMxMDA%3D
R-HSA-5357956,TNFR1-induced NF-kappa-B signaling pathway,0.07744049508491968,2,33,2,5,MjAyNjA5MTMxMzA1MjlfMjMxMDA%3D
R-HSA-68875,Mitotic Prophase,0.07744049508491968,4,134,14,34,MjAyNjA5MTMxMzA1MjlfMjMxMDA%3D
R-HSA-168277,Influenza Virus Induced Apoptosis,0.07744049508491968,1,4,1,2,MjAyNjA5MTMxMzA1MjlfMjMxMDA%3D
R-HSA-427413,NoRC negatively regulates rRNA expression,0.07744049508491968,3,79,4,7,MjAyNjA5MTMxMzA1MjlfMjMxMDA%3D
R-HSA-9007101,Rab regulation of trafficking,0.07744049508491968,4,131,21,35,MjAyNjA5MTMxMzA1MjlfMjMxMDA%3D
R-HSA-75067,Processing of Capped Intronless Pre-mRNA,0.07744049508491968,2,30,7,10,MjAyNjA5MTMxMzA1MjlfMjMxMDA%3D
R-HSA-5250913,Positive epigenetic regulation of rRNA expression,0.07744049508491968,3,79,5,7,MjAyNjA5MTMxMzA1MjlfMjMxMDA%3D
R-HSA-5693565,Recruitment and ATM-mediated phosphorylation of repair and signaling proteins at DNA double strand breaks,0.07744049508491968,3,68,30,41,MjAyNjA5MTMxMzA1MjlfMjMxMDA%3D
R-HSA-1643713,Signaling by EGFR in Cancer,0.07744049508491968,2,32,40,42,MjAyNjA5MTMxMzA1MjlfMjMxMDA%3D
R-HSA-9943411,CHD1 and CHD2 subfamily,0.07744049508491968,3,78,5,5,MjAyNjA5MTMxMzA1MjlfMjMxMDA%3D
R-HSA-171306,Packaging Of Telomere Ends,0.07744049508491968,2,33,2,2,MjAyNjA5MTMxMzA1MjlfMjMxMDA%3D
R-HSA-9637687,Suppression of phagosomal maturation,0.07744049508491968,2,33,3,17,MjAyNjA5MTMxMzA1MjlfMjMxMDA%3D
R-HSA-9821993,Replacement of protamines by nucleosomes in the male pronucleus,0.07744049508491968,2,30,1,6,MjAyNjA5MTMxMzA1MjlfMjMxMDA%3D
R-HSA-195721,Signaling by WNT,0.07744049508491968,7,320,26,157,MjAyNjA5MTMxMzA1MjlfMjMxMDA%3D
R-HSA-3108232,SUMO E3 ligases SUMOylate target proteins,0.07744049508491968,5,184,7,132,MjAyNjA5MTMxMzA1MjlfMjMxMDA%3D
R-HSA-2990846,SUMOylation,0.07744049508491968,5,193,7,141,MjAyNjA5MTMxMzA1MjlfMjMxMDA%3D
R-HSA-9635486,Infection with Mycobacterium tuberculosis,0.07931735643979954,4,136,6,73,MjAyNjA5MTMxMzA1MjlfMjMxMDA%3D
R-HSA-73728,RNA Polymerase I Promoter Opening,0.08607286396607328,2,35,1,3,MjAyNjA5MTMxMzA1MjlfMjMxMDA%3D
R-HSA-201681,TCF dependent signaling in response to WNT,0.08731550397631893,5,204,18,71,MjAyNjA5MTMxMzA1MjlfMjMxMDA%3D
R-HSA-114452,Activation of BH3-only proteins,0.09051763043563121,2,36,2,19,MjAyNjA5MTMxMzA1MjlfMjMxMDA%3D
R-HSA-8863795,Downregulation of ERBB2 signaling,0.09051763043563121,2,36,7,14,MjAyNjA5MTMxMzA1MjlfMjMxMDA%3D
R-HSA-162588,Budding and maturation of HIV virion,0.09504552381728804,2,37,3,4,MjAyNjA5MTMxMzA1MjlfMjMxMDA%3D
R-HSA-69620,Cell Cycle Checkpoints,0.09506454984413581,6,278,14,63,MjAyNjA5MTMxMzA1MjlfMjMxMDA%3D
R-HSA-216083,Integrin cell surface interactions,0.09518975175271804,3,86,3,55,MjAyNjA5MTMxMzA1MjlfMjMxMDA%3D
R-HSA-4086400,PCP/CE pathway,0.09518975175271804,3,86,5,24,MjAyNjA5MTMxMzA1MjlfMjMxMDA%3D
R-HSA-1474244,Extracellular matrix organization,0.09583848378871584,7,351,13,330,MjAyNjA5MTMxMzA1MjlfMjMxMDA%3D
R-HSA-5693532,DNA Double-Strand Break Repair,0.09665672296753969,5,210,51,124,MjAyNjA5MTMxMzA1MjlfMjMxMDA%3D
R-HSA-1655829,Regulation of cholesterol biosynthesis by SREBP (SREBF),0.09789961885640963,3,87,4,52,MjAyNjA5MTMxMzA1MjlfMjMxMDA%3D
R-HSA-9958825,Activation of STAT3 by cadherin engagement,0.09789961885640963,3,87,7,33,MjAyNjA5MTMxMzA1MjlfMjMxMDA%3D
R-HSA-2173795,Downregulation of SMAD2/3:SMAD4 transcriptional activity,0.09965463374731587,2,38,9,27,MjAyNjA5MTMxMzA1MjlfMjMxMDA%3D
R-HSA-111465,Apoptotic cleavage of cellular proteins,0.09965463374731587,2,38,4,38,MjAyNjA5MTMxMzA1MjlfMjMxMDA%3D
R-HSA-9013407,RHOH GTPase cycle,0.09965463374731587,2,38,1,3,MjAyNjA5MTMxMzA1MjlfMjMxMDA%3D
R-HSA-110330,Recognition and association of DNA glycosylase with site containing an affected purine,0.09965463374731587,2,38,2,10,MjAyNjA5MTMxMzA1MjlfMjMxMDA%3D
R-HSA-5250941,Negative epigenetic regulation of rRNA expression,0.1006470608294987,3,88,7,12,MjAyNjA5MTMxMzA1MjlfMjMxMDA%3D
R-HSA-5654738,Signaling by FGFR2,0.1006470608294987,3,88,7,46,MjAyNjA5MTMxMzA1MjlfMjMxMDA%3D
R-HSA-5693607,Processing of DNA double-strand break ends,0.10343186950271166,3,89,2,17,MjAyNjA5MTMxMzA1MjlfMjMxMDA%3D
R-HSA-68616,Assembly of the ORC complex at the origin of replication,0.10434307781067531,2,39,2,11,MjAyNjA5MTMxMzA1MjlfMjMxMDA%3D
R-HSA-2559582,Senescence-Associated Secretory Phenotype (SASP),0.10625383074554562,3,90,3,22,MjAyNjA5MTMxMzA1MjlfMjMxMDA%3D
R-HSA-390522,Striated Muscle Contraction,0.1091090011918543,2,40,4,4,MjAyNjA5MTMxMzA1MjlfMjMxMDA%3D
R-HSA-5696394,DNA Damage Recognition in GG-NER,0.1091090011918543,2,40,3,5,MjAyNjA5MTMxMzA1MjlfMjMxMDA%3D
R-HSA-390471,Association of TriC/CCT with target proteins during biosynthesis,0.1091090011918543,2,40,2,2,MjAyNjA5MTMxMzA1MjlfMjMxMDA%3D
R-HSA-901042,Calnexin/calreticulin cycle,0.1091090011918543,2,40,4,12,MjAyNjA5MTMxMzA1MjlfMjMxMDA%3D
R-HSA-205025,NADE modulates death signalling,0.1091675256920892,1,6,1,3,MjAyNjA5MTMxMzA1MjlfMjMxMDA%3D
R-HSA-5626978,TNFR1-mediated ceramide production,0.1091675256920892,1,6,2,3,MjAyNjA5MTMxMzA1MjlfMjMxMDA%3D
R-HSA-389948,Co-inhibition by PD-1,0.11173909091498135,5,219,18,61,MjAyNjA5MTMxMzA1MjlfMjMxMDA%3D
R-HSA-8939236,RUNX1 regulates transcription of genes involved in differentiation of HSCs,0.11200832572577446,3,92,5,15,MjAyNjA5MTMxMzA1MjlfMjMxMDA%3D
R-HSA-110328,Recognition and association of DNA glycosylase with site containing an affected pyrimidine,0.1139505763298001,2,41,1,21,MjAyNjA5MTMxMzA1MjlfMjMxMDA%3D
R-HSA-9843970,Regulation of endogenous retroelements by the Human Silencing Hub (HUSH) complex,0.1139505763298001,2,41,5,8,MjAyNjA5MTMxMzA1MjlfMjMxMDA%3D
R-HSA-5696400,Dual Incision in GG-NER,0.1139505763298001,2,41,3,3,MjAyNjA5MTMxMzA1MjlfMjMxMDA%3D
R-HSA-6814122,Cooperation of PDCL (PhLP1) and TRiC/CCT in G-protein beta folding,0.1139505763298001,2,41,8,11,MjAyNjA5MTMxMzA1MjlfMjMxMDA%3D
R-HSA-5687128,MAPK6/MAPK4 signaling,0.11494040305491926,3,93,5,40,MjAyNjA5MTMxMzA1MjlfMjMxMDA%3D
R-HSA-9820952,Respiratory Syncytial Virus Infection Pathway,0.11501950115574822,4,154,6,101,MjAyNjA5MTMxMzA1MjlfMjMxMDA%3D
R-HSA-9909615,Regulation of PD-L1(CD274) Post-translational modification,0.11790872049271739,3,94,11,25,MjAyNjA5MTMxMzA1MjlfMjMxMDA%3D
R-HSA-9860927,"Turbulent (oscillatory, disturbed) flow shear stress activates signaling by PIEZO1 and integrins in endothelial cells",0.11886600257669189,2,42,12,23,MjAyNjA5MTMxMzA1MjlfMjMxMDA%3D
R-HSA-381042,PERK regulates gene expression,0.11886600257669189,2,42,3,11,MjAyNjA5MTMxMzA1MjlfMjMxMDA%3D
R-HSA-9970672,FXIIa activates plasma kallikrein-kinin system,0.11886600257669189,2,42,2,18,MjAyNjA5MTMxMzA1MjlfMjMxMDA%3D
R-HSA-381119,Unfolded Protein Response (UPR),0.11944014109588541,4,156,9,99,MjAyNjA5MTMxMzA1MjlfMjMxMDA%3D
R-HSA-9636569,Suppression of autophagy,0.1267775528977455,1,7,1,2,MjAyNjA5MTMxMzA1MjlfMjMxMDA%3D
R-HSA-9706377,FLT3 signaling by CBL mutants,0.1267775528977455,1,7,1,1,MjAyNjA5MTMxMzA1MjlfMjMxMDA%3D
R-HSA-427359,SIRT1 negatively regulates rRNA expression,0.12891133835293256,2,44,3,5,MjAyNjA5MTMxMzA1MjlfMjMxMDA%3D
R-HSA-110331,Cleavage of the damaged purine,0.12891133835293256,2,44,2,9,MjAyNjA5MTMxMzA1MjlfMjMxMDA%3D
R-HSA-5689896,Ovarian tumor domain proteases,0.12891133835293256,2,44,8,14,MjAyNjA5MTMxMzA1MjlfMjMxMDA%3D
R-HSA-162599,Late Phase of HIV Life Cycle,0.13088288228034584,4,161,15,78,MjAyNjA5MTMxMzA1MjlfMjMxMDA%3D
R-HSA-5696395,Formation of Incision Complex in GG-NER,0.13095802115962574,2,47,9,10,MjAyNjA5MTMxMzA1MjlfMjMxMDA%3D
R-HSA-168333,NEP/NS2 Interacts with the Cellular Export Machinery,0.13095802115962574,2,53,2,2,MjAyNjA5MTMxMzA1MjlfMjMxMDA%3D
R-HSA-72165,mRNA Splicing - Minor Pathway,0.13095802115962574,2,54,5,5,MjAyNjA5MTMxMzA1MjlfMjMxMDA%3D
R-HSA-164843,2-LTR circle formation,0.13095802115962574,1,13,3,3,MjAyNjA5MTMxMzA1MjlfMjMxMDA%3D
R-HSA-9700645,ALK mutants bind TKIs,0.13095802115962574,1,12,1,1,MjAyNjA5MTMxMzA1MjlfMjMxMDA%3D
R-HSA-204626,Hypusine synthesis from eIF5A-lysine,0.13095802115962574,1,12,3,3,MjAyNjA5MTMxMzA1MjlfMjMxMDA%3D
R-HSA-5358493,Synthesis of diphthamide-EEF2,0.13095802115962574,1,15,4,4,MjAyNjA5MTMxMzA1MjlfMjMxMDA%3D
R-HSA-190873,Gap junction degradation,0.13095802115962574,1,12,4,4,MjAyNjA5MTMxMzA1MjlfMjMxMDA%3D
R-HSA-9613354,Lipophagy,0.13095802115962574,1,12,5,5,MjAyNjA5MTMxMzA1MjlfMjMxMDA%3D
R-HSA-111367,SLBP independent Processing of Histone Pre-mRNAs,0.13095802115962574,1,10,2,2,MjAyNjA5MTMxMzA1MjlfMjMxMDA%3D
R-HSA-196025,Formation of annular gap junctions,0.13095802115962574,1,11,2,2,MjAyNjA5MTMxMzA1MjlfMjMxMDA%3D
R-HSA-72731,Recycling of eIF2:GDP,0.13095802115962574,1,10,2,2,MjAyNjA5MTMxMzA1MjlfMjMxMDA%3D
R-HSA-110313,Translesion synthesis by Y family DNA polymerases bypasses lesions on DNA template,0.13095802115962574,2,48,23,28,MjAyNjA5MTMxMzA1MjlfMjMxMDA%3D
R-HSA-9014325,"TICAM1,TRAF6-dependent induction of TAK1 complex",0.13095802115962574,1,13,5,6,MjAyNjA5MTMxMzA1MjlfMjMxMDA%3D
R-HSA-5689880,Ub-specific processing proteases,0.13095802115962574,4,192,35,40,MjAyNjA5MTMxMzA1MjlfMjMxMDA%3D
R-HSA-9035034,RHOF GTPase cycle,0.13095802115962574,2,46,1,3,MjAyNjA5MTMxMzA1MjlfMjMxMDA%3D
R-HSA-8964041,LDL remodeling,0.13095802115962574,1,10,1,3,MjAyNjA5MTMxMzA1MjlfMjMxMDA%3D
R-HSA-912446,Meiotic recombination,0.13095802115962574,2,59,4,10,MjAyNjA5MTMxMzA1MjlfMjMxMDA%3D
R-HSA-9766229,Degradation of CDH1,0.13095802115962574,2,57,4,10,MjAyNjA5MTMxMzA1MjlfMjMxMDA%3D
R-HSA-168274,Export of Viral Ribonucleoproteins from Nucleus,0.13095802115962574,2,54,2,5,MjAyNjA5MTMxMzA1MjlfMjMxMDA%3D
R-HSA-3000480,Scavenging by Class A Receptors,0.13095802115962574,2,49,4,10,MjAyNjA5MTMxMzA1MjlfMjMxMDA%3D
R-HSA-8963888,Chylomicron assembly,0.13095802115962574,1,14,2,5,MjAyNjA5MTMxMzA1MjlfMjMxMDA%3D
R-HSA-9645460,Alpha-protein kinase 1 signaling pathway,0.13095802115962574,1,14,4,10,MjAyNjA5MTMxMzA1MjlfMjMxMDA%3D
R-HSA-6799990,Metal sequestration by antimicrobial proteins,0.13095802115962574,1,13,2,5,MjAyNjA5MTMxMzA1MjlfMjMxMDA%3D
R-HSA-1253288,Downregulation of ERBB4 signaling,0.13095802115962574,1,11,2,5,MjAyNjA5MTMxMzA1MjlfMjMxMDA%3D
R-HSA-430116,GP1b-IX-V activation signalling,0.13095802115962574,1,12,4,9,MjAyNjA5MTMxMzA1MjlfMjMxMDA%3D
R-HSA-73772,RNA Polymerase I Promoter Escape,0.13095802115962574,2,62,1,2,MjAyNjA5MTMxMzA1MjlfMjMxMDA%3D
R-HSA-5620924,Intraflagellar transport,0.13095802115962574,2,56,6,12,MjAyNjA5MTMxMzA1MjlfMjMxMDA%3D
R-HSA-5678895,Defective CFTR causes cystic fibrosis,0.13095802115962574,2,53,4,8,MjAyNjA5MTMxMzA1MjlfMjMxMDA%3D
R-HSA-4570464,SUMOylation of RNA binding proteins,0.13095802115962574,2,51,2,4,MjAyNjA5MTMxMzA1MjlfMjMxMDA%3D
R-HSA-9821002,Chromatin modifications during the maternal to zygotic transition (MZT),0.13095802115962574,2,48,6,12,MjAyNjA5MTMxMzA1MjlfMjMxMDA%3D
R-HSA-427389,ERCC6 (CSB) and EHMT2 (G9a) positively regulate rRNA expression,0.13095802115962574,2,47,2,4,MjAyNjA5MTMxMzA1MjlfMjMxMDA%3D
R-HSA-9604323,Negative regulation of NOTCH4 signaling,0.13095802115962574,2,47,3,6,MjAyNjA5MTMxMzA1MjlfMjMxMDA%3D
R-HSA-110362,POLB-Dependent Long Patch Base Excision Repair,0.13095802115962574,1,15,5,10,MjAyNjA5MTMxMzA1MjlfMjMxMDA%3D
R-HSA-192814,vRNA Synthesis,0.13095802115962574,1,14,1,2,MjAyNjA5MTMxMzA1MjlfMjMxMDA%3D
R-HSA-192905,vRNP Assembly,0.13095802115962574,1,14,1,2,MjAyNjA5MTMxMzA1MjlfMjMxMDA%3D
R-HSA-5140745,"WNT5A-dependent internalization of FZD2, FZD5 and ROR2",0.13095802115962574,1,13,1,2,MjAyNjA5MTMxMzA1MjlfMjMxMDA%3D
R-HSA-3785653,Myoclonic epilepsy of Lafora,0.13095802115962574,1,11,1,2,MjAyNjA5MTMxMzA1MjlfMjMxMDA%3D
R-HSA-8948747,Regulation of PTEN localization,0.13095802115962574,1,10,2,4,MjAyNjA5MTMxMzA1MjlfMjMxMDA%3D
R-HSA-5387390,Hh mutants abrogate ligand secretion,0.13095802115962574,2,51,4,7,MjAyNjA5MTMxMzA1MjlfMjMxMDA%3D
R-HSA-9614399,Regulation of localization of FOXO transcription factors,0.13095802115962574,1,14,3,5,MjAyNjA5MTMxMzA1MjlfMjMxMDA%3D
R-HSA-5693606,DNA Double Strand Break Response,0.13095802115962574,3,114,32,53,MjAyNjA5MTMxMzA1MjlfMjMxMDA%3D
R-HSA-177243,Interactions of Rev with host cellular proteins,0.13095802115962574,2,47,10,16,MjAyNjA5MTMxMzA1MjlfMjMxMDA%3D
R-HSA-1221632,Meiotic synapsis,0.13095802115962574,2,61,4,6,MjAyNjA5MTMxMzA1MjlfMjMxMDA%3D
R-HSA-5362768,Hh mutants are degraded by ERAD,0.13095802115962574,2,48,4,6,MjAyNjA5MTMxMzA1MjlfMjMxMDA%3D
R-HSA-9824878,"Regulation of TBK1, IKKε (IKBKE)-mediated activation of IRF3, IRF7 ",0.13095802115962574,1,15,2,3,MjAyNjA5MTMxMzA1MjlfMjMxMDA%3D
R-HSA-77588,SLBP Dependent Processing of Replication-Dependent Histone Pre-mRNAs,0.13095802115962574,1,11,2,3,MjAyNjA5MTMxMzA1MjlfMjMxMDA%3D
R-HSA-5610787,Hedgehog 'off' state,0.13095802115962574,3,111,5,32,MjAyNjA5MTMxMzA1MjlfMjMxMDA%3D
R-HSA-9692916,SARS-CoV-1 activates/modulates innate immune responses,0.13095802115962574,2,66,5,32,MjAyNjA5MTMxMzA1MjlfMjMxMDA%3D
R-HSA-8964043,Plasma lipoprotein clearance,0.13095802115962574,2,46,6,36,MjAyNjA5MTMxMzA1MjlfMjMxMDA%3D
R-HSA-9840373,Cellular response to mitochondrial stress,0.13095802115962574,1,12,1,6,MjAyNjA5MTMxMzA1MjlfMjMxMDA%3D
R-HSA-9637628,Modulation by Mtb of host immune system,0.13095802115962574,1,11,1,6,MjAyNjA5MTMxMzA1MjlfMjMxMDA%3D
R-HSA-397014,Muscle contraction,0.13095802115962574,5,232,9,53,MjAyNjA5MTMxMzA1MjlfMjMxMDA%3D
R-HSA-68867,Assembly of the pre-replicative complex,0.13095802115962574,3,103,4,23,MjAyNjA5MTMxMzA1MjlfMjMxMDA%3D
R-HSA-69306,DNA Replication,0.13095802115962574,4,171,13,73,MjAyNjA5MTMxMzA1MjlfMjMxMDA%3D
R-HSA-382556,ABC-family protein mediated transport,0.13095802115962574,3,111,5,27,MjAyNjA5MTMxMzA1MjlfMjMxMDA%3D
R-HSA-388841,Regulation of T cell activation by CD28 family,0.13095802115962574,5,276,18,91,MjAyNjA5MTMxMzA1MjlfMjMxMDA%3D
R-HSA-9918485,Dengue Virus Attachment and Entry,0.13095802115962574,2,50,2,10,MjAyNjA5MTMxMzA1MjlfMjMxMDA%3D
R-HSA-8876493,InlA-mediated entry of Listeria monocytogenes into host cells,0.13095802115962574,1,14,1,5,MjAyNjA5MTMxMzA1MjlfMjMxMDA%3D
R-HSA-9013700,NOTCH4 Activation and Transmission of Signal to the Nucleus,0.13095802115962574,1,12,1,5,MjAyNjA5MTMxMzA1MjlfMjMxMDA%3D
R-HSA-9834752,Respiratory syncytial virus genome replication,0.13095802115962574,1,12,1,5,MjAyNjA5MTMxMzA1MjlfMjMxMDA%3D
R-HSA-447041,CHL1 interactions,0.13095802115962574,1,10,1,5,MjAyNjA5MTMxMzA1MjlfMjMxMDA%3D
R-HSA-8866423,VLDL assembly,0.13095802115962574,1,9,1,5,MjAyNjA5MTMxMzA1MjlfMjMxMDA%3D
R-HSA-73929,"Base-Excision Repair, AP Site Formation",0.13095802115962574,2,62,6,64,MjAyNjA5MTMxMzA1MjlfMjMxMDA%3D
R-HSA-73884,Base Excision Repair,0.13095802115962574,3,99,11,107,MjAyNjA5MTMxMzA1MjlfMjMxMDA%3D
R-HSA-9013405,RHOD GTPase cycle,0.13095802115962574,2,57,1,9,MjAyNjA5MTMxMzA1MjlfMjMxMDA%3D
R-HSA-9662834,CD163 mediating an anti-inflammatory response,0.13095802115962574,1,14,1,9,MjAyNjA5MTMxMzA1MjlfMjMxMDA%3D
R-HSA-174824,"Plasma lipoprotein assembly, remodeling, and clearance",0.13095802115962574,3,102,10,86,MjAyNjA5MTMxMzA1MjlfMjMxMDA%3D
R-HSA-5675221,Negative regulation of MAPK pathway,0.13095802115962574,2,49,2,17,MjAyNjA5MTMxMzA1MjlfMjMxMDA%3D
R-HSA-2559583,Cellular Senescence,0.13095802115962574,4,199,11,90,MjAyNjA5MTMxMzA1MjlfMjMxMDA%3D
R-HSA-69002,DNA Replication Pre-Initiation,0.13095802115962574,3,121,4,32,MjAyNjA5MTMxMzA1MjlfMjMxMDA%3D
R-HSA-9662361,Sensory processing of sound by outer hair cells of the cochlea,0.13095802115962574,2,64,1,8,MjAyNjA5MTMxMzA1MjlfMjMxMDA%3D
R-HSA-9818028,NFE2L2 regulates pentose phosphate pathway genes,0.13095802115962574,1,15,1,8,MjAyNjA5MTMxMzA1MjlfMjMxMDA%3D
R-HSA-8849469,PTK6 Regulates RTKs and Their Effectors AKT1 and DOK1,0.13095802115962574,1,11,1,8,MjAyNjA5MTMxMzA1MjlfMjMxMDA%3D
R-HSA-8869496,TFAP2A acts as a transcriptional repressor during retinoic acid induced cell differentiation,0.13095802115962574,1,9,1,7,MjAyNjA5MTMxMzA1MjlfMjMxMDA%3D
R-HSA-9755511,KEAP1-NFE2L2 pathway,0.13095802115962574,4,169,17,117,MjAyNjA5MTMxMzA1MjlfMjMxMDA%3D
R-HSA-2559580,Oxidative Stress Induced Senescence,0.13095802115962574,3,113,6,40,MjAyNjA5MTMxMzA1MjlfMjMxMDA%3D
R-HSA-168928,DDX58/IFIH1-mediated induction of interferon-alpha/beta,0.13095802115962574,3,105,8,53,MjAyNjA5MTMxMzA1MjlfMjMxMDA%3D
R-HSA-9664873,Pexophagy,0.13095802115962574,1,13,2,13,MjAyNjA5MTMxMzA1MjlfMjMxMDA%3D
R-HSA-112314,Neurotransmitter receptors and postsynaptic signal transmission,0.13095802115962574,5,232,3,110,MjAyNjA5MTMxMzA1MjlfMjMxMDA%3D
R-HSA-112315,Transmission across Chemical Synapses,0.13095802115962574,6,343,5,167,MjAyNjA5MTMxMzA1MjlfMjMxMDA%3D
R-HSA-190236,Signaling by FGFR,0.13095802115962574,3,109,10,142,MjAyNjA5MTMxMzA1MjlfMjMxMDA%3D
R-HSA-5693567,HDR through Homologous Recombination (HRR) or Single Strand Annealing (SSA),0.13095802115962574,3,127,3,50,MjAyNjA5MTMxMzA1MjlfMjMxMDA%3D
R-HSA-110329,Cleavage of the damaged pyrimidine ,0.13095802115962574,2,50,1,20,MjAyNjA5MTMxMzA1MjlfMjMxMDA%3D
R-HSA-73928,Depyrimidination,0.13095802115962574,2,50,2,41,MjAyNjA5MTMxMzA1MjlfMjMxMDA%3D
R-HSA-75205,Dissolution of Fibrin Clot,0.13095802115962574,1,14,1,21,MjAyNjA5MTMxMzA1MjlfMjMxMDA%3D
R-HSA-109606,Intrinsic Pathway for Apoptosis,0.13095802115962574,2,64,2,63,MjAyNjA5MTMxMzA1MjlfMjMxMDA%3D
R-HSA-512988,"Interleukin-3, Interleukin-5 and GM-CSF signaling",0.13095802115962574,2,50,3,38,MjAyNjA5MTMxMzA1MjlfMjMxMDA%3D
R-HSA-9020933,Interleukin-23 signaling,0.13095802115962574,1,11,1,12,MjAyNjA5MTMxMzA1MjlfMjMxMDA%3D
R-HSA-606279,Deposition of new CENPA-containing nucleosomes at the centromere,0.13095802115962574,2,53,3,4,MjAyNjA5MTMxMzA1MjlfMjMxMDA%3D
R-HSA-9828211,"Regulation of TBK1, IKKε-mediated activation of IRF3, IRF7 upon TLR3 ligation",0.13095802115962574,1,11,2,3,MjAyNjA5MTMxMzA1MjlfMjMxMDA%3D
R-HSA-5625886,Activated PKN1 stimulates transcription of AR (androgen receptor) regulated genes KLK2 and KLK3,0.13095802115962574,2,48,8,11,MjAyNjA5MTMxMzA1MjlfMjMxMDA%3D
R-HSA-937042,IRAK2 mediated activation of TAK1 complex,0.13095802115962574,1,12,4,5,MjAyNjA5MTMxMzA1MjlfMjMxMDA%3D
R-HSA-9931269,AMPK-induced ERAD and lysosome mediated degradation of PD-L1(CD274),0.13095802115962574,2,60,4,5,MjAyNjA5MTMxMzA1MjlfMjMxMDA%3D
R-HSA-3214815,HDACs deacetylate histones,0.13095802115962574,2,63,4,5,MjAyNjA5MTMxMzA1MjlfMjMxMDA%3D
R-HSA-9694493,Maturation of protein E,0.13095802115962574,1,8,1,5,MjAyNjA5MTMxMzA1MjlfMjMxMDA%3D
R-HSA-9683683,Maturation of protein E,0.13095802115962574,1,8,1,5,MjAyNjA5MTMxMzA1MjlfMjMxMDA%3D
R-HSA-73927,Depurination,0.13095802115962574,2,45,4,19,MjAyNjA5MTMxMzA1MjlfMjMxMDA%3D
R-HSA-9855142,Cellular responses to mechanical stimuli,0.13095802115962574,3,126,13,61,MjAyNjA5MTMxMzA1MjlfMjMxMDA%3D
R-HSA-162592,Integration of provirus,0.13095802115962574,1,15,3,14,MjAyNjA5MTMxMzA1MjlfMjMxMDA%3D
R-HSA-2173793,Transcriptional activity of SMAD2/SMAD3:SMAD4 heterotrimer,0.13095802115962574,2,64,11,51,MjAyNjA5MTMxMzA1MjlfMjMxMDA%3D
R-HSA-73887,Death Receptor Signaling,0.13095802115962574,4,172,27,119,MjAyNjA5MTMxMzA1MjlfMjMxMDA%3D
R-HSA-2173789,TGF-beta receptor signaling activates SMADs,0.13095802115962574,2,51,10,44,MjAyNjA5MTMxMzA1MjlfMjMxMDA%3D
R-HSA-170834,Signaling by TGF-beta Receptor Complex,0.13095802115962574,3,108,23,100,MjAyNjA5MTMxMzA1MjlfMjMxMDA%3D
R-HSA-176033,Interactions of Vpr with host cellular proteins,0.13095802115962574,2,47,1,4,MjAyNjA5MTMxMzA1MjlfMjMxMDA%3D
R-HSA-209560,NF-kB is activated and signals survival,0.13095802115962574,1,15,1,4,MjAyNjA5MTMxMzA1MjlfMjMxMDA%3D
R-HSA-9820962,Assembly and release of respiratory syncytial virus (RSV) virions,0.13095802115962574,1,13,1,4,MjAyNjA5MTMxMzA1MjlfMjMxMDA%3D
R-HSA-9860931,Response of endothelial cells to shear stress,0.13095802115962574,3,115,13,51,MjAyNjA5MTMxMzA1MjlfMjMxMDA%3D
R-HSA-9013973,TICAM1-dependent activation of IRF3/IRF7,0.13095802115962574,1,15,4,15,MjAyNjA5MTMxMzA1MjlfMjMxMDA%3D
R-HSA-9762293,Regulation of CDH11 gene transcription,0.13095802115962574,1,12,4,14,MjAyNjA5MTMxMzA1MjlfMjMxMDA%3D
R-HSA-445989,TAK1-dependent IKK and NF-kappa-B activation  ,0.13095802115962574,2,55,5,17,MjAyNjA5MTMxMzA1MjlfMjMxMDA%3D
R-HSA-9940951,Interaction of NuRD complexes with transcription factors,0.13095802115962574,2,64,8,11,MjAyNjA5MTMxMzA1MjlfMjMxMDA%3D
R-HSA-5688426,Deubiquitination,0.13095802115962574,5,275,56,77,MjAyNjA5MTMxMzA1MjlfMjMxMDA%3D
R-HSA-163754,Insulin effects increased synthesis of Xylulose-5-Phosphate,0.13095802115962574,1,10,2,3,MjAyNjA5MTMxMzA1MjlfMjMxMDA%3D
R-HSA-9670095,Inhibition of DNA recombination at telomere,0.13095802115962574,2,47,3,4,MjAyNjA5MTMxMzA1MjlfMjMxMDA%3D
R-HSA-774815,Nucleosome assembly,0.13095802115962574,2,53,3,4,MjAyNjA5MTMxMzA1MjlfMjMxMDA%3D
R-HSA-165054,Rev-mediated nuclear export of HIV RNA,0.13095802115962574,2,45,8,10,MjAyNjA5MTMxMzA1MjlfMjMxMDA%3D
R-HSA-73893,DNA Damage Bypass,0.13095802115962574,2,57,26,34,MjAyNjA5MTMxMzA1MjlfMjMxMDA%3D
R-HSA-201722,Formation of the beta-catenin:TCF transactivating complex,0.13364164079119922,2,68,2,13,MjAyNjA5MTMxMzA1MjlfMjMxMDA%3D
R-HSA-1227986,Signaling by ERBB2,0.13364164079119922,2,68,12,46,MjAyNjA5MTMxMzA1MjlfMjMxMDA%3D
R-HSA-8873719,RAB geranylgeranylation,0.13364164079119922,2,68,2,5,MjAyNjA5MTMxMzA1MjlfMjMxMDA%3D
R-HSA-9845323,Regulation of endogenous retroelements by Piwi-interacting RNAs (piRNAs),0.13364164079119922,2,68,1,2,MjAyNjA5MTMxMzA1MjlfMjMxMDA%3D
R-HSA-9759194,Nuclear events mediated by NFE2L2,0.13368713598295123,3,135,6,85,MjAyNjA5MTMxMzA1MjlfMjMxMDA%3D
R-HSA-6785807,Interleukin-4 and Interleukin-13 signaling,0.1369333499866745,4,211,3,47,MjAyNjA5MTMxMzA1MjlfMjMxMDA%3D
R-HSA-209543,p75NTR recruits signalling complexes,0.13905619854864681,1,16,1,9,MjAyNjA5MTMxMzA1MjlfMjMxMDA%3D
R-HSA-937039,IRAK1 recruits IKK complex,0.13905619854864681,1,16,1,4,MjAyNjA5MTMxMzA1MjlfMjMxMDA%3D
R-HSA-975144,IRAK1 recruits IKK complex upon TLR7/8 or 9 stimulation,0.13905619854864681,1,16,1,4,MjAyNjA5MTMxMzA1MjlfMjMxMDA%3D
R-HSA-1679131,Trafficking and processing of endosomal TLR,0.13905619854864681,1,16,2,7,MjAyNjA5MTMxMzA1MjlfMjMxMDA%3D
R-HSA-4655427,SUMOylation of DNA methylation proteins,0.13905619854864681,1,16,1,3,MjAyNjA5MTMxMzA1MjlfMjMxMDA%3D
R-HSA-2691232,Constitutive Signaling by NOTCH1 HD Domain Mutants,0.13905619854864681,1,16,2,6,MjAyNjA5MTMxMzA1MjlfMjMxMDA%3D
R-HSA-2691230,Signaling by NOTCH1 HD Domain Mutants in Cancer,0.13905619854864681,1,16,2,6,MjAyNjA5MTMxMzA1MjlfMjMxMDA%3D
R-HSA-879415,Advanced glycosylation endproduct receptor signaling,0.13905619854864681,1,16,2,4,MjAyNjA5MTMxMzA1MjlfMjMxMDA%3D
R-HSA-3000484,Scavenging by Class F Receptors,0.13905619854864681,1,16,2,2,MjAyNjA5MTMxMzA1MjlfMjMxMDA%3D
R-HSA-9634285,Constitutive Signaling by Overexpressed ERBB2,0.13905619854864681,1,16,4,8,MjAyNjA5MTMxMzA1MjlfMjMxMDA%3D
R-HSA-1358803,Downregulation of ERBB2:ERBB3 signaling,0.13905619854864681,1,16,5,8,MjAyNjA5MTMxMzA1MjlfMjMxMDA%3D
R-HSA-9616222,Transcriptional regulation of granulopoiesis,0.13997657560244536,2,70,1,27,MjAyNjA5MTMxMzA1MjlfMjMxMDA%3D
R-HSA-174490,Membrane binding and targetting of GAG proteins,0.14707940484825632,1,17,3,4,MjAyNjA5MTMxMzA1MjlfMjMxMDA%3D
R-HSA-2559584,Formation of Senescence-Associated Heterochromatin Foci (SAHF),0.14707940484825632,1,17,1,2,MjAyNjA5MTMxMzA1MjlfMjMxMDA%3D
R-HSA-5685939,HDR through MMEJ (alt-NHEJ),0.14707940484825632,1,17,3,8,MjAyNjA5MTMxMzA1MjlfMjMxMDA%3D
R-HSA-162658,Golgi Cisternae Pericentriolar Stack Reorganization,0.14707940484825632,1,17,5,6,MjAyNjA5MTMxMzA1MjlfMjMxMDA%3D
R-HSA-9029558,NR1H2 & NR1H3 regulate gene expression linked to lipogenesis,0.14707940484825632,1,17,1,8,MjAyNjA5MTMxMzA1MjlfMjMxMDA%3D
R-HSA-9909649,Regulation of PD-L1(CD274) transcription,0.15283360685187564,2,74,7,18,MjAyNjA5MTMxMzA1MjlfMjMxMDA%3D
R-HSA-9937850,NuRD complex assembly,0.15283360685187564,2,74,10,21,MjAyNjA5MTMxMzA1MjlfMjMxMDA%3D
R-HSA-9828642,Respiratory syncytial virus genome transcription,0.15502832956961388,1,18,1,7,MjAyNjA5MTMxMzA1MjlfMjMxMDA%3D
R-HSA-205043,NRIF signals cell death from the nucleus,0.15502832956961388,1,18,3,7,MjAyNjA5MTMxMzA1MjlfMjMxMDA%3D
R-HSA-975163,IRAK2 mediated activation of TAK1 complex upon TLR7/8 or 9 stimulation,0.15502832956961388,1,18,4,5,MjAyNjA5MTMxMzA1MjlfMjMxMDA%3D
R-HSA-9856872,Malate-aspartate shuttle,0.15502832956961388,1,18,1,7,MjAyNjA5MTMxMzA1MjlfMjMxMDA%3D
R-HSA-177504,Retrograde neurotrophin signalling,0.15502832956961388,1,18,3,3,MjAyNjA5MTMxMzA1MjlfMjMxMDA%3D
R-HSA-5684264,MAP3K8 (TPL2)-dependent MAPK1/3 activation,0.15502832956961388,1,18,2,8,MjAyNjA5MTMxMzA1MjlfMjMxMDA%3D
R-HSA-174495,"Synthesis And Processing Of GAG, GAGPOL Polyproteins",0.15502832956961388,1,18,3,5,MjAyNjA5MTMxMzA1MjlfMjMxMDA%3D
R-HSA-9943962,"CHD6, CHD7, CHD8, CHD9 subfamily",0.15608361488126576,2,75,1,14,MjAyNjA5MTMxMzA1MjlfMjMxMDA%3D
R-HSA-8936459,RUNX1 regulates genes involved in megakaryocyte differentiation and platelet function,0.1593468469551641,2,76,20,33,MjAyNjA5MTMxMzA1MjlfMjMxMDA%3D
R-HSA-1650814,Collagen biosynthesis and modifying enzymes,0.1593468469551641,2,76,7,51,MjAyNjA5MTMxMzA1MjlfMjMxMDA%3D
R-HSA-3270619,IRF3-mediated induction of type I IFN,0.16290365592437284,1,19,1,5,MjAyNjA5MTMxMzA1MjlfMjMxMDA%3D
R-HSA-193639,p75NTR signals via NF-kB,0.16290365592437284,1,19,2,13,MjAyNjA5MTMxMzA1MjlfMjMxMDA%3D
R-HSA-9701898,STAT3 nuclear events downstream of ALK signaling,0.16290365592437284,1,19,2,11,MjAyNjA5MTMxMzA1MjlfMjMxMDA%3D
R-HSA-1295596,Spry regulation of FGF signaling,0.16290365592437284,1,19,2,11,MjAyNjA5MTMxMzA1MjlfMjMxMDA%3D
R-HSA-5676934,Protein repair,0.16290365592437284,1,19,1,7,MjAyNjA5MTMxMzA1MjlfMjMxMDA%3D
R-HSA-416700,Other semaphorin interactions,0.16290365592437284,1,19,1,9,MjAyNjA5MTMxMzA1MjlfMjMxMDA%3D
R-HSA-399954,Sema3A PAK dependent Axon repulsion,0.16290365592437284,1,19,2,6,MjAyNjA5MTMxMzA1MjlfMjMxMDA%3D
R-HSA-168927,"TICAM1, RIP1-mediated IKK complex recruitment",0.16290365592437284,1,19,1,3,MjAyNjA5MTMxMzA1MjlfMjMxMDA%3D
R-HSA-2173791,TGF-beta receptor signaling in EMT (epithelial to mesenchymal transition),0.16290365592437284,1,19,2,6,MjAyNjA5MTMxMzA1MjlfMjMxMDA%3D
R-HSA-110312,Translesion synthesis by REV1,0.16290365592437284,1,19,4,5,MjAyNjA5MTMxMzA1MjlfMjMxMDA%3D
R-HSA-937072,TRAF6-mediated induction of TAK1 complex within TLR4 complex,0.16290365592437284,1,19,5,6,MjAyNjA5MTMxMzA1MjlfMjMxMDA%3D
R-HSA-8875360,InlB-mediated entry of Listeria monocytogenes into host cell,0.16290365592437284,1,19,3,8,MjAyNjA5MTMxMzA1MjlfMjMxMDA%3D
R-HSA-9843940,Regulation of endogenous retroelements by KRAB-ZFP proteins,0.16591090017372245,2,78,7,7,MjAyNjA5MTMxMzA1MjlfMjMxMDA%3D
R-HSA-75105,Fatty acyl-CoA biosynthesis,0.16591090017372245,2,78,5,25,MjAyNjA5MTMxMzA1MjlfMjMxMDA%3D
R-HSA-1834949,Cytosolic sensors of pathogen-associated DNA ,0.16591090017372245,2,78,6,50,MjAyNjA5MTMxMzA1MjlfMjMxMDA%3D
R-HSA-9943965,"CHD3, CHD4, CHD5 subfamily",0.16591090017372245,2,78,11,25,MjAyNjA5MTMxMzA1MjlfMjMxMDA%3D
R-HSA-204005,COPII-mediated vesicle transport,0.16591090017372245,2,78,12,16,MjAyNjA5MTMxMzA1MjlfMjMxMDA%3D
R-HSA-9013408,RHOG GTPase cycle,0.16591090017372245,2,78,1,6,MjAyNjA5MTMxMzA1MjlfMjMxMDA%3D
R-HSA-9638482,Metal ion assimilation from the host,0.1692107008515622,2,79,2,25,MjAyNjA5MTMxMzA1MjlfMjMxMDA%3D
R-HSA-9706369,Negative regulation of FLT3,0.17070606088173745,1,20,1,12,MjAyNjA5MTMxMzA1MjlfMjMxMDA%3D
R-HSA-9678110,Attachment and Entry,0.17070606088173745,1,20,1,10,MjAyNjA5MTMxMzA1MjlfMjMxMDA%3D
R-HSA-9758274,Regulation of NF-kappa B signaling,0.17070606088173745,1,20,2,11,MjAyNjA5MTMxMzA1MjlfMjMxMDA%3D
R-HSA-9708530,Regulation of BACH1 activity,0.17070606088173745,1,20,1,8,MjAyNjA5MTMxMzA1MjlfMjMxMDA%3D
R-HSA-450604,KSRP (KHSRP) binds and destabilizes mRNA,0.17070606088173745,1,20,1,5,MjAyNjA5MTMxMzA1MjlfMjMxMDA%3D
R-HSA-168275,Entry of Influenza Virion into Host Cell via Endocytosis,0.17070606088173745,1,20,1,1,MjAyNjA5MTMxMzA1MjlfMjMxMDA%3D
R-HSA-399955,SEMA3A-Plexin repulsion signaling by inhibiting Integrin adhesion,0.17070606088173745,1,20,1,8,MjAyNjA5MTMxMzA1MjlfMjMxMDA%3D
R-HSA-5656121,Translesion synthesis by POLI,0.17070606088173745,1,20,3,3,MjAyNjA5MTMxMzA1MjlfMjMxMDA%3D
R-HSA-5099900,WNT5A-dependent internalization of FZD4,0.17070606088173745,1,20,2,5,MjAyNjA5MTMxMzA1MjlfMjMxMDA%3D
R-HSA-3700989,Transcriptional Regulation by TP53,0.17317102575692545,7,487,15,258,MjAyNjA5MTMxMzA1MjlfMjMxMDA%3D
R-HSA-3858494,Beta-catenin independent WNT signaling,0.1733923068252089,3,153,5,51,MjAyNjA5MTMxMzA1MjlfMjMxMDA%3D
R-HSA-163685,Integration of energy metabolism,0.1733923068252089,3,153,4,72,MjAyNjA5MTMxMzA1MjlfMjMxMDA%3D
R-HSA-9018519,Estrogen-dependent gene expression,0.1733923068252089,3,153,15,66,MjAyNjA5MTMxMzA1MjlfMjMxMDA%3D
R-HSA-9730414,MITF-M-regulated melanocyte development,0.17543050613194988,4,233,4,150,MjAyNjA5MTMxMzA1MjlfMjMxMDA%3D
R-HSA-425397,"Transport of vitamins, nucleosides, and related molecules",0.17584336121847322,2,81,1,32,MjAyNjA5MTMxMzA1MjlfMjMxMDA%3D
R-HSA-204998,"Cell death signalling via NRAGE, NRIF and NADE",0.17584336121847322,2,81,4,17,MjAyNjA5MTMxMzA1MjlfMjMxMDA%3D
R-HSA-975110,TRAF6 mediated IRF7 activation in TLR7/8 or 9 signaling,0.17843621522523323,1,21,1,5,MjAyNjA5MTMxMzA1MjlfMjMxMDA%3D
R-HSA-3134975,Regulation of innate immune responses to cytosolic DNA,0.17843621522523323,1,21,4,9,MjAyNjA5MTMxMzA1MjlfMjMxMDA%3D
R-HSA-77595,Processing of Intronless Pre-mRNAs,0.17843621522523323,1,21,3,5,MjAyNjA5MTMxMzA1MjlfMjMxMDA%3D
R-HSA-5655862,Translesion synthesis by POLK,0.17843621522523323,1,21,3,3,MjAyNjA5MTMxMzA1MjlfMjMxMDA%3D
R-HSA-936964,"Activation of IRF3, IRF7 mediated by TBK1, IKKε (IKBKE)",0.17843621522523323,1,21,4,15,MjAyNjA5MTMxMzA1MjlfMjMxMDA%3D
R-HSA-9013694,Signaling by NOTCH4,0.17917524961986897,2,82,4,20,MjAyNjA5MTMxMzA1MjlfMjMxMDA%3D
R-HSA-71403,Citric acid cycle (TCA cycle),0.1825168759281497,2,83,3,23,MjAyNjA5MTMxMzA1MjlfMjMxMDA%3D
R-HSA-3000171,Non-integrin membrane-ECM interactions,0.1825168759281497,2,83,3,33,MjAyNjA5MTMxMzA1MjlfMjMxMDA%3D
R-HSA-917937,Iron uptake and transport,0.1825168759281497,2,83,2,33,MjAyNjA5MTMxMzA1MjlfMjMxMDA%3D
R-HSA-2029482,Regulation of actin dynamics for phagocytic cup formation,0.18496603961495828,3,158,8,24,MjAyNjA5MTMxMzA1MjlfMjMxMDA%3D
R-HSA-3229121,Glycogen storage diseases,0.18609478360873977,1,22,1,10,MjAyNjA5MTMxMzA1MjlfMjMxMDA%3D
R-HSA-9909505,Modulation of host responses by IFN-stimulated genes,0.18609478360873977,1,22,1,6,MjAyNjA5MTMxMzA1MjlfMjMxMDA%3D
R-HSA-4641263,Regulation of FZD by ubiquitination,0.18609478360873977,1,22,3,6,MjAyNjA5MTMxMzA1MjlfMjMxMDA%3D
R-HSA-2028269,Signaling by Hippo,0.18609478360873977,1,22,1,30,MjAyNjA5MTMxMzA1MjlfMjMxMDA%3D
R-HSA-5210891,Uptake and function of anthrax toxins,0.18609478360873977,1,22,2,20,MjAyNjA5MTMxMzA1MjlfMjMxMDA%3D
R-HSA-5637812,Signaling by EGFRvIII in Cancer,0.18609478360873977,1,22,18,18,MjAyNjA5MTMxMzA1MjlfMjMxMDA%3D
R-HSA-5637810,Constitutive Signaling by EGFRvIII,0.18609478360873977,1,22,18,18,MjAyNjA5MTMxMzA1MjlfMjMxMDA%3D
R-HSA-9705671,SARS-CoV-2 activates/modulates innate and adaptive immune responses,0.1873052512242055,3,159,4,48,MjAyNjA5MTMxMzA1MjlfMjMxMDA%3D
R-HSA-9694635,Translation of Structural Proteins,0.18922748650470422,2,85,2,46,MjAyNjA5MTMxMzA1MjlfMjMxMDA%3D
R-HSA-8856828,Clathrin-mediated endocytosis,0.1920068469964723,3,161,21,35,MjAyNjA5MTMxMzA1MjlfMjMxMDA%3D
R-HSA-5619084,ABC transporter disorders,0.19259556209723327,2,86,4,23,MjAyNjA5MTMxMzA1MjlfMjMxMDA%3D
R-HSA-73894,DNA Repair,0.19301729287098857,6,414,124,350,MjAyNjA5MTMxMzA1MjlfMjMxMDA%3D
R-HSA-9665348,Signaling by ERBB2 ECD mutants,0.19368242461222762,1,23,4,15,MjAyNjA5MTMxMzA1MjlfMjMxMDA%3D
R-HSA-6804760,Regulation of TP53 Activity through Methylation,0.19368242461222762,1,23,1,12,MjAyNjA5MTMxMzA1MjlfMjMxMDA%3D
R-HSA-5625900,RHO GTPases activate CIT,0.19368242461222762,1,23,1,6,MjAyNjA5MTMxMzA1MjlfMjMxMDA%3D
R-HSA-9659379,Sensory processing of sound,0.1959715580427257,2,87,2,13,MjAyNjA5MTMxMzA1MjlfMjMxMDA%3D
R-HSA-73864,RNA Polymerase I Transcription,0.1959715580427257,2,87,2,14,MjAyNjA5MTMxMzA1MjlfMjMxMDA%3D
R-HSA-9856530,High laminar flow shear stress activates signaling by PIEZO1 and PECAM1:CDH5:KDR in endothelial cells,0.1993550387545815,2,88,2,31,MjAyNjA5MTMxMzA1MjlfMjMxMDA%3D
R-HSA-9956593,Enterobacterial factors antagonize host defense ,0.20119979079685457,1,24,2,6,MjAyNjA5MTMxMzA1MjlfMjMxMDA%3D
R-HSA-5627117,RHO GTPases Activate ROCKs,0.20119979079685457,1,24,2,7,MjAyNjA5MTMxMzA1MjlfMjMxMDA%3D
R-HSA-912631,Regulation of signaling by CBL,0.20119979079685457,1,24,1,7,MjAyNjA5MTMxMzA1MjlfMjMxMDA%3D
R-HSA-937041,IKK complex recruitment mediated by RIP1,0.20119979079685457,1,24,1,3,MjAyNjA5MTMxMzA1MjlfMjMxMDA%3D
R-HSA-71288,Creatine metabolism,0.20119979079685457,1,24,1,6,MjAyNjA5MTMxMzA1MjlfMjMxMDA%3D
R-HSA-1834941,STING mediated induction of host immune responses,0.20119979079685457,1,24,1,19,MjAyNjA5MTMxMzA1MjlfMjMxMDA%3D
R-HSA-392517,Rap1 signalling,0.20119979079685457,1,24,2,7,MjAyNjA5MTMxMzA1MjlfMjMxMDA%3D
R-HSA-9968297,Somatic hypermutation of immunoglobulin genes by error-prone base excision repair (BER),0.20119979079685457,1,24,5,6,MjAyNjA5MTMxMzA1MjlfMjMxMDA%3D
R-HSA-174048,APC/C:Cdc20 mediated degradation of Cyclin B,0.20119979079685457,1,24,2,3,MjAyNjA5MTMxMzA1MjlfMjMxMDA%3D
R-HSA-9913635,Strand-asynchronous mitochondrial DNA replication,0.20119979079685457,1,24,5,15,MjAyNjA5MTMxMzA1MjlfMjMxMDA%3D
R-HSA-9937848,CHD chromatin remodelers,0.20149825214353623,3,165,17,44,MjAyNjA5MTMxMzA1MjlfMjMxMDA%3D
R-HSA-2151201,Transcriptional activation of mitochondrial biogenesis,0.2027455759686989,2,89,2,32,MjAyNjA5MTMxMzA1MjlfMjMxMDA%3D
R-HSA-3322077,Glycogen synthesis,0.20864752875956527,1,25,2,22,MjAyNjA5MTMxMzA1MjlfMjMxMDA%3D
R-HSA-416572,Sema4D induced cell migration and growth-cone collapse,0.20864752875956527,1,25,1,7,MjAyNjA5MTMxMzA1MjlfMjMxMDA%3D
R-HSA-6807004,Negative regulation of MET activity,0.20864752875956527,1,25,3,12,MjAyNjA5MTMxMzA1MjlfMjMxMDA%3D
R-HSA-5620916,VxPx cargo-targeting to cilium,0.20864752875956527,1,25,5,10,MjAyNjA5MTMxMzA1MjlfMjMxMDA%3D
R-HSA-5620922,BBSome-mediated cargo-targeting to cilium,0.20864752875956527,1,25,1,5,MjAyNjA5MTMxMzA1MjlfMjMxMDA%3D
R-HSA-9679191,Potential therapeutics for SARS,0.2086890053063859,3,168,3,36,MjAyNjA5MTMxMzA1MjlfMjMxMDA%3D
R-HSA-9707564,Cytoprotection by HMOX1,0.20954614287881246,2,91,3,22,MjAyNjA5MTMxMzA1MjlfMjMxMDA%3D
R-HSA-5696399,Global Genome Nucleotide Excision Repair (GG-NER),0.21295535179148017,2,92,17,20,MjAyNjA5MTMxMzA1MjlfMjMxMDA%3D
R-HSA-179409,APC-Cdc20 mediated degradation of Nek2A,0.2160262791873342,1,26,2,3,MjAyNjA5MTMxMzA1MjlfMjMxMDA%3D
R-HSA-2979096,NOTCH2 Activation and Transmission of Signal to the Nucleus,0.2160262791873342,1,26,2,13,MjAyNjA5MTMxMzA1MjlfMjMxMDA%3D
R-HSA-450321,JNK (c-Jun kinases) phosphorylation and  activation mediated by activated human TAK1,0.2160262791873342,1,26,1,3,MjAyNjA5MTMxMzA1MjlfMjMxMDA%3D
R-HSA-162594,Early Phase of HIV Life Cycle,0.2160262791873342,1,26,3,39,MjAyNjA5MTMxMzA1MjlfMjMxMDA%3D
R-HSA-1500620,Meiosis,0.21636997545137837,2,93,8,16,MjAyNjA5MTMxMzA1MjlfMjMxMDA%3D
R-HSA-8939211,ESR-mediated signaling,0.22106631368920937,4,257,23,114,MjAyNjA5MTMxMzA1MjlfMjMxMDA%3D
R-HSA-163841,"Gamma carboxylation, hypusinylation, hydroxylation, and arylsulfatase activation",0.2232139014322475,2,95,7,50,MjAyNjA5MTMxMzA1MjlfMjMxMDA%3D
R-HSA-9705462,Inactivation of CSF3 (G-CSF) signaling,0.22333667691071757,1,27,1,9,MjAyNjA5MTMxMzA1MjlfMjMxMDA%3D
R-HSA-5627123,RHO GTPases activate PAKs,0.22333667691071757,1,27,3,15,MjAyNjA5MTMxMzA1MjlfMjMxMDA%3D
R-HSA-9694614,Attachment and Entry,0.22333667691071757,1,27,1,11,MjAyNjA5MTMxMzA1MjlfMjMxMDA%3D
R-HSA-450302,activated TAK1 mediates p38 MAPK activation,0.22333667691071757,1,27,1,5,MjAyNjA5MTMxMzA1MjlfMjMxMDA%3D
R-HSA-8876384,Listeria monocytogenes entry into host cells,0.22333667691071757,1,27,4,13,MjAyNjA5MTMxMzA1MjlfMjMxMDA%3D
R-HSA-9968295,Somatic hypermutation of immunoglobulin genes by error-prone mismatch repair (MMR),0.22333667691071757,1,27,2,8,MjAyNjA5MTMxMzA1MjlfMjMxMDA%3D
R-HSA-5696397,Gap-filling DNA repair synthesis and ligation in GG-NER,0.22333667691071757,1,27,2,2,MjAyNjA5MTMxMzA1MjlfMjMxMDA%3D
R-HSA-175474,Assembly Of The HIV Virion,0.22333667691071757,1,27,4,16,MjAyNjA5MTMxMzA1MjlfMjMxMDA%3D
R-HSA-9610379,HCMV Late Events,0.22568267240417406,3,175,3,19,MjAyNjA5MTMxMzA1MjlfMjMxMDA%3D
R-HSA-382551,Transport of small molecules,0.22600797367055814,12,999,23,463,MjAyNjA5MTMxMzA1MjlfMjMxMDA%3D
R-HSA-157118,Signaling by NOTCH,0.22698589058830898,4,260,17,165,MjAyNjA5MTMxMzA1MjlfMjMxMDA%3D
R-HSA-9013507,NOTCH3 Activation and Transmission of Signal to the Nucleus,0.23057935095712234,1,28,2,15,MjAyNjA5MTMxMzA1MjlfMjMxMDA%3D
R-HSA-8964038,LDL clearance,0.23057935095712234,1,28,3,20,MjAyNjA5MTMxMzA1MjlfMjMxMDA%3D
R-HSA-9006936,Signaling by TGFB family members,0.23304800506033563,3,178,23,148,MjAyNjA5MTMxMzA1MjlfMjMxMDA%3D
R-HSA-9958810,"SRC activates STAT3 in a quantitative manner, through Cadherin-11 (CDH11), RAC1 and gp130 (IL6ST)",0.23775492460346181,1,29,1,9,MjAyNjA5MTMxMzA1MjlfMjMxMDA%3D
R-HSA-3000170,Syndecan interactions,0.23775492460346181,1,29,1,15,MjAyNjA5MTMxMzA1MjlfMjMxMDA%3D
R-HSA-9648895,Response of EIF2AK1 (HRI) to heme deficiency,0.23775492460346181,1,29,5,20,MjAyNjA5MTMxMzA1MjlfMjMxMDA%3D
R-HSA-9634638,Estrogen-dependent nuclear events downstream of ESR-membrane signaling,0.23775492460346181,1,29,1,12,MjAyNjA5MTMxMzA1MjlfMjMxMDA%3D
R-HSA-1912408,Pre-NOTCH Transcription and Translation,0.2403917750179405,2,100,3,37,MjAyNjA5MTMxMzA1MjlfMjMxMDA%3D
R-HSA-381070,IRE1alpha activates chaperones,0.24383612197573212,2,101,2,53,MjAyNjA5MTMxMzA1MjlfMjMxMDA%3D
R-HSA-9865881,Complex III assembly,0.24486401542833813,1,30,1,10,MjAyNjA5MTMxMzA1MjlfMjMxMDA%3D
R-HSA-933542,TRAF6 mediated NF-kB activation,0.24486401542833813,1,30,1,4,MjAyNjA5MTMxMzA1MjlfMjMxMDA%3D
R-HSA-8963898,Plasma lipoprotein assembly,0.24486401542833813,1,30,3,19,MjAyNjA5MTMxMzA1MjlfMjMxMDA%3D
R-HSA-9665686,Signaling by ERBB2 TMD/JMD mutants,0.24486401542833813,1,30,4,13,MjAyNjA5MTMxMzA1MjlfMjMxMDA%3D
R-HSA-110314,Recognition of DNA damage by PCNA-containing replication complex,0.24486401542833813,1,30,3,6,MjAyNjA5MTMxMzA1MjlfMjMxMDA%3D
R-HSA-2682334,EPH-Ephrin signaling,0.24728258172758744,2,102,2,56,MjAyNjA5MTMxMzA1MjlfMjMxMDA%3D
R-HSA-9772573,Late SARS-CoV-2 Infection Events,0.24728258172758744,2,102,2,69,MjAyNjA5MTMxMzA1MjlfMjMxMDA%3D
R-HSA-5601884,PIWI-interacting RNA (piRNA) biogenesis,0.25190723536388215,1,31,1,15,MjAyNjA5MTMxMzA1MjlfMjMxMDA%3D
R-HSA-3214842,HDMs demethylate histones,0.25190723536388215,1,31,3,17,MjAyNjA5MTMxMzA1MjlfMjMxMDA%3D
R-HSA-400685,Sema4D in semaphorin signaling,0.25190723536388215,1,31,1,13,MjAyNjA5MTMxMzA1MjlfMjMxMDA%3D
R-HSA-203927,MicroRNA (miRNA) biogenesis,0.25190723536388215,1,31,2,8,MjAyNjA5MTMxMzA1MjlfMjMxMDA%3D
R-HSA-1474290,Collagen formation,0.2541805038669709,2,104,7,77,MjAyNjA5MTMxMzA1MjlfMjMxMDA%3D
R-HSA-2122948,Activated NOTCH1 Transmits Signal to the Nucleus,0.2588851907469336,1,32,5,21,MjAyNjA5MTMxMzA1MjlfMjMxMDA%3D
R-HSA-110373,Resolution of AP sites via the multiple-nucleotide patch replacement pathway,0.2588851907469336,1,32,5,19,MjAyNjA5MTMxMzA1MjlfMjMxMDA%3D
R-HSA-901032,ER Quality Control Compartment (ERQC),0.2588851907469336,1,32,2,8,MjAyNjA5MTMxMzA1MjlfMjMxMDA%3D
R-HSA-5689901,Metalloprotease DUBs,0.2588851907469336,1,32,5,6,MjAyNjA5MTMxMzA1MjlfMjMxMDA%3D
R-HSA-9615933,Postmitotic nuclear pore complex (NPC) reformation,0.2588851907469336,1,32,4,10,MjAyNjA5MTMxMzA1MjlfMjMxMDA%3D
R-HSA-9828806,Maturation of hRSV A proteins,0.26579848236995085,1,33,1,40,MjAyNjA5MTMxMzA1MjlfMjMxMDA%3D
R-HSA-264876,Insulin processing,0.26579848236995085,1,33,2,17,MjAyNjA5MTMxMzA1MjlfMjMxMDA%3D
R-HSA-3928663,EPHA-mediated growth cone collapse,0.26579848236995085,1,33,1,4,MjAyNjA5MTMxMzA1MjlfMjMxMDA%3D
R-HSA-157579,Telomere Maintenance,0.26798733894870685,2,108,5,34,MjAyNjA5MTMxMzA1MjlfMjMxMDA%3D
R-HSA-975871,MyD88 cascade initiated on plasma membrane,0.27143952553704453,2,109,14,70,MjAyNjA5MTMxMzA1MjlfMjMxMDA%3D
R-HSA-168142,Toll Like Receptor 10 (TLR10) Cascade,0.27143952553704453,2,109,14,71,MjAyNjA5MTMxMzA1MjlfMjMxMDA%3D
R-HSA-168176,Toll Like Receptor 5 (TLR5) Cascade,0.27143952553704453,2,109,14,71,MjAyNjA5MTMxMzA1MjlfMjMxMDA%3D
R-HSA-5654732,Negative regulation of FGFR3 signaling,0.27264770553133355,1,34,3,14,MjAyNjA5MTMxMzA1MjlfMjMxMDA%3D
R-HSA-5620971,Pyroptosis,0.27264770553133355,1,34,1,24,MjAyNjA5MTMxMzA1MjlfMjMxMDA%3D
R-HSA-3214847,HATs acetylate histones,0.27489130448988575,2,110,10,15,MjAyNjA5MTMxMzA1MjlfMjMxMDA%3D
R-HSA-193704,p75 NTR receptor-mediated signalling,0.27489130448988575,2,110,6,50,MjAyNjA5MTMxMzA1MjlfMjMxMDA%3D
R-HSA-2029480,Fcgamma receptor (FCGR) dependent phagocytosis,0.27549398796983127,3,195,19,42,MjAyNjA5MTMxMzA1MjlfMjMxMDA%3D
R-HSA-9932444,ATP-dependent chromatin remodelers,0.27801951519600476,3,196,17,65,MjAyNjA5MTMxMzA1MjlfMjMxMDA%3D
R-HSA-9759475,Regulation of CDH11 Expression and Function,0.27943345008529363,1,35,4,28,MjAyNjA5MTMxMzA1MjlfMjMxMDA%3D
R-HSA-5654733,Negative regulation of FGFR4 signaling,0.27943345008529363,1,35,3,14,MjAyNjA5MTMxMzA1MjlfMjMxMDA%3D
R-HSA-5656169,Termination of translesion DNA synthesis,0.27943345008529363,1,35,6,9,MjAyNjA5MTMxMzA1MjlfMjMxMDA%3D
R-HSA-9674555,Signaling by CSF3 (G-CSF),0.27943345008529363,1,35,1,21,MjAyNjA5MTMxMzA1MjlfMjMxMDA%3D
R-HSA-917729,Endosomal Sorting Complex Required For Transport (ESCRT),0.27943345008529363,1,35,4,4,MjAyNjA5MTMxMzA1MjlfMjMxMDA%3D
R-HSA-9664565,Signaling by ERBB2 KD Mutants,0.27943345008529363,1,35,4,17,MjAyNjA5MTMxMzA1MjlfMjMxMDA%3D
R-HSA-611105,Respiratory electron transport,0.28054737588427736,3,197,6,47,MjAyNjA5MTMxMzA1MjlfMjMxMDA%3D
R-HSA-9020702,Interleukin-1 signaling,0.2817924856858951,2,112,13,59,MjAyNjA5MTMxMzA1MjlfMjMxMDA%3D
R-HSA-9009391,Extra-nuclear estrogen signaling,0.2817924856858951,2,112,2,39,MjAyNjA5MTMxMzA1MjlfMjMxMDA%3D
R-HSA-9842860,Regulation of endogenous retroelements,0.28524132435494776,2,113,13,17,MjAyNjA5MTMxMzA1MjlfMjMxMDA%3D
R-HSA-888590,"GABA synthesis, release, reuptake and degradation",0.2861563004913985,1,36,2,10,MjAyNjA5MTMxMzA1MjlfMjMxMDA%3D
R-HSA-1227990,Signaling by ERBB2 in Cancer,0.2861563004913985,1,36,25,62,MjAyNjA5MTMxMzA1MjlfMjMxMDA%3D
R-HSA-9927432,Developmental Lineage of Mammary Gland Myoepithelial Cells,0.2861563004913985,1,36,2,2,MjAyNjA5MTMxMzA1MjlfMjMxMDA%3D
R-HSA-9006931,Signaling by Nuclear Receptors,0.2892144854670511,5,383,24,195,MjAyNjA5MTMxMzA1MjlfMjMxMDA%3D
R-HSA-8856825,Cargo recognition for clathrin-mediated endocytosis,0.29213412811608763,2,115,2,15,MjAyNjA5MTMxMzA1MjlfMjMxMDA%3D
R-HSA-9833109,Evasion by RSV of host interferon responses,0.2928168358634835,1,37,2,12,MjAyNjA5MTMxMzA1MjlfMjMxMDA%3D
R-HSA-182971,EGFR downregulation,0.2928168358634835,1,37,6,22,MjAyNjA5MTMxMzA1MjlfMjMxMDA%3D
R-HSA-9913351,Formation of the dystrophin-glycoprotein complex (DGC),0.2928168358634835,1,37,2,11,MjAyNjA5MTMxMzA1MjlfMjMxMDA%3D
R-HSA-936440,Negative regulators of DDX58/IFIH1 signaling,0.2928168358634835,1,37,4,13,MjAyNjA5MTMxMzA1MjlfMjMxMDA%3D
R-HSA-5694530,Cargo concentration in the ER,0.2928168358634835,1,37,5,12,MjAyNjA5MTMxMzA1MjlfMjMxMDA%3D
R-HSA-211733,Regulation of activated PAK-2p34 by proteasome mediated degradation,0.2928168358634835,1,37,2,2,MjAyNjA5MTMxMzA1MjlfMjMxMDA%3D
R-HSA-1474151,"Tetrahydrobiopterin (BH4) synthesis, recycling, salvage and regulation",0.2928168358634835,1,37,2,16,MjAyNjA5MTMxMzA1MjlfMjMxMDA%3D
R-HSA-5617472,Activation of anterior HOX genes in hindbrain development during early embryogenesis,0.29557756070557695,2,116,31,43,MjAyNjA5MTMxMzA1MjlfMjMxMDA%3D
R-HSA-5619507,Activation of HOX genes during differentiation,0.29557756070557695,2,116,31,43,MjAyNjA5MTMxMzA1MjlfMjMxMDA%3D
R-HSA-5696398,Nucleotide Excision Repair,0.2990186671483904,2,117,30,37,MjAyNjA5MTMxMzA1MjlfMjMxMDA%3D
R-HSA-168164,Toll Like Receptor 3 (TLR3) Cascade,0.2990186671483904,2,117,19,79,MjAyNjA5MTMxMzA1MjlfMjMxMDA%3D
R-HSA-5668599,RHO GTPases Activate NADPH Oxidases,0.2994156300183063,1,38,2,14,MjAyNjA5MTMxMzA1MjlfMjMxMDA%3D
R-HSA-69273,Cyclin A/B1/B2 associated events during G2/M transition,0.30595325152363917,1,39,1,35,MjAyNjA5MTMxMzA1MjlfMjMxMDA%3D
R-HSA-5654726,Negative regulation of FGFR1 signaling,0.30595325152363917,1,39,3,15,MjAyNjA5MTMxMzA1MjlfMjMxMDA%3D
R-HSA-9013424,RHOV GTPase cycle,0.30595325152363917,1,39,1,2,MjAyNjA5MTMxMzA1MjlfMjMxMDA%3D
R-HSA-9764260,Regulation of Expression and Function of Type II Classical Cadherins,0.30595325152363917,1,39,4,33,MjAyNjA5MTMxMzA1MjlfMjMxMDA%3D
R-HSA-112316,Neuronal System,0.3085729453813395,6,489,5,221,MjAyNjA5MTMxMzA1MjlfMjMxMDA%3D
R-HSA-975138,TRAF6 mediated induction of NFkB and MAP kinases upon TLR7/8 or 9 activation,0.3093255160300481,2,120,14,60,MjAyNjA5MTMxMzA1MjlfMjMxMDA%3D
R-HSA-9920588,Dengue virus activates/modulates innate and adaptive immune responses,0.3124302637459303,1,40,1,23,MjAyNjA5MTMxMzA1MjlfMjMxMDA%3D
R-HSA-180534,Vpu mediated degradation of CD4,0.3124302637459303,1,40,2,5,MjAyNjA5MTMxMzA1MjlfMjMxMDA%3D
R-HSA-9818027,NFE2L2 regulating anti-oxidant/detoxification enzymes,0.3124302637459303,1,40,3,28,MjAyNjA5MTMxMzA1MjlfMjMxMDA%3D
R-HSA-199220,Vitamin B5 (pantothenate) metabolism,0.3124302637459303,1,40,1,16,MjAyNjA5MTMxMzA1MjlfMjMxMDA%3D
R-HSA-9768727,Regulation of CDH1 posttranslational processing and trafficking to plasma membrane,0.3124302637459303,1,40,1,14,MjAyNjA5MTMxMzA1MjlfMjMxMDA%3D
R-HSA-975155,MyD88 dependent cascade initiated on endosome,0.31275482836955604,2,121,15,75,MjAyNjA5MTMxMzA1MjlfMjMxMDA%3D
R-HSA-983168,Antigen processing: Ubiquitination & Proteasome degradation,0.31318470114459673,4,302,7,9,MjAyNjA5MTMxMzA1MjlfMjMxMDA%3D
R-HSA-937061,TRIF (TICAM1)-mediated TLR4 signaling ,0.31618059362074513,2,122,19,76,MjAyNjA5MTMxMzA1MjlfMjMxMDA%3D
R-HSA-166166,MyD88-independent TLR4 cascade ,0.31618059362074513,2,122,19,78,MjAyNjA5MTMxMzA1MjlfMjMxMDA%3D
R-HSA-168638,NOD1/2 Signaling Pathway,0.3188472248976517,1,41,5,18,MjAyNjA5MTMxMzA1MjlfMjMxMDA%3D
R-HSA-5654727,Negative regulation of FGFR2 signaling,0.3188472248976517,1,41,3,14,MjAyNjA5MTMxMzA1MjlfMjMxMDA%3D
R-HSA-75815,Ubiquitin-dependent degradation of Cyclin D,0.3188472248976517,1,41,2,5,MjAyNjA5MTMxMzA1MjlfMjMxMDA%3D
R-HSA-9680350,Signaling by CSF1 (M-CSF) in myeloid cells,0.3188472248976517,1,41,1,14,MjAyNjA5MTMxMzA1MjlfMjMxMDA%3D
R-HSA-9768919,NPAS4 regulates expression of target genes,0.3188472248976517,1,41,1,35,MjAyNjA5MTMxMzA1MjlfMjMxMDA%3D
R-HSA-180746,Nuclear import of Rev protein,0.3188472248976517,1,41,3,7,MjAyNjA5MTMxMzA1MjlfMjMxMDA%3D
R-HSA-1980145,Signaling by NOTCH2,0.3188472248976517,1,41,2,22,MjAyNjA5MTMxMzA1MjlfMjMxMDA%3D
R-HSA-349425,Autodegradation of the E3 ubiquitin ligase COP1,0.3188472248976517,1,41,2,5,MjAyNjA5MTMxMzA1MjlfMjMxMDA%3D
R-HSA-174113,SCF-beta-TrCP mediated degradation of Emi1,0.32520468808404346,1,42,2,3,MjAyNjA5MTMxMzA1MjlfMjMxMDA%3D
R-HSA-2559585,Oncogene Induced Senescence,0.32520468808404346,1,42,1,19,MjAyNjA5MTMxMzA1MjlfMjMxMDA%3D
R-HSA-8854050,FBXL7 down-regulates AURKA during mitotic entry and in early mitosis,0.32520468808404346,1,42,4,6,MjAyNjA5MTMxMzA1MjlfMjMxMDA%3D
R-HSA-203615,eNOS activation,0.32520468808404346,1,42,8,19,MjAyNjA5MTMxMzA1MjlfMjMxMDA%3D
R-HSA-169911,Regulation of Apoptosis,0.32520468808404346,1,42,2,5,MjAyNjA5MTMxMzA1MjlfMjMxMDA%3D
R-HSA-168181,Toll Like Receptor 7/8 (TLR7/8) Cascade,0.32643432815739715,2,125,15,85,MjAyNjA5MTMxMzA1MjlfMjMxMDA%3D
R-HSA-1912422,Pre-NOTCH Expression and Processing,0.32643432815739715,2,125,3,47,MjAyNjA5MTMxMzA1MjlfMjMxMDA%3D
R-HSA-9696264,RND3 GTPase cycle,0.33150320134961153,1,43,1,2,MjAyNjA5MTMxMzA1MjlfMjMxMDA%3D
R-HSA-6804757,Regulation of TP53 Degradation,0.33150320134961153,1,43,7,30,MjAyNjA5MTMxMzA1MjlfMjMxMDA%3D
R-HSA-9682385,FLT3 signaling in disease,0.33150320134961153,1,43,1,52,MjAyNjA5MTMxMzA1MjlfMjMxMDA%3D
R-HSA-180585,Vif-mediated degradation of APOBEC3G,0.33150320134961153,1,43,2,4,MjAyNjA5MTMxMzA1MjlfMjMxMDA%3D
R-HSA-168138,Toll Like Receptor 9 (TLR9) Cascade,0.3366481228905599,2,128,15,86,MjAyNjA5MTMxMzA1MjlfMjMxMDA%3D
R-HSA-4641257,Degradation of AXIN,0.337743307724089,1,44,4,8,MjAyNjA5MTMxMzA1MjlfMjMxMDA%3D
R-HSA-9974237,Negative Regulation of DNA Double Strand Break Response,0.337743307724089,1,44,2,3,MjAyNjA5MTMxMzA1MjlfMjMxMDA%3D
R-HSA-4641258,Degradation of DVL,0.337743307724089,1,44,4,7,MjAyNjA5MTMxMzA1MjlfMjMxMDA%3D
R-HSA-2173796,SMAD2/SMAD3:SMAD4 heterotrimer regulates transcription,0.337743307724089,1,44,2,24,MjAyNjA5MTMxMzA1MjlfMjMxMDA%3D
R-HSA-9762114,GSK3B and BTRC:CUL1-mediated-degradation of NFE2L2,0.337743307724089,1,44,2,4,MjAyNjA5MTMxMzA1MjlfMjMxMDA%3D
R-HSA-9013420,RHOU GTPase cycle,0.337743307724089,1,44,1,4,MjAyNjA5MTMxMzA1MjlfMjMxMDA%3D
R-HSA-202131,Metabolism of nitric oxide: NOS3 activation and regulation,0.3500504471178304,1,46,8,25,MjAyNjA5MTMxMzA1MjlfMjMxMDA%3D
R-HSA-71336,Pentose phosphate pathway,0.3500504471178304,1,46,4,20,MjAyNjA5MTMxMzA1MjlfMjMxMDA%3D
R-HSA-9648002,RAS processing,0.3500504471178304,1,46,1,21,MjAyNjA5MTMxMzA1MjlfMjMxMDA%3D
R-HSA-9929356,GSK3B-mediated proteasomal degradation of PD-L1(CD274),0.3500504471178304,1,46,3,7,MjAyNjA5MTMxMzA1MjlfMjMxMDA%3D
R-HSA-69541,Stabilization of p53,0.3500504471178304,1,46,4,15,MjAyNjA5MTMxMzA1MjlfMjMxMDA%3D
R-HSA-6806003,Regulation of TP53 Expression and Degradation,0.3500504471178304,1,46,7,35,MjAyNjA5MTMxMzA1MjlfMjMxMDA%3D
R-HSA-201556,Signaling by ALK,0.3500504471178304,1,46,2,42,MjAyNjA5MTMxMzA1MjlfMjMxMDA%3D
R-HSA-8982491,Glycogen metabolism,0.3561185415308562,1,47,2,38,MjAyNjA5MTMxMzA1MjlfMjMxMDA%3D
R-HSA-9854311,Maturation of TCA enzymes and regulation of TCA cycle,0.3561185415308562,1,47,1,10,MjAyNjA5MTMxMzA1MjlfMjMxMDA%3D
R-HSA-8941858,Regulation of RUNX3 expression and activity,0.3561185415308562,1,47,3,9,MjAyNjA5MTMxMzA1MjlfMjMxMDA%3D
R-HSA-9843743,Transcriptional regulation of brown and beige adipocyte differentiation,0.3561185415308562,1,47,13,14,MjAyNjA5MTMxMzA1MjlfMjMxMDA%3D
R-HSA-9844594,Transcriptional regulation of brown and beige adipocyte differentiation by EBF2,0.3561185415308562,1,47,13,14,MjAyNjA5MTMxMzA1MjlfMjMxMDA%3D
R-HSA-73886,Chromosome Maintenance,0.36029405044725515,2,135,8,38,MjAyNjA5MTMxMzA1MjlfMjMxMDA%3D
R-HSA-9640148,Infection with Enterobacteria,0.36193723619270457,3,229,4,82,MjAyNjA5MTMxMzA1MjlfMjMxMDA%3D
R-HSA-5676590,NIK-->noncanonical NF-kB signaling,0.36213035192942356,1,48,2,9,MjAyNjA5MTMxMzA1MjlfMjMxMDA%3D
R-HSA-73933,Resolution of Abasic Sites (AP sites),0.36213035192942356,1,48,5,43,MjAyNjA5MTMxMzA1MjlfMjMxMDA%3D
R-HSA-73817,Purine ribonucleoside monophosphate biosynthesis,0.36213035192942356,1,48,2,17,MjAyNjA5MTMxMzA1MjlfMjMxMDA%3D
R-HSA-9694548,Maturation of spike protein,0.36213035192942356,1,48,1,12,MjAyNjA5MTMxMzA1MjlfMjMxMDA%3D
R-HSA-9607240,FLT3 Signaling,0.36213035192942356,1,48,1,43,MjAyNjA5MTMxMzA1MjlfMjMxMDA%3D
R-HSA-9929491,SPOP-mediated proteasomal degradation of PD-L1(CD274),0.36213035192942356,1,48,2,6,MjAyNjA5MTMxMzA1MjlfMjMxMDA%3D
R-HSA-5218920,VEGFR2 mediated vascular permeability,0.36213035192942356,1,48,6,15,MjAyNjA5MTMxMzA1MjlfMjMxMDA%3D
R-HSA-3214841,PKMTs methylate histone lysines,0.36213035192942356,1,48,3,22,MjAyNjA5MTMxMzA1MjlfMjMxMDA%3D
R-HSA-9816359,Maternal to zygotic transition (MZT),0.36699534197080474,2,137,7,46,MjAyNjA5MTMxMzA1MjlfMjMxMDA%3D
R-HSA-9932298,Degradation of CRY and PER proteins,0.3680863969449505,1,49,6,9,MjAyNjA5MTMxMzA1MjlfMjMxMDA%3D
R-HSA-5610785,GLI3 is processed to GLI3R by the proteasome,0.3680863969449505,1,49,1,5,MjAyNjA5MTMxMzA1MjlfMjMxMDA%3D
R-HSA-5610783,Degradation of GLI2 by the proteasome,0.3680863969449505,1,49,1,5,MjAyNjA5MTMxMzA1MjlfMjMxMDA%3D
R-HSA-9968734,Differentiation of Circulating Monocytes,0.3680863969449505,1,49,2,2,MjAyNjA5MTMxMzA1MjlfMjMxMDA%3D
R-HSA-5610780,Degradation of GLI1 by the proteasome,0.3680863969449505,1,49,1,6,MjAyNjA5MTMxMzA1MjlfMjMxMDA%3D
R-HSA-9683701,Translation of Structural Proteins,0.3680863969449505,1,49,1,37,MjAyNjA5MTMxMzA1MjlfMjMxMDA%3D
R-HSA-9851695,Epigenetic regulation of adipogenesis genes by MLL3 and MLL4 complexes,0.37366976025442233,2,139,33,37,MjAyNjA5MTMxMzA1MjlfMjMxMDA%3D
R-HSA-9818564,Epigenetic regulation of gene expression by MLL3 and MLL4 complexes,0.37366976025442233,2,139,33,40,MjAyNjA5MTMxMzA1MjlfMjMxMDA%3D
R-HSA-9841922,MLL4 and MLL3 complexes regulate expression of PPARG target genes in adipogenesis and hepatic steatosis,0.37366976025442233,2,139,33,37,MjAyNjA5MTMxMzA1MjlfMjMxMDA%3D
R-HSA-379716,Cytosolic tRNA aminoacylation,0.3739871904614396,1,50,9,21,MjAyNjA5MTMxMzA1MjlfMjMxMDA%3D
R-HSA-8854214,TBC/RABGAPs,0.37983324165872057,1,51,2,14,MjAyNjA5MTMxMzA1MjlfMjMxMDA%3D
R-HSA-5654743,Signaling by FGFR4,0.37983324165872057,1,51,3,41,MjAyNjA5MTMxMzA1MjlfMjMxMDA%3D
R-HSA-187577,SCF(Skp2)-mediated degradation of p27/p21,0.38562505505514166,1,52,2,7,MjAyNjA5MTMxMzA1MjlfMjMxMDA%3D
R-HSA-69236,G1 Phase,0.38562505505514166,1,52,1,17,MjAyNjA5MTMxMzA1MjlfMjMxMDA%3D
R-HSA-69231,Cyclin D associated events in G1,0.38562505505514166,1,52,1,17,MjAyNjA5MTMxMzA1MjlfMjMxMDA%3D
R-HSA-3214858,RMTs methylate histone arginines,0.38562505505514166,1,52,4,22,MjAyNjA5MTMxMzA1MjlfMjMxMDA%3D
R-HSA-8864260,Transcriptional regulation by the AP-2 (TFAP2) family of transcription factors,0.38562505505514166,1,52,1,44,MjAyNjA5MTMxMzA1MjlfMjMxMDA%3D
R-HSA-69601,Ubiquitin-Mediated Degradation of Phosphorylated Cdc25A,0.3913631305500346,1,53,2,11,MjAyNjA5MTMxMzA1MjlfMjMxMDA%3D
R-HSA-6783310,Fanconi Anemia Pathway,0.3913631305500346,1,53,6,15,MjAyNjA5MTMxMzA1MjlfMjMxMDA%3D
R-HSA-69613,p53-Independent G1/S DNA Damage Checkpoint,0.3913631305500346,1,53,2,11,MjAyNjA5MTMxMzA1MjlfMjMxMDA%3D
R-HSA-5654741,Signaling by FGFR3,0.3913631305500346,1,53,3,43,MjAyNjA5MTMxMzA1MjlfMjMxMDA%3D
R-HSA-4608870,Asymmetric localization of PCP proteins,0.3913631305500346,1,53,1,7,MjAyNjA5MTMxMzA1MjlfMjMxMDA%3D
R-HSA-5607761,Dectin-1 mediated noncanonical NF-kB signaling,0.3913631305500346,1,53,2,9,MjAyNjA5MTMxMzA1MjlfMjMxMDA%3D
R-HSA-1474165,Reproduction,0.39680028084116237,2,146,8,44,MjAyNjA5MTMxMzA1MjlfMjMxMDA%3D
R-HSA-174084,Autodegradation of Cdh1 by Cdh1:APC/C,0.3970479634656906,1,54,2,2,MjAyNjA5MTMxMzA1MjlfMjMxMDA%3D
R-HSA-6781823,Formation of TC-NER Pre-Incision Complex,0.3970479634656906,1,54,3,7,MjAyNjA5MTMxMzA1MjlfMjMxMDA%3D
R-HSA-174154,APC/C:Cdc20 mediated degradation of Securin,0.4026800445889579,1,55,2,3,MjAyNjA5MTMxMzA1MjlfMjMxMDA%3D
R-HSA-3928665,EPH-ephrin mediated repulsion of cells,0.4026800445889579,1,55,1,9,MjAyNjA5MTMxMzA1MjlfMjMxMDA%3D
R-HSA-212165,Epigenetic regulation of gene expression,0.40399438964850687,4,345,69,118,MjAyNjA5MTMxMzA1MjlfMjMxMDA%3D
R-HSA-8878171,Transcriptional regulation by RUNX1,0.4048072015501498,3,246,25,132,MjAyNjA5MTMxMzA1MjlfMjMxMDA%3D
R-HSA-1430728,Metabolism,0.4074426355182277,37,3781,58,2380,MjAyNjA5MTMxMzA1MjlfMjMxMDA%3D
R-HSA-9725371,Nuclear events stimulated by ALK signaling in cancer,0.40825986021256633,1,56,4,32,MjAyNjA5MTMxMzA1MjlfMjMxMDA%3D
R-HSA-8963899,Plasma lipoprotein remodeling,0.40825986021256633,1,56,1,31,MjAyNjA5MTMxMzA1MjlfMjMxMDA%3D
R-HSA-69580,p53-Dependent G1/S DNA damage checkpoint,0.4137878921759245,1,57,4,22,MjAyNjA5MTMxMzA1MjlfMjMxMDA%3D
R-HSA-69563,p53-Dependent G1 DNA Damage Response,0.4137878921759245,1,57,4,22,MjAyNjA5MTMxMzA1MjlfMjMxMDA%3D
R-HSA-2122947,NOTCH1 Intracellular Domain Regulates Transcription,0.4137878921759245,1,57,1,18,MjAyNjA5MTMxMzA1MjlfMjMxMDA%3D
R-HSA-5658442,Regulation of RAS by GAPs,0.41926461790571146,1,58,1,5,MjAyNjA5MTMxMzA1MjlfMjMxMDA%3D
R-HSA-1234176,Oxygen-dependent proline hydroxylation of Hypoxia-inducible Factor Alpha,0.424690510455941,1,59,4,12,MjAyNjA5MTMxMzA1MjlfMjMxMDA%3D
R-HSA-9013409,RHOJ GTPase cycle,0.424690510455941,1,59,1,3,MjAyNjA5MTMxMzA1MjlfMjMxMDA%3D
R-HSA-1169091,Activation of NF-kappaB in B cells,0.424690510455941,1,59,2,10,MjAyNjA5MTMxMzA1MjlfMjMxMDA%3D
R-HSA-68949,Orc1 removal from chromatin,0.43006603854781156,1,60,2,4,MjAyNjA5MTMxMzA1MjlfMjMxMDA%3D
R-HSA-174184,Cdc20:Phospho-APC/C mediated degradation of Cyclin A,0.43006603854781156,1,60,2,3,MjAyNjA5MTMxMzA1MjlfMjMxMDA%3D
R-HSA-9634815,Transcriptional Regulation by NPAS4,0.43006603854781156,1,60,1,46,MjAyNjA5MTMxMzA1MjlfMjMxMDA%3D
R-HSA-9664422,FCGR3A-mediated phagocytosis,0.4323331133556745,2,157,12,27,MjAyNjA5MTMxMzA1MjlfMjMxMDA%3D
R-HSA-9664417,Leishmania phagocytosis,0.4323331133556745,2,157,12,27,MjAyNjA5MTMxMzA1MjlfMjMxMDA%3D
R-HSA-9664407,Parasite infection,0.4323331133556745,2,157,12,27,MjAyNjA5MTMxMzA1MjlfMjMxMDA%3D
R-HSA-179419,APC:Cdc20 mediated degradation of cell cycle proteins prior to satisfation of the cell cycle checkpoint,0.43539166660909956,1,61,4,6,MjAyNjA5MTMxMzA1MjlfMjMxMDA%3D
R-HSA-174178,APC/C:Cdh1 mediated degradation of Cdc20 and other APC/C:Cdh1 targeted proteins in late mitosis/early G1,0.43539166660909956,1,61,4,6,MjAyNjA5MTMxMzA1MjlfMjMxMDA%3D
R-HSA-8956320,Nucleotide biosynthesis,0.43539166660909956,1,61,2,24,MjAyNjA5MTMxMzA1MjlfMjMxMDA%3D
R-HSA-8948751,Regulation of PTEN stability and activity,0.43539166660909956,1,61,6,13,MjAyNjA5MTMxMzA1MjlfMjMxMDA%3D
R-HSA-69017,CDK-mediated phosphorylation and removal of Cdc6,0.44066785481319504,1,62,2,4,MjAyNjA5MTMxMzA1MjlfMjMxMDA%3D
R-HSA-4551638,SUMOylation of chromatin organization proteins,0.44066785481319504,1,62,2,15,MjAyNjA5MTMxMzA1MjlfMjMxMDA%3D
R-HSA-176409,APC/C:Cdc20 mediated degradation of mitotic proteins,0.4458950591178824,1,63,8,13,MjAyNjA5MTMxMzA1MjlfMjMxMDA%3D
R-HSA-9012852,Signaling by NOTCH3,0.4458950591178824,1,63,2,37,MjAyNjA5MTMxMzA1MjlfMjMxMDA%3D
R-HSA-9013406,RHOQ GTPase cycle,0.4458950591178824,1,63,1,5,MjAyNjA5MTMxMzA1MjlfMjMxMDA%3D
R-HSA-2871837,FCERI mediated NF-kB activation,0.44811805950662487,2,162,4,19,MjAyNjA5MTMxMzA1MjlfMjMxMDA%3D
R-HSA-165159,MTOR signalling,0.4510737313036264,1,64,1,33,MjAyNjA5MTMxMzA1MjlfMjMxMDA%3D
R-HSA-5654736,Signaling by FGFR1,0.4510737313036264,1,64,3,48,MjAyNjA5MTMxMzA1MjlfMjMxMDA%3D
R-HSA-177929,Signaling by EGFR,0.4510737313036264,1,64,6,50,MjAyNjA5MTMxMzA1MjlfMjMxMDA%3D
R-HSA-176814,Activation of APC/C and APC/C:Cdc20 mediated degradation of mitotic proteins,0.4510737313036264,1,64,8,15,MjAyNjA5MTMxMzA1MjlfMjMxMDA%3D
R-HSA-6782210,Gap-filling DNA repair synthesis and ligation in TC-NER,0.4510737313036264,1,64,2,2,MjAyNjA5MTMxMzA1MjlfMjMxMDA%3D
R-HSA-9772572,Early SARS-CoV-2 Infection Events,0.4562043190116545,1,65,1,74,MjAyNjA5MTMxMzA1MjlfMjMxMDA%3D
R-HSA-6782135,Dual incision in TC-NER,0.46128726578159995,1,66,7,7,MjAyNjA5MTMxMzA1MjlfMjMxMDA%3D
R-HSA-9033241,Peroxisomal protein import,0.4663230110888069,1,67,12,26,MjAyNjA5MTMxMzA1MjlfMjMxMDA%3D
R-HSA-194441,Metabolism of non-coding RNA,0.4663230110888069,1,67,5,6,MjAyNjA5MTMxMzA1MjlfMjMxMDA%3D
R-HSA-191859,snRNP Assembly,0.4663230110888069,1,67,5,6,MjAyNjA5MTMxMzA1MjlfMjMxMDA%3D
R-HSA-2644606,Constitutive Signaling by NOTCH1 PEST Domain Mutants,0.4713119903813884,1,68,2,21,MjAyNjA5MTMxMzA1MjlfMjMxMDA%3D
R-HSA-2894858,Signaling by NOTCH1 HD+PEST Domain Mutants in Cancer,0.4713119903813884,1,68,2,21,MjAyNjA5MTMxMzA1MjlfMjMxMDA%3D
R-HSA-379724,tRNA Aminoacylation,0.4713119903813884,1,68,9,42,MjAyNjA5MTMxMzA1MjlfMjMxMDA%3D
R-HSA-2644603,Signaling by NOTCH1 in Cancer,0.4713119903813884,1,68,6,39,MjAyNjA5MTMxMzA1MjlfMjMxMDA%3D
R-HSA-2894862,Constitutive Signaling by NOTCH1 HD+PEST Domain Mutants,0.4713119903813884,1,68,2,21,MjAyNjA5MTMxMzA1MjlfMjMxMDA%3D
R-HSA-2644602,Signaling by NOTCH1 PEST Domain Mutants in Cancer,0.4713119903813884,1,68,2,21,MjAyNjA5MTMxMzA1MjlfMjMxMDA%3D
R-HSA-446652,Interleukin-1 family signaling,0.4728566288506848,2,170,13,92,MjAyNjA5MTMxMzA1MjlfMjMxMDA%3D
R-HSA-9917777,Epigenetic regulation by WDR5-containing histone modifying complexes,0.47590244043113605,2,171,33,67,MjAyNjA5MTMxMzA1MjlfMjMxMDA%3D
R-HSA-450294,MAP kinase activation,0.476254635116813,1,69,4,32,MjAyNjA5MTMxMzA1MjlfMjMxMDA%3D
R-HSA-8939902,Regulation of RUNX2 expression and activity,0.476254635116813,1,69,7,29,MjAyNjA5MTMxMzA1MjlfMjMxMDA%3D
R-HSA-6784531,tRNA processing in the nucleus,0.48115137279829656,1,70,2,7,MjAyNjA5MTMxMzA1MjlfMjMxMDA%3D
R-HSA-176408,Regulation of APC/C activators between G1/S and early anaphase,0.48115137279829656,1,70,2,14,MjAyNjA5MTMxMzA1MjlfMjMxMDA%3D
R-HSA-9006927,Signaling by Non-Receptor Tyrosine Kinases,0.4860026270107747,1,71,1,53,MjAyNjA5MTMxMzA1MjlfMjMxMDA%3D
R-HSA-8848021,Signaling by PTK6,0.4860026270107747,1,71,1,53,MjAyNjA5MTMxMzA1MjlfMjMxMDA%3D
R-HSA-2426168,Activation of gene expression by SREBF (SREBP),0.4860026270107747,1,71,1,42,MjAyNjA5MTMxMzA1MjlfMjMxMDA%3D
R-HSA-69615,G1/S DNA Damage Checkpoints,0.4860026270107747,1,71,6,33,MjAyNjA5MTMxMzA1MjlfMjMxMDA%3D
R-HSA-6790901,rRNA modification in the nucleus and cytosol,0.4860026270107747,1,71,2,8,MjAyNjA5MTMxMzA1MjlfMjMxMDA%3D
R-HSA-6799198,Complex I biogenesis,0.4860026270107747,1,71,2,14,MjAyNjA5MTMxMzA1MjlfMjMxMDA%3D
R-HSA-5690714,CD22 mediated BCR regulation,0.4908088174565505,1,72,3,4,MjAyNjA5MTMxMzA1MjlfMjMxMDA%3D
R-HSA-168643,"Nucleotide-binding domain, leucine rich repeat containing receptor (NLR) signaling pathways",0.4908088174565505,1,72,5,46,MjAyNjA5MTMxMzA1MjlfMjMxMDA%3D
R-HSA-983705,Signaling by the B Cell Receptor (BCR),0.49097144244008595,2,176,16,45,MjAyNjA5MTMxMzA1MjlfMjMxMDA%3D
R-HSA-1234174,Cellular response to hypoxia,0.49557035999070753,1,73,4,20,MjAyNjA5MTMxMzA1MjlfMjMxMDA%3D
R-HSA-6782315,tRNA modification in the nucleus and cytosol,0.5002876666560726,1,74,1,38,MjAyNjA5MTMxMzA1MjlfMjMxMDA%3D
R-HSA-5685942,HDR through Homologous Recombination (HRR),0.5049611457179903,1,75,1,24,MjAyNjA5MTMxMzA1MjlfMjMxMDA%3D
R-HSA-9662360,Sensory processing of sound by inner hair cells of the cochlea,0.5095912016986981,1,76,1,7,MjAyNjA5MTMxMzA1MjlfMjMxMDA%3D
R-HSA-9925563,Developmental Lineage of Pancreatic Ductal Cells,0.5141782354113921,1,77,1,2,MjAyNjA5MTMxMzA1MjlfMjMxMDA%3D
R-HSA-195253,Degradation of beta-catenin by the destruction complex,0.5187226439940655,1,78,3,23,MjAyNjA5MTMxMzA1MjlfMjMxMDA%3D
R-HSA-1168372,Downstream signaling events of B Cell Receptor (BCR),0.5187226439940655,1,78,2,15,MjAyNjA5MTMxMzA1MjlfMjMxMDA%3D
R-HSA-448424,Interleukin-17 signaling,0.5187226439940655,1,78,4,35,MjAyNjA5MTMxMzA1MjlfMjMxMDA%3D
R-HSA-69202,Cyclin E associated events during G1/S transition ,0.5187226439940655,1,78,2,20,MjAyNjA5MTMxMzA1MjlfMjMxMDA%3D
R-HSA-453276,Regulation of mitotic cell cycle,0.5232248209429191,1,79,16,40,MjAyNjA5MTMxMzA1MjlfMjMxMDA%3D
R-HSA-5632684,Hedgehog 'on' state,0.5232248209429191,1,79,5,37,MjAyNjA5MTMxMzA1MjlfMjMxMDA%3D
R-HSA-174143,APC/C-mediated degradation of cell cycle proteins,0.5232248209429191,1,79,16,40,MjAyNjA5MTMxMzA1MjlfMjMxMDA%3D
R-HSA-69656,Cyclin A:Cdk2-associated events at S phase entry,0.5276851561455914,1,80,2,19,MjAyNjA5MTMxMzA1MjlfMjMxMDA%3D
R-HSA-8978934,Metabolism of cofactors,0.5276851561455914,1,80,2,34,MjAyNjA5MTMxMzA1MjlfMjMxMDA%3D
R-HSA-72306,tRNA processing,0.5288597663732761,2,189,3,57,MjAyNjA5MTMxMzA1MjlfMjMxMDA%3D
R-HSA-159236,Transport of Mature mRNA derived from an Intron-Containing Transcript,0.5321040359140065,1,81,2,4,MjAyNjA5MTMxMzA1MjlfMjMxMDA%3D
R-HSA-69052,Switching of origins to a post-replicative state,0.5321040359140065,1,81,4,10,MjAyNjA5MTMxMzA1MjlfMjMxMDA%3D
R-HSA-9924644,Developmental Lineages of the Mammary Gland,0.5321040359140065,1,81,2,8,MjAyNjA5MTMxMzA1MjlfMjMxMDA%3D
R-HSA-5663084,Diseases of carbohydrate metabolism,0.5321040359140065,1,81,1,44,MjAyNjA5MTMxMzA1MjlfMjMxMDA%3D
R-HSA-3108214,SUMOylation of DNA damage response and repair proteins,0.5321040359140065,1,81,2,24,MjAyNjA5MTMxMzA1MjlfMjMxMDA%3D
R-HSA-74160,Gene expression (Transcription),0.5350139568685173,18,1922,145,1139,MjAyNjA5MTMxMzA1MjlfMjMxMDA%3D
R-HSA-1236394,Signaling by ERBB4,0.5364818430169256,1,82,2,52,MjAyNjA5MTMxMzA1MjlfMjMxMDA%3D
R-HSA-9662851,Anti-inflammatory response favouring Leishmania parasite infection,0.5373304886907059,2,192,10,40,MjAyNjA5MTMxMzA1MjlfMjMxMDA%3D
R-HSA-9664433,Leishmania parasite growth and survival,0.5373304886907059,2,192,10,40,MjAyNjA5MTMxMzA1MjlfMjMxMDA%3D
R-HSA-6781827,Transcription-Coupled Nucleotide Excision Repair (TC-NER),0.5408189567122835,1,83,13,17,MjAyNjA5MTMxMzA1MjlfMjMxMDA%3D
R-HSA-1169408,ISG15 antiviral mechanism,0.5408189567122835,1,83,1,16,MjAyNjA5MTMxMzA1MjlfMjMxMDA%3D
R-HSA-5689603,UCH proteinases,0.5451157527791136,1,84,4,11,MjAyNjA5MTMxMzA1MjlfMjMxMDA%3D
R-HSA-1980143,Signaling by NOTCH1,0.5451157527791136,1,84,6,39,MjAyNjA5MTMxMzA1MjlfMjMxMDA%3D
R-HSA-9006934,Signaling by Receptor Tyrosine Kinases,0.546019949794389,6,634,55,759,MjAyNjA5MTMxMzA1MjlfMjMxMDA%3D
R-HSA-9024446,NR1H2 and NR1H3-mediated signaling,0.5493726035493017,1,85,1,60,MjAyNjA5MTMxMzA1MjlfMjMxMDA%3D
R-HSA-6806834,Signaling by MET,0.5619071563489062,1,88,3,51,MjAyNjA5MTMxMzA1MjlfMjMxMDA%3D
R-HSA-72202,Transport of Mature Transcript to Cytoplasm,0.5700704721984985,1,90,2,13,MjAyNjA5MTMxMzA1MjlfMjMxMDA%3D
R-HSA-5668541,TNFR2 non-canonical NF-kB pathway,0.5740952810389977,1,91,5,44,MjAyNjA5MTMxMzA1MjlfMjMxMDA%3D
R-HSA-9013404,RAC2 GTPase cycle,0.5780826569883055,1,92,1,10,MjAyNjA5MTMxMzA1MjlfMjMxMDA%3D
R-HSA-141424,Amplification of signal from the kinetochores,0.5859464904859961,1,94,4,4,MjAyNjA5MTMxMzA1MjlfMjMxMDA%3D
R-HSA-141444,Amplification  of signal from unattached  kinetochores via a MAD2  inhibitory signal,0.5859464904859961,1,94,4,4,MjAyNjA5MTMxMzA1MjlfMjMxMDA%3D
R-HSA-381038,XBP1(S) activates chaperone genes,0.589823630263415,1,95,1,47,MjAyNjA5MTMxMzA1MjlfMjMxMDA%3D
R-HSA-6804756,Regulation of TP53 Activity through Phosphorylation,0.5936647016653392,1,96,1,26,MjAyNjA5MTMxMzA1MjlfMjMxMDA%3D
R-HSA-173623,Classical antibody-mediated complement activation,0.5974700380282182,1,97,2,2,MjAyNjA5MTMxMzA1MjlfMjMxMDA%3D
R-HSA-112310,Neurotransmitter release cycle,0.6049748237091375,1,99,2,37,MjAyNjA5MTMxMzA1MjlfMjMxMDA%3D
R-HSA-202424,Downstream TCR signaling,0.6049748237091375,1,99,3,24,MjAyNjA5MTMxMzA1MjlfMjMxMDA%3D
R-HSA-9013423,RAC3 GTPase cycle,0.6086749245100572,1,100,1,6,MjAyNjA5MTMxMzA1MjlfMjMxMDA%3D
R-HSA-2454202,Fc epsilon receptor (FCERI) signaling,0.6162124734221449,2,222,17,65,MjAyNjA5MTMxMzA1MjlfMjMxMDA%3D
R-HSA-8957322,Metabolism of steroids,0.6165649301512094,3,339,4,245,MjAyNjA5MTMxMzA1MjlfMjMxMDA%3D
R-HSA-9734767,Developmental Cell Lineages,0.6185544344004612,3,340,5,26,MjAyNjA5MTMxMzA1MjlfMjMxMDA%3D
R-HSA-2029481,FCGR activation,0.6195699051267218,1,103,6,6,MjAyNjA5MTMxMzA1MjlfMjMxMDA%3D
R-HSA-983695,Antigen activates B Cell Receptor (BCR) leading to generation of second messengers,0.6195699051267218,1,103,11,26,MjAyNjA5MTMxMzA1MjlfMjMxMDA%3D
R-HSA-2730905,Role of LAT2/NTAL/LAB on calcium mobilization,0.6336291559171334,1,107,2,7,MjAyNjA5MTMxMzA1MjlfMjMxMDA%3D
R-HSA-5607764,CLEC7A (Dectin-1) signaling,0.6336291559171334,1,107,6,45,MjAyNjA5MTMxMzA1MjlfMjMxMDA%3D
R-HSA-8878159,Transcriptional regulation by RUNX3,0.6370625514496451,1,108,3,47,MjAyNjA5MTMxMzA1MjlfMjMxMDA%3D
R-HSA-9614085,FOXO-mediated transcription,0.6438337404756789,1,110,3,85,MjAyNjA5MTMxMzA1MjlfMjMxMDA%3D
R-HSA-69618,Mitotic Spindle Checkpoint,0.6471721225706883,1,111,4,7,MjAyNjA5MTMxMzA1MjlfMjMxMDA%3D
R-HSA-8951664,Neddylation,0.6606484993630606,2,241,10,44,MjAyNjA5MTMxMzA1MjlfMjMxMDA%3D
R-HSA-9833110,RSV-host interactions,0.66340343951149,1,116,2,27,MjAyNjA5MTMxMzA1MjlfMjMxMDA%3D
R-HSA-166786,Creation of C4 and C2 activators,0.6696862809404407,1,118,2,8,MjAyNjA5MTMxMzA1MjlfMjMxMDA%3D
R-HSA-69239,Synthesis of DNA,0.6727838726751141,1,119,4,27,MjAyNjA5MTMxMzA1MjlfMjMxMDA%3D
R-HSA-2672351,Stimuli-sensing channels,0.6758526053673369,1,120,1,33,MjAyNjA5MTMxMzA1MjlfMjMxMDA%3D
R-HSA-202403,TCR signaling,0.6819045595855264,1,122,3,52,MjAyNjA5MTMxMzA1MjlfMjMxMDA%3D
R-HSA-9734779,Developmental Cell Lineages of the Integumentary System,0.6819045595855264,1,122,2,12,MjAyNjA5MTMxMzA1MjlfMjMxMDA%3D
R-HSA-6803157,Antimicrobial peptides,0.6848883079748754,1,123,2,58,MjAyNjA5MTMxMzA1MjlfMjMxMDA%3D
R-HSA-2871796,FCERI mediated MAPK activation,0.6878442510931619,1,124,2,20,MjAyNjA5MTMxMzA1MjlfMjMxMDA%3D
R-HSA-3247509,Chromatin modifying enzymes,0.6886284343354441,2,254,24,85,MjAyNjA5MTMxMzA1MjlfMjMxMDA%3D
R-HSA-166663,Initial triggering of complement,0.6965478111527753,1,127,4,21,MjAyNjA5MTMxMzA1MjlfMjMxMDA%3D
R-HSA-2871809,FCERI mediated Ca+2 mobilization,0.7022158147261508,1,129,2,11,MjAyNjA5MTMxMzA1MjlfMjMxMDA%3D
R-HSA-909733,Interferon alpha/beta signaling,0.7022158147261508,1,129,1,25,MjAyNjA5MTMxMzA1MjlfMjMxMDA%3D
R-HSA-4420097,VEGFA-VEGFR2 Pathway,0.7050102498208989,1,130,17,79,MjAyNjA5MTMxMzA1MjlfMjMxMDA%3D
R-HSA-4839726,Chromatin organization,0.7074500540735985,3,389,41,150,MjAyNjA5MTMxMzA1MjlfMjMxMDA%3D
R-HSA-2029485,Role of phospholipids in phagocytosis,0.7077786325828158,1,131,5,12,MjAyNjA5MTMxMzA1MjlfMjMxMDA%3D
R-HSA-2980736,Peptide hormone metabolism,0.7077786325828158,1,131,2,67,MjAyNjA5MTMxMzA1MjlfMjMxMDA%3D
R-HSA-73857,RNA Polymerase II Transcription,0.712661262818174,14,1678,69,939,MjAyNjA5MTMxMzA1MjlfMjMxMDA%3D
R-HSA-8878166,Transcriptional regulation by RUNX2,0.7132382040504568,1,133,7,81,MjAyNjA5MTMxMzA1MjlfMjMxMDA%3D
R-HSA-5619115,Disorders of transmembrane transporters,0.7146990611811452,2,267,4,87,MjAyNjA5MTMxMzA1MjlfMjMxMDA%3D
R-HSA-977606,Regulation of Complement cascade,0.7290163044366065,1,139,3,44,MjAyNjA5MTMxMzA1MjlfMjMxMDA%3D
R-HSA-69206,G1/S Transition,0.7315608120918461,1,140,2,61,MjAyNjA5MTMxMzA1MjlfMjMxMDA%3D
R-HSA-9664323,FCGR3A-mediated IL10 synthesis,0.7340815828157996,1,141,9,20,MjAyNjA5MTMxMzA1MjlfMjMxMDA%3D
R-HSA-194138,Signaling by VEGF,0.7340815828157996,1,141,17,86,MjAyNjA5MTMxMzA1MjlfMjMxMDA%3D
R-HSA-187037,Signaling by NTRK1 (TRKA),0.7390527913714422,1,143,3,102,MjAyNjA5MTMxMzA1MjlfMjMxMDA%3D
R-HSA-9843745,Adipogenesis,0.7487199098452919,1,147,13,33,MjAyNjA5MTMxMzA1MjlfMjMxMDA%3D
R-HSA-9909396,Circadian clock,0.7510805694130059,1,148,6,78,MjAyNjA5MTMxMzA1MjlfMjMxMDA%3D
R-HSA-6807070,PTEN Regulation,0.769189592024666,1,156,8,56,MjAyNjA5MTMxMzA1MjlfMjMxMDA%3D
R-HSA-9658195,Leishmania infection,0.7743739132108828,2,301,18,95,MjAyNjA5MTMxMzA1MjlfMjMxMDA%3D
R-HSA-9824443,Parasitic Infection Pathways,0.7743739132108828,2,301,18,95,MjAyNjA5MTMxMzA1MjlfMjMxMDA%3D
R-HSA-9013148,CDC42 GTPase cycle,0.7756376883217787,1,159,1,6,MjAyNjA5MTMxMzA1MjlfMjMxMDA%3D
R-HSA-166658,Complement cascade,0.7839575832588423,1,163,7,75,MjAyNjA5MTMxMzA1MjlfMjMxMDA%3D
R-HSA-453279,Mitotic G1 phase and G1/S transition,0.7859892103329752,1,164,3,101,MjAyNjA5MTMxMzA1MjlfMjMxMDA%3D
R-HSA-166520,Signaling by NTRKs,0.7899956989403618,1,166,3,164,MjAyNjA5MTMxMzA1MjlfMjMxMDA%3D
R-HSA-69242,S Phase,0.7899956989403618,1,166,8,55,MjAyNjA5MTMxMzA1MjlfMjMxMDA%3D
R-HSA-9820448,Developmental Cell Lineages of the Exocrine Pancreas,0.7977864900300056,1,170,1,10,MjAyNjA5MTMxMzA1MjlfMjMxMDA%3D
R-HSA-212436,Generic Transcription Pathway,0.8095812694212673,12,1574,66,879,MjAyNjA5MTMxMzA1MjlfMjMxMDA%3D
R-HSA-9938024,Somatic hypermutation of immunoglobulin genes,0.8125170110043247,1,178,7,28,MjAyNjA5MTMxMzA1MjlfMjMxMDA%3D
R-HSA-5633007,Regulation of TP53 Activity,0.8142817075979956,1,179,9,97,MjAyNjA5MTMxMzA1MjlfMjMxMDA%3D
R-HSA-5621481,C-type lectin receptors (CLRs),0.8326372696478335,1,190,6,68,MjAyNjA5MTMxMzA1MjlfMjMxMDA%3D
R-HSA-9013149,RAC1 GTPase cycle,0.8342137543894395,1,191,1,6,MjAyNjA5MTMxMzA1MjlfMjMxMDA%3D
R-HSA-983712,Ion channel transport,0.8575214205585782,1,207,1,51,MjAyNjA5MTMxMzA1MjlfMjMxMDA%3D
R-HSA-196854,Metabolism of vitamins and cofactors,0.8718332719795427,2,379,3,213,MjAyNjA5MTMxMzA1MjlfMjMxMDA%3D
R-HSA-425407,SLC-mediated transmembrane transport,0.903049565866211,2,416,1,193,MjAyNjA5MTMxMzA1MjlfMjMxMDA%3D
R-HSA-198933,Immunoregulatory interactions between a Lymphoid and a non-Lymphoid cell,0.9043434492932314,1,249,1,44,MjAyNjA5MTMxMzA1MjlfMjMxMDA%3D
R-HSA-196849,Metabolism of water-soluble vitamins and cofactors,0.9052477992791772,1,250,1,146,MjAyNjA5MTMxMzA1MjlfMjMxMDA%3D
R-HSA-15869,Metabolism of nucleotides,0.911344801015505,1,257,2,143,MjAyNjA5MTMxMzA1MjlfMjMxMDA%3D
R-HSA-202733,Cell surface interactions at the vascular wall,0.911344801015505,1,257,1,65,MjAyNjA5MTMxMzA1MjlfMjMxMDA%3D
R-HSA-8978868,Fatty acid metabolism,0.9122311275684905,2,429,5,232,MjAyNjA5MTMxMzA1MjlfMjMxMDA%3D
R-HSA-1257604,PIP3 activates AKT signaling,0.9489632421773957,1,315,8,89,MjAyNjA5MTMxMzA1MjlfMjMxMDA%3D
R-HSA-9006925,Intracellular signaling by second messengers,0.9677336820977377,1,363,8,117,MjAyNjA5MTMxMzA1MjlfMjMxMDA%3D
R-HSA-5668914,Diseases of metabolism,0.987401755442962,1,461,1,209,MjAyNjA5MTMxMzA1MjlfMjMxMDA%3D
R-HSA-556833,Metabolism of lipids,0.9997060629626381,4,1502,9,987,MjAyNjA5MTMxMzA1MjlfMjMxMDA%3D
R-HSA-9709957,Sensory Perception,0.999930171993638,2,1252,2,138,MjAyNjA5MTMxMzA1MjlfMjMxMDA%3D
