stId,name,FDR,entities_found,entities_tot,reactions_found,reactions_tot,token
R-HSA-2559586,DNA Damage/Telomere Stress Induced Senescence,7.526868017748711e-11,11,70,2,18,MjAyNjA5MTMxMzA2MDZfMjMxMDU%3D
R-HSA-2559583,Cellular Senescence,6.77951339511651e-09,13,199,11,90,MjAyNjA5MTMxMzA2MDZfMjMxMDU%3D
R-HSA-2262752,Cellular responses to stress,6.77951339511651e-09,25,1039,42,521,MjAyNjA5MTMxMzA2MDZfMjMxMDU%3D
R-HSA-8953897,Cellular responses to stimuli,7.23391613277613e-09,26,1166,45,613,MjAyNjA5MTMxMzA2MDZfMjMxMDU%3D
R-HSA-109582,Hemostasis,9.20432519091463e-09,22,821,56,366,MjAyNjA5MTMxMzA2MDZfMjMxMDU%3D
R-HSA-195258,RHO GTPase Effectors,1.1860390625173522e-07,14,325,32,113,MjAyNjA5MTMxMzA2MDZfMjMxMDU%3D
R-HSA-114608,Platelet degranulation ,3.410858206986944e-07,10,142,5,11,MjAyNjA5MTMxMzA2MDZfMjMxMDU%3D
R-HSA-9764274,Regulation of Expression and Function of Type I Classical Cadherins,3.410858206986944e-07,11,192,11,92,MjAyNjA5MTMxMzA2MDZfMjMxMDU%3D
R-HSA-9764265,Regulation of CDH1 Expression and Function,3.410858206986944e-07,11,192,11,92,MjAyNjA5MTMxMzA2MDZfMjMxMDU%3D
R-HSA-76005,Response to elevated platelet cytosolic Ca2+,3.8144778335968965e-07,10,149,5,14,MjAyNjA5MTMxMzA2MDZfMjMxMDU%3D
R-HSA-9670095,Inhibition of DNA recombination at telomere,4.0228344655446335e-07,7,47,3,4,MjAyNjA5MTMxMzA2MDZfMjMxMDU%3D
R-HSA-5663205,Infectious disease,4.470055527949768e-07,30,1965,127,1227,MjAyNjA5MTMxMzA2MDZfMjMxMDU%3D
R-HSA-140342,Apoptosis induced DNA fragmentation,5.693238755988261e-07,5,13,2,12,MjAyNjA5MTMxMzA2MDZfMjMxMDU%3D
R-HSA-9759476,Regulation of Homotypic Cell-Cell Adhesion,6.984602403115048e-07,11,215,11,125,MjAyNjA5MTMxMzA2MDZfMjMxMDU%3D
R-HSA-2299718,Condensation of Prophase Chromosomes,7.585100527673916e-07,7,54,8,10,MjAyNjA5MTMxMzA2MDZfMjMxMDU%3D
R-HSA-977225,Amyloid fiber formation,1.0243017598554616e-06,8,89,8,33,MjAyNjA5MTMxMzA2MDZfMjMxMDU%3D
R-HSA-171306,Packaging Of Telomere Ends,1.0743962564063736e-06,6,33,2,2,MjAyNjA5MTMxMzA2MDZfMjMxMDU%3D
R-HSA-912446,Meiotic recombination,1.08917570473821e-06,7,59,4,10,MjAyNjA5MTMxMzA2MDZfMjMxMDU%3D
R-HSA-5334118,DNA methylation,1.1284848283610316e-06,6,35,7,7,MjAyNjA5MTMxMzA2MDZfMjMxMDU%3D
R-HSA-5250924,B-WICH complex positively regulates rRNA expression,1.1284848283610316e-06,7,61,2,3,MjAyNjA5MTMxMzA2MDZfMjMxMDU%3D
R-HSA-73728,RNA Polymerase I Promoter Opening,1.1284848283610316e-06,6,35,1,3,MjAyNjA5MTMxMzA2MDZfMjMxMDU%3D
R-HSA-76002,"Platelet activation, signaling and aggregation",1.1284848283610316e-06,12,294,33,119,MjAyNjA5MTMxMzA2MDZfMjMxMDU%3D
R-HSA-2559584,Formation of Senescence-Associated Heterochromatin Foci (SAHF),1.138775435616246e-06,5,17,1,2,MjAyNjA5MTMxMzA2MDZfMjMxMDU%3D
R-HSA-1643685,Disease,1.138775435616246e-06,37,3093,187,2176,MjAyNjA5MTMxMzA2MDZfMjMxMDU%3D
R-HSA-168249,Innate Immune System,1.1473723091626198e-06,24,1387,134,782,MjAyNjA5MTMxMzA2MDZfMjMxMDU%3D
R-HSA-9645723,Diseases of programmed cell death,1.1473723091626198e-06,8,97,3,37,MjAyNjA5MTMxMzA2MDZfMjMxMDU%3D
R-HSA-110330,Recognition and association of DNA glycosylase with site containing an affected purine,1.4823671312669262e-06,6,38,2,10,MjAyNjA5MTMxMzA2MDZfMjMxMDU%3D
R-HSA-9764725,Negative Regulation of CDH1 Gene Transcription,1.6385524104212124e-06,7,68,5,42,MjAyNjA5MTMxMzA2MDZfMjMxMDU%3D
R-HSA-194315,Signaling by Rho GTPases,1.6385524104212124e-06,17,708,37,203,MjAyNjA5MTMxMzA2MDZfMjMxMDU%3D
R-HSA-68616,Assembly of the ORC complex at the origin of replication,1.6385524104212124e-06,6,39,2,11,MjAyNjA5MTMxMzA2MDZfMjMxMDU%3D
R-HSA-201722,Formation of the beta-catenin:TCF transactivating complex,1.6385524104212124e-06,7,68,2,13,MjAyNjA5MTMxMzA2MDZfMjMxMDU%3D
R-HSA-9845323,Regulation of endogenous retroelements by Piwi-interacting RNAs (piRNAs),1.6385524104212124e-06,7,68,2,2,MjAyNjA5MTMxMzA2MDZfMjMxMDU%3D
R-HSA-9843970,Regulation of endogenous retroelements by the Human Silencing Hub (HUSH) complex,1.8491320279423462e-06,6,41,5,8,MjAyNjA5MTMxMzA2MDZfMjMxMDU%3D
R-HSA-110328,Recognition and association of DNA glycosylase with site containing an affected pyrimidine,1.8491320279423462e-06,6,41,1,21,MjAyNjA5MTMxMzA2MDZfMjMxMDU%3D
R-HSA-9716542,"Signaling by Rho GTPases, Miro GTPases and RHOBTB3",1.938445156168811e-06,17,724,37,212,MjAyNjA5MTMxMzA2MDZfMjMxMDU%3D
R-HSA-446728,Cell junction organization,1.938445156168811e-06,12,327,17,185,MjAyNjA5MTMxMzA2MDZfMjMxMDU%3D
R-HSA-9970672,FXIIa activates plasma kallikrein-kinin system,1.9764362420016113e-06,6,42,2,18,MjAyNjA5MTMxMzA2MDZfMjMxMDU%3D
R-HSA-1280218,Adaptive Immune System,2.0864964209721393e-06,22,1237,72,361,MjAyNjA5MTMxMzA2MDZfMjMxMDU%3D
R-HSA-418990,Adherens junctions interactions,2.0864964209721393e-06,11,267,16,164,MjAyNjA5MTMxMzA2MDZfMjMxMDU%3D
R-HSA-5653656,Vesicle-mediated transport,2.293357228899673e-06,18,833,60,254,MjAyNjA5MTMxMzA2MDZfMjMxMDU%3D
R-HSA-110331,Cleavage of the damaged purine,2.293357228899673e-06,6,44,2,9,MjAyNjA5MTMxMzA2MDZfMjMxMDU%3D
R-HSA-427359,SIRT1 negatively regulates rRNA expression,2.293357228899673e-06,6,44,3,5,MjAyNjA5MTMxMzA2MDZfMjMxMDU%3D
R-HSA-73927,Depurination,2.500533650362513e-06,6,45,4,19,MjAyNjA5MTMxMzA2MDZfMjMxMDU%3D
R-HSA-212300,PRC2 methylates histones and DNA,2.7127414498062663e-06,6,46,4,4,MjAyNjA5MTMxMzA2MDZfMjMxMDU%3D
R-HSA-5578749,Transcriptional regulation by small RNAs,2.7127414498062663e-06,6,46,1,5,MjAyNjA5MTMxMzA2MDZfMjMxMDU%3D
R-HSA-5250913,Positive epigenetic regulation of rRNA expression,2.8389406663276162e-06,7,79,4,7,MjAyNjA5MTMxMzA2MDZfMjMxMDU%3D
R-HSA-427389,ERCC6 (CSB) and EHMT2 (G9a) positively regulate rRNA expression,2.8389406663276162e-06,6,47,2,4,MjAyNjA5MTMxMzA2MDZfMjMxMDU%3D
R-HSA-9764560,Regulation of CDH1 Gene Transcription,2.8389406663276162e-06,7,78,5,56,MjAyNjA5MTMxMzA2MDZfMjMxMDU%3D
R-HSA-5625740,RHO GTPases activate PKNs,2.8389406663276162e-06,7,79,9,20,MjAyNjA5MTMxMzA2MDZfMjMxMDU%3D
R-HSA-5625886,Activated PKN1 stimulates transcription of AR (androgen receptor) regulated genes KLK2 and KLK3,3.1438199035171976e-06,6,48,8,11,MjAyNjA5MTMxMzA2MDZfMjMxMDU%3D
R-HSA-9821002,Chromatin modifications during the maternal to zygotic transition (MZT),3.1438199035171976e-06,6,48,11,12,MjAyNjA5MTMxMzA2MDZfMjMxMDU%3D
R-HSA-2173782,Binding and Uptake of Ligands by Scavenger Receptors,3.5344620510358027e-06,9,172,12,35,MjAyNjA5MTMxMzA2MDZfMjMxMDU%3D
R-HSA-110329,Cleavage of the damaged pyrimidine ,3.775408004225156e-06,6,50,1,20,MjAyNjA5MTMxMzA2MDZfMjMxMDU%3D
R-HSA-73928,Depyrimidination,3.775408004225156e-06,6,50,2,41,MjAyNjA5MTMxMzA2MDZfMjMxMDU%3D
R-HSA-9710421,Defective pyroptosis,3.999896762030275e-06,6,51,1,3,MjAyNjA5MTMxMzA2MDZfMjMxMDU%3D
R-HSA-1500931,Cell-Cell communication,4.087194085067303e-06,12,365,17,208,MjAyNjA5MTMxMzA2MDZfMjMxMDU%3D
R-HSA-421270,Cell-cell junction organization,4.679044760980133e-06,11,300,16,169,MjAyNjA5MTMxMzA2MDZfMjMxMDU%3D
R-HSA-75153,Apoptotic execution phase,5.243049962189161e-06,6,54,5,57,MjAyNjA5MTMxMzA2MDZfMjMxMDU%3D
R-HSA-2559582,Senescence-Associated Secretory Phenotype (SASP),5.7025555122436344e-06,7,90,3,22,MjAyNjA5MTMxMzA2MDZfMjMxMDU%3D
R-HSA-68875,Mitotic Prophase,5.846232633999193e-06,8,134,9,34,MjAyNjA5MTMxMzA2MDZfMjMxMDU%3D
R-HSA-8939236,RUNX1 regulates transcription of genes involved in differentiation of HSCs,6.598966413307039e-06,7,92,5,15,MjAyNjA5MTMxMzA2MDZfMjMxMDU%3D
R-HSA-1500620,Meiosis,6.6467242443302155e-06,7,93,8,16,MjAyNjA5MTMxMzA2MDZfMjMxMDU%3D
R-HSA-9821993,Replacement of protamines by nucleosomes in the male pronucleus,6.889184079872379e-06,5,30,2,6,MjAyNjA5MTMxMzA2MDZfMjMxMDU%3D
R-HSA-1221632,Meiotic synapsis,9.276053356988001e-06,6,61,4,6,MjAyNjA5MTMxMzA2MDZfMjMxMDU%3D
R-HSA-9940465,ChAHP complex assembly,9.276053356988001e-06,5,32,1,4,MjAyNjA5MTMxMzA2MDZfMjMxMDU%3D
R-HSA-73772,RNA Polymerase I Promoter Escape,1.0116999307752117e-05,6,62,1,2,MjAyNjA5MTMxMzA2MDZfMjMxMDU%3D
R-HSA-168256,Immune System,1.0116999307752117e-05,34,3033,227,1895,MjAyNjA5MTMxMzA2MDZfMjMxMDU%3D
R-HSA-9824446,Viral Infection Pathways,1.0116999307752117e-05,22,1407,87,899,MjAyNjA5MTMxMzA2MDZfMjMxMDU%3D
R-HSA-73929,"Base-Excision Repair, AP Site Formation",1.0116999307752117e-05,6,62,6,64,MjAyNjA5MTMxMzA2MDZfMjMxMDU%3D
R-HSA-3214815,HDACs deacetylate histones,1.037191552522021e-05,6,63,4,5,MjAyNjA5MTMxMzA2MDZfMjMxMDU%3D
R-HSA-9839923,Dengue Virus Infection,1.0849290095760189e-05,12,411,9,142,MjAyNjA5MTMxMzA2MDZfMjMxMDU%3D
R-HSA-68867,Assembly of the pre-replicative complex,1.1321060504276836e-05,7,103,4,23,MjAyNjA5MTMxMzA2MDZfMjMxMDU%3D
R-HSA-9940951,Interaction of NuRD complexes with transcription factors,1.1355432113391295e-05,6,64,8,11,MjAyNjA5MTMxMzA2MDZfMjMxMDU%3D
R-HSA-5626467,RHO GTPases activate IQGAPs,1.3401763316434057e-05,5,36,3,5,MjAyNjA5MTMxMzA2MDZfMjMxMDU%3D
R-HSA-157579,Telomere Maintenance,1.4279246706383475e-05,7,108,5,34,MjAyNjA5MTMxMzA2MDZfMjMxMDU%3D
R-HSA-5693565,Recruitment and ATM-mediated phosphorylation of repair and signaling proteins at DNA double strand breaks,1.4847329012912525e-05,6,68,30,41,MjAyNjA5MTMxMzA2MDZfMjMxMDU%3D
R-HSA-3214847,HATs acetylate histones,1.6109341969716695e-05,7,110,10,15,MjAyNjA5MTMxMzA2MDZfMjMxMDU%3D
R-HSA-9616222,Transcriptional regulation of granulopoiesis,1.7530729971682035e-05,6,70,1,27,MjAyNjA5MTMxMzA2MDZfMjMxMDU%3D
R-HSA-9842860,Regulation of endogenous retroelements,1.92204381264105e-05,7,113,14,17,MjAyNjA5MTMxMzA2MDZfMjMxMDU%3D
R-HSA-2559580,Oxidative Stress Induced Senescence,1.92204381264105e-05,7,113,6,40,MjAyNjA5MTMxMzA2MDZfMjMxMDU%3D
R-HSA-9937850,NuRD complex assembly,2.208248773882815e-05,6,74,10,21,MjAyNjA5MTMxMzA2MDZfMjMxMDU%3D
R-HSA-9909649,Regulation of PD-L1(CD274) transcription,2.208248773882815e-05,6,74,7,18,MjAyNjA5MTMxMzA2MDZfMjMxMDU%3D
R-HSA-9943962,"CHD6, CHD7, CHD8, CHD9 subfamily",2.3841524435463946e-05,6,75,1,14,MjAyNjA5MTMxMzA2MDZfMjMxMDU%3D
R-HSA-8936459,RUNX1 regulates genes involved in megakaryocyte differentiation and platelet function,2.5713240497271528e-05,6,76,20,33,MjAyNjA5MTMxMzA2MDZfMjMxMDU%3D
R-HSA-9843940,Regulation of endogenous retroelements by KRAB-ZFP proteins,2.7106159825596166e-05,6,78,7,7,MjAyNjA5MTMxMzA2MDZfMjMxMDU%3D
R-HSA-9943411,CHD1 and CHD2 subfamily,2.7106159825596166e-05,6,78,5,5,MjAyNjA5MTMxMzA2MDZfMjMxMDU%3D
R-HSA-9943965,"CHD3, CHD4, CHD5 subfamily",2.7106159825596166e-05,6,78,11,25,MjAyNjA5MTMxMzA2MDZfMjMxMDU%3D
R-HSA-69002,DNA Replication Pre-Initiation,2.7106159825596166e-05,7,121,4,32,MjAyNjA5MTMxMzA2MDZfMjMxMDU%3D
R-HSA-427413,NoRC negatively regulates rRNA expression,2.9145527143947803e-05,6,79,3,7,MjAyNjA5MTMxMzA2MDZfMjMxMDU%3D
R-HSA-1445148,Translocation of SLC2A4 (GLUT4) to the plasma membrane,3.3599872432121813e-05,6,81,3,15,MjAyNjA5MTMxMzA2MDZfMjMxMDU%3D
R-HSA-3000171,Non-integrin membrane-ECM interactions,3.8593525032437626e-05,6,83,5,33,MjAyNjA5MTMxMzA2MDZfMjMxMDU%3D
R-HSA-195721,Signaling by WNT,4.103982587544408e-05,10,320,26,157,MjAyNjA5MTMxMzA2MDZfMjMxMDU%3D
R-HSA-211000,Gene Silencing by RNA,4.417515245158654e-05,6,85,1,40,MjAyNjA5MTMxMzA2MDZfMjMxMDU%3D
R-HSA-68886,M Phase,4.720804145152968e-05,11,403,24,96,MjAyNjA5MTMxMzA2MDZfMjMxMDU%3D
R-HSA-5250941,Negative epigenetic regulation of rRNA expression,4.838730057732388e-05,6,88,6,12,MjAyNjA5MTMxMzA2MDZfMjMxMDU%3D
R-HSA-73886,Chromosome Maintenance,4.838730057732388e-05,7,135,8,38,MjAyNjA5MTMxMzA2MDZfMjMxMDU%3D
R-HSA-73864,RNA Polymerase I Transcription,4.838730057732388e-05,6,87,2,14,MjAyNjA5MTMxMzA2MDZfMjMxMDU%3D
R-HSA-9816359,Maternal to zygotic transition (MZT),5.0513667840590415e-05,7,137,19,46,MjAyNjA5MTMxMzA2MDZfMjMxMDU%3D
R-HSA-5693607,Processing of DNA double-strand break ends,5.1580431142284056e-05,6,89,2,17,MjAyNjA5MTMxMzA2MDZfMjMxMDU%3D
R-HSA-774815,Nucleosome assembly,6.512848468931409e-05,5,53,3,4,MjAyNjA5MTMxMzA2MDZfMjMxMDU%3D
R-HSA-606279,Deposition of new CENPA-containing nucleosomes at the centromere,6.512848468931409e-05,5,53,3,4,MjAyNjA5MTMxMzA2MDZfMjMxMDU%3D
R-HSA-201681,TCF dependent signaling in response to WNT,7.20154571386411e-05,8,204,15,71,MjAyNjA5MTMxMzA2MDZfMjMxMDU%3D
R-HSA-1474165,Reproduction,7.611975558374784e-05,7,146,8,44,MjAyNjA5MTMxMzA2MDZfMjMxMDU%3D
R-HSA-5693571,Nonhomologous End-Joining (NHEJ),8.478858946647794e-05,5,56,4,13,MjAyNjA5MTMxMzA2MDZfMjMxMDU%3D
R-HSA-73884,Base Excision Repair,9.398423418216506e-05,6,99,6,107,MjAyNjA5MTMxMzA2MDZfMjMxMDU%3D
R-HSA-1912408,Pre-NOTCH Transcription and Translation,9.943838409287586e-05,6,100,3,37,MjAyNjA5MTMxMzA2MDZfMjMxMDU%3D
R-HSA-9609690,HCMV Early Events,0.00010497154441579948,8,215,7,12,MjAyNjA5MTMxMzA2MDZfMjMxMDU%3D
R-HSA-70171,Glycolysis,0.00015840023366209266,6,111,5,23,MjAyNjA5MTMxMzA2MDZfMjMxMDU%3D
R-HSA-392499,Metabolism of proteins,0.00017389505542109163,27,2427,197,928,MjAyNjA5MTMxMzA2MDZfMjMxMDU%3D
R-HSA-5693606,DNA Double Strand Break Response,0.00018373000616112023,6,114,32,53,MjAyNjA5MTMxMzA2MDZfMjMxMDU%3D
R-HSA-69306,DNA Replication,0.0001854622039836329,7,171,8,73,MjAyNjA5MTMxMzA2MDZfMjMxMDU%3D
R-HSA-5619507,Activation of HOX genes during differentiation,0.0002023584069554829,6,116,31,43,MjAyNjA5MTMxMzA2MDZfMjMxMDU%3D
R-HSA-5617472,Activation of anterior HOX genes in hindbrain development during early embryogenesis,0.0002023584069554829,6,116,31,43,MjAyNjA5MTMxMzA2MDZfMjMxMDU%3D
R-HSA-430116,GP1b-IX-V activation signalling,0.0002536033564082274,3,12,7,9,MjAyNjA5MTMxMzA2MDZfMjMxMDU%3D
R-HSA-109581,Apoptosis,0.000256366665199792,7,180,7,142,MjAyNjA5MTMxMzA2MDZfMjMxMDU%3D
R-HSA-1912422,Pre-NOTCH Expression and Processing,0.0003059405266290227,6,125,3,47,MjAyNjA5MTMxMzA2MDZfMjMxMDU%3D
R-HSA-5693567,HDR through Homologous Recombination (HRR) or Single Strand Annealing (SSA),0.00033390504506236596,6,127,3,50,MjAyNjA5MTMxMzA2MDZfMjMxMDU%3D
R-HSA-9909648,Regulation of PD-L1(CD274) expression,0.00037192560316512413,7,191,16,56,MjAyNjA5MTMxMzA2MDZfMjMxMDU%3D
R-HSA-390522,Striated Muscle Contraction,0.0003823930884592208,4,40,4,4,MjAyNjA5MTMxMzA2MDZfMjMxMDU%3D
R-HSA-9932444,ATP-dependent chromatin remodelers,0.0003823930884592208,7,196,24,65,MjAyNjA5MTMxMzA2MDZfMjMxMDU%3D
R-HSA-70326,Glucose metabolism,0.0003823930884592208,6,131,9,40,MjAyNjA5MTMxMzA2MDZfMjMxMDU%3D
R-HSA-5693538,Homology Directed Repair,0.0003823930884592208,6,133,3,58,MjAyNjA5MTMxMzA2MDZfMjMxMDU%3D
R-HSA-69473,G2/M DNA damage checkpoint,0.0004018631582177745,5,82,2,12,MjAyNjA5MTMxMzA2MDZfMjMxMDU%3D
R-HSA-9609646,HCMV Infection,0.0004066679648341287,8,270,8,31,MjAyNjA5MTMxMzA2MDZfMjMxMDU%3D
R-HSA-9918481,Dengue Virus-Host Interactions,0.00043903551451573986,8,273,4,59,MjAyNjA5MTMxMzA2MDZfMjMxMDU%3D
R-HSA-9841922,MLL4 and MLL3 complexes regulate expression of PPARG target genes in adipogenesis and hepatic steatosis,0.0004793417668763622,6,139,33,37,MjAyNjA5MTMxMzA2MDZfMjMxMDU%3D
R-HSA-9851695,Epigenetic regulation of adipogenesis genes by MLL3 and MLL4 complexes,0.0004793417668763622,6,139,33,37,MjAyNjA5MTMxMzA2MDZfMjMxMDU%3D
R-HSA-9818564,Epigenetic regulation of gene expression by MLL3 and MLL4 complexes,0.0004793417668763622,6,139,33,40,MjAyNjA5MTMxMzA2MDZfMjMxMDU%3D
R-HSA-216083,Integrin cell surface interactions,0.0005021747323082915,5,86,7,55,MjAyNjA5MTMxMzA2MDZfMjMxMDU%3D
R-HSA-69481,G2/M Checkpoints,0.0005385486592376365,6,142,3,24,MjAyNjA5MTMxMzA2MDZfMjMxMDU%3D
R-HSA-9646399,Aggrephagy,0.0006499584301608019,4,47,13,15,MjAyNjA5MTMxMzA2MDZfMjMxMDU%3D
R-HSA-422475,Axon guidance,0.0007292896826502915,11,566,18,295,MjAyNjA5MTMxMzA2MDZfMjMxMDU%3D
R-HSA-9845622,Defective VWF binding to collagen type I ,0.0007466218504555977,2,3,1,1,MjAyNjA5MTMxMzA2MDZfMjMxMDU%3D
R-HSA-389948,Co-inhibition by PD-1,0.0007597616583986389,7,219,16,61,MjAyNjA5MTMxMzA2MDZfMjMxMDU%3D
R-HSA-3000480,Scavenging by Class A Receptors,0.0007621592711688496,4,49,3,10,MjAyNjA5MTMxMzA2MDZfMjMxMDU%3D
R-HSA-9656223,Signaling by RAF1 mutants,0.0007621592711688496,4,49,5,7,MjAyNjA5MTMxMzA2MDZfMjMxMDU%3D
R-HSA-9018519,Estrogen-dependent gene expression,0.0007955126585841299,6,153,14,66,MjAyNjA5MTMxMzA2MDZfMjMxMDU%3D
R-HSA-9664417,Leishmania phagocytosis,0.0007955126585841299,6,157,17,27,MjAyNjA5MTMxMzA2MDZfMjMxMDU%3D
R-HSA-5357801,Programmed Cell Death,0.0007955126585841299,7,225,14,194,MjAyNjA5MTMxMzA2MDZfMjMxMDU%3D
R-HSA-446353,Cell-extracellular matrix interactions,0.0007955126585841299,3,19,1,10,MjAyNjA5MTMxMzA2MDZfMjMxMDU%3D
R-HSA-9664422,FCGR3A-mediated phagocytosis,0.0007955126585841299,6,157,17,27,MjAyNjA5MTMxMzA2MDZfMjMxMDU%3D
R-HSA-9664407,Parasite infection,0.0007955126585841299,6,157,17,27,MjAyNjA5MTMxMzA2MDZfMjMxMDU%3D
R-HSA-190828,Gap junction trafficking,0.0008193704099979104,4,52,7,20,MjAyNjA5MTMxMzA2MDZfMjMxMDU%3D
R-HSA-2029482,Regulation of actin dynamics for phagocytic cup formation,0.0008232005471140447,6,158,11,24,MjAyNjA5MTMxMzA2MDZfMjMxMDU%3D
R-HSA-69278,"Cell Cycle, Mitotic",0.0008590283305280888,11,587,56,367,MjAyNjA5MTMxMzA2MDZfMjMxMDU%3D
R-HSA-6802955,Paradoxical activation of RAF signaling by kinase inactive BRAF,0.0009458255521248571,4,54,5,7,MjAyNjA5MTMxMzA2MDZfMjMxMDU%3D
R-HSA-9649948,Signaling downstream of RAS mutants,0.0009458255521248571,4,54,5,7,MjAyNjA5MTMxMzA2MDZfMjMxMDU%3D
R-HSA-6802946,Signaling by moderate kinase activity BRAF mutants,0.0009458255521248571,4,54,5,7,MjAyNjA5MTMxMzA2MDZfMjMxMDU%3D
R-HSA-6802949,Signaling by RAS mutants,0.0009458255521248571,4,54,5,9,MjAyNjA5MTMxMzA2MDZfMjMxMDU%3D
R-HSA-1566977,Fibronectin matrix formation,0.0009873792574175422,3,21,1,4,MjAyNjA5MTMxMzA2MDZfMjMxMDU%3D
R-HSA-437239,Recycling pathway of L1,0.0010140785313466072,4,55,5,14,MjAyNjA5MTMxMzA2MDZfMjMxMDU%3D
R-HSA-9937848,CHD chromatin remodelers,0.0010391215794931519,6,165,17,44,MjAyNjA5MTMxMzA2MDZfMjMxMDU%3D
R-HSA-9675108,Nervous system development,0.0010840618315735018,11,603,18,322,MjAyNjA5MTMxMzA2MDZfMjMxMDU%3D
R-HSA-70263,Gluconeogenesis,0.0010858202842809472,4,56,4,17,MjAyNjA5MTMxMzA2MDZfMjMxMDU%3D
R-HSA-9845619,Enhanced cleavage of VWF variant by ADAMTS13,0.001134079359714102,2,4,1,1,MjAyNjA5MTMxMzA2MDZfMjMxMDU%3D
R-HSA-9845621,Defective VWF cleavage by ADAMTS13 variant,0.001134079359714102,2,4,1,1,MjAyNjA5MTMxMzA2MDZfMjMxMDU%3D
R-HSA-157858,Gap junction trafficking and regulation,0.0011611557094284297,4,57,7,24,MjAyNjA5MTMxMzA2MDZfMjMxMDU%3D
R-HSA-9917777,Epigenetic regulation by WDR5-containing histone modifying complexes,0.0012578458589820318,6,171,33,67,MjAyNjA5MTMxMzA2MDZfMjMxMDU%3D
R-HSA-9613829,Chaperone Mediated Autophagy,0.0012880594451416538,3,23,9,19,MjAyNjA5MTMxMzA2MDZfMjMxMDU%3D
R-HSA-8957275,Post-translational protein phosphorylation,0.001289338637440407,5,109,1,1,MjAyNjA5MTMxMzA2MDZfMjMxMDU%3D
R-HSA-8878171,Transcriptional regulation by RUNX1,0.0013220090160481757,7,246,25,132,MjAyNjA5MTMxMzA2MDZfMjMxMDU%3D
R-HSA-9610379,HCMV Late Events,0.0013357924920354147,6,175,1,19,MjAyNjA5MTMxMzA2MDZfMjMxMDU%3D
R-HSA-445355,Smooth Muscle Contraction,0.0013357924920354147,4,61,8,16,MjAyNjA5MTMxMzA2MDZfMjMxMDU%3D
R-HSA-3247509,Chromatin modifying enzymes,0.0013357924920354147,7,254,28,85,MjAyNjA5MTMxMzA2MDZfMjMxMDU%3D
R-HSA-9918487,Dengue Virus Genome Translation and Replication,0.001428022063197365,5,116,5,64,MjAyNjA5MTMxMzA2MDZfMjMxMDU%3D
R-HSA-8939211,ESR-mediated signaling,0.001433289232450341,7,257,15,114,MjAyNjA5MTMxMzA2MDZfMjMxMDU%3D
R-HSA-1266738,Developmental Biology,0.0015023185700002717,22,2061,81,996,MjAyNjA5MTMxMzA2MDZfMjMxMDU%3D
R-HSA-157118,Signaling by NOTCH,0.0015364370376108605,7,260,15,165,MjAyNjA5MTMxMzA2MDZfMjMxMDU%3D
R-HSA-9764561,Regulation of CDH1 Function,0.0015883692982082698,4,65,6,16,MjAyNjA5MTMxMzA2MDZfMjMxMDU%3D
R-HSA-5627123,RHO GTPases activate PAKs,0.0017120584725738297,3,27,6,15,MjAyNjA5MTMxMzA2MDZfMjMxMDU%3D
R-HSA-1474244,Extracellular matrix organization,0.0017224759407835633,8,351,68,330,MjAyNjA5MTMxMzA2MDZfMjMxMDU%3D
R-HSA-5689880,Ub-specific processing proteases,0.0019360000145135503,6,192,35,40,MjAyNjA5MTMxMzA2MDZfMjMxMDU%3D
R-HSA-983231,Factors involved in megakaryocyte development and platelet production,0.0020442844403462113,6,194,6,43,MjAyNjA5MTMxMzA2MDZfMjMxMDU%3D
R-HSA-2029480,Fcgamma receptor (FCGR) dependent phagocytosis,0.002100173637495928,6,195,22,42,MjAyNjA5MTMxMzA2MDZfMjMxMDU%3D
R-HSA-3000170,Syndecan interactions,0.0021064500509426765,3,29,1,15,MjAyNjA5MTMxMzA2MDZfMjMxMDU%3D
R-HSA-5688426,Deubiquitination,0.002145519901360915,7,275,55,77,MjAyNjA5MTMxMzA2MDZfMjMxMDU%3D
R-HSA-381426,Regulation of Insulin-like Growth Factor (IGF) transport and uptake by Insulin-like Growth Factor Binding Proteins (IGFBPs),0.0021539403129033907,5,127,1,14,MjAyNjA5MTMxMzA2MDZfMjMxMDU%3D
R-HSA-388841,Regulation of T cell activation by CD28 family,0.0021921373343536388,7,276,16,91,MjAyNjA5MTMxMzA2MDZfMjMxMDU%3D
R-HSA-6802952,Signaling by BRAF and RAF1 fusions,0.0024529559773783793,4,73,5,5,MjAyNjA5MTMxMzA2MDZfMjMxMDU%3D
R-HSA-5689901,Metalloprotease DUBs,0.002800297467329682,3,32,5,6,MjAyNjA5MTMxMzA2MDZfMjMxMDU%3D
R-HSA-8874081,MET activates PTK2 signaling,0.002800297467329682,3,32,1,5,MjAyNjA5MTMxMzA2MDZfMjMxMDU%3D
R-HSA-9671793,Diseases of hemostasis,0.002800297467329682,3,32,6,23,MjAyNjA5MTMxMzA2MDZfMjMxMDU%3D
R-HSA-71387,Metabolism of carbohydrates and carbohydrate derivatives,0.002859749204552897,9,477,17,244,MjAyNjA5MTMxMzA2MDZfMjMxMDU%3D
R-HSA-9845620,Enhanced binding of GP1BA variant to VWF multimer:collagen ,0.002866668419618801,2,7,1,1,MjAyNjA5MTMxMzA2MDZfMjMxMDU%3D
R-HSA-9846298,Defective binding of VWF variant to GPIb:IX:V,0.002866668419618801,2,7,1,1,MjAyNjA5MTMxMzA2MDZfMjMxMDU%3D
R-HSA-6798695,Neutrophil degranulation,0.0029026819495669987,9,478,4,10,MjAyNjA5MTMxMzA2MDZfMjMxMDU%3D
R-HSA-9925563,Developmental Lineage of Pancreatic Ductal Cells,0.002991685134393629,4,77,2,2,MjAyNjA5MTMxMzA2MDZfMjMxMDU%3D
R-HSA-5693532,DNA Double-Strand Break Repair,0.0030911578171322063,6,210,39,124,MjAyNjA5MTMxMzA2MDZfMjMxMDU%3D
R-HSA-9619483,Activation of AMPK downstream of NMDARs,0.0033352152286370007,3,34,2,3,MjAyNjA5MTMxMzA2MDZfMjMxMDU%3D
R-HSA-4839726,Chromatin organization,0.00337561606021608,8,389,52,150,MjAyNjA5MTMxMzA2MDZfMjMxMDU%3D
R-HSA-9824443,Parasitic Infection Pathways,0.0034023882020202123,7,301,25,95,MjAyNjA5MTMxMzA2MDZfMjMxMDU%3D
R-HSA-9658195,Leishmania infection,0.0034023882020202123,7,301,25,95,MjAyNjA5MTMxMzA2MDZfMjMxMDU%3D
R-HSA-389958,Cooperation of Prefoldin and TriC/CCT  in actin and tubulin folding,0.0034023882020202123,3,37,6,6,MjAyNjA5MTMxMzA2MDZfMjMxMDU%3D
R-HSA-5689603,UCH proteinases,0.0034023882020202123,4,84,5,11,MjAyNjA5MTMxMzA2MDZfMjMxMDU%3D
R-HSA-9615710,Late endosomal microautophagy,0.0034023882020202123,3,35,3,3,MjAyNjA5MTMxMzA2MDZfMjMxMDU%3D
R-HSA-9823587,Defects of platelet adhesion to exposed collagen,0.0034023882020202123,2,8,5,5,MjAyNjA5MTMxMzA2MDZfMjMxMDU%3D
R-HSA-9913351,Formation of the dystrophin-glycoprotein complex (DGC),0.0034023882020202123,3,37,2,11,MjAyNjA5MTMxMzA2MDZfMjMxMDU%3D
R-HSA-5663220,RHO GTPases Activate Formins,0.003522251878782079,5,149,9,27,MjAyNjA5MTMxMzA2MDZfMjMxMDU%3D
R-HSA-1640170,Cell Cycle,0.003542270463396502,11,729,80,474,MjAyNjA5MTMxMzA2MDZfMjMxMDU%3D
R-HSA-9938026,Immunoglobulin maturation,0.0035564138339876372,8,406,13,40,MjAyNjA5MTMxMzA2MDZfMjMxMDU%3D
R-HSA-9938027,Affinity selection of immunoglobulins,0.0035564138339876372,8,406,13,40,MjAyNjA5MTMxMzA2MDZfMjMxMDU%3D
R-HSA-9958825,Activation of STAT3 by cadherin engagement,0.0037585474690966514,4,87,7,33,MjAyNjA5MTMxMzA2MDZfMjMxMDU%3D
R-HSA-6806834,Signaling by MET,0.003919807893129956,4,88,4,51,MjAyNjA5MTMxMzA2MDZfMjMxMDU%3D
R-HSA-73894,DNA Repair,0.0040284888426098675,8,414,105,350,MjAyNjA5MTMxMzA2MDZfMjMxMDU%3D
R-HSA-397014,Muscle contraction,0.004128886073497373,6,232,16,53,MjAyNjA5MTMxMzA2MDZfMjMxMDU%3D
R-HSA-901042,Calnexin/calreticulin cycle,0.004253662097638333,3,40,5,12,MjAyNjA5MTMxMzA2MDZfMjMxMDU%3D
R-HSA-597592,Post-translational protein modification,0.0045534834762661625,18,1676,121,605,MjAyNjA5MTMxMzA2MDZfMjMxMDU%3D
R-HSA-6802957,Oncogenic MAPK signaling,0.0047998108947884255,4,93,29,46,MjAyNjA5MTMxMzA2MDZfMjMxMDU%3D
R-HSA-70268,Pyruvate metabolism,0.005389575344033393,4,96,5,31,MjAyNjA5MTMxMzA2MDZfMjMxMDU%3D
R-HSA-6802948,Signaling by high-kinase activity BRAF mutants,0.005582358691874401,3,44,4,6,MjAyNjA5MTMxMzA2MDZfMjMxMDU%3D
R-HSA-8948216,Collagen chain trimerization,0.005582358691874401,3,44,2,28,MjAyNjA5MTMxMzA2MDZfMjMxMDU%3D
R-HSA-196025,Formation of annular gap junctions,0.0055913398577023266,2,11,2,2,MjAyNjA5MTMxMzA2MDZfMjMxMDU%3D
R-HSA-9663891,Selective autophagy,0.005596923507830809,4,97,16,56,MjAyNjA5MTMxMzA2MDZfMjMxMDU%3D
R-HSA-1236974,ER-Phagosome pathway,0.005809780874100223,4,98,7,11,MjAyNjA5MTMxMzA2MDZfMjMxMDU%3D
R-HSA-9981148,Developmental Lineage of Pancreatic Endocrine Mid Progenitor Cells,0.005950688111413971,3,45,1,2,MjAyNjA5MTMxMzA2MDZfMjMxMDU%3D
R-HSA-8875878,MET promotes cell motility,0.005950688111413971,3,45,1,12,MjAyNjA5MTMxMzA2MDZfMjMxMDU%3D
R-HSA-212165,Epigenetic regulation of gene expression,0.006385162598486538,7,345,68,118,MjAyNjA5MTMxMzA2MDZfMjMxMDU%3D
R-HSA-975956,Nonsense Mediated Decay (NMD) independent of the Exon Junction Complex (EJC),0.006482181262840836,4,101,1,1,MjAyNjA5MTMxMzA2MDZfMjMxMDU%3D
R-HSA-2025928,Calcineurin activates NFAT,0.006632985399854796,2,12,2,3,MjAyNjA5MTMxMzA2MDZfMjMxMDU%3D
R-HSA-190873,Gap junction degradation,0.006632985399854796,2,12,4,4,MjAyNjA5MTMxMzA2MDZfMjMxMDU%3D
R-HSA-156842,Eukaryotic Translation Elongation,0.006717847892602435,4,102,5,9,MjAyNjA5MTMxMzA2MDZfMjMxMDU%3D
R-HSA-202733,Cell surface interactions at the vascular wall,0.006926541127346031,6,257,4,65,MjAyNjA5MTMxMzA2MDZfMjMxMDU%3D
R-HSA-9612973,Autophagy,0.0069554755468379525,5,174,27,117,MjAyNjA5MTMxMzA2MDZfMjMxMDU%3D
R-HSA-983705,Signaling by the B Cell Receptor (BCR),0.00730874330875908,5,176,19,45,MjAyNjA5MTMxMzA2MDZfMjMxMDU%3D
R-HSA-5674135,MAP2K and MAPK activation,0.0075753152158579695,3,49,8,12,MjAyNjA5MTMxMzA2MDZfMjMxMDU%3D
R-HSA-2168880,Scavenging of heme from plasma,0.007720228101084192,4,106,6,12,MjAyNjA5MTMxMzA2MDZfMjMxMDU%3D
R-HSA-3214858,RMTs methylate histone arginines,0.008958552615577986,3,52,8,22,MjAyNjA5MTMxMzA2MDZfMjMxMDU%3D
R-HSA-76009,Platelet Aggregation (Plug Formation),0.009452089547434372,3,53,16,27,MjAyNjA5MTMxMzA2MDZfMjMxMDU%3D
R-HSA-532668,N-glycan trimming in the ER and Calnexin/Calreticulin cycle,0.009962175960915864,3,54,7,17,MjAyNjA5MTMxMzA2MDZfMjMxMDU%3D
R-HSA-69620,Cell Cycle Checkpoints,0.010231934159973033,6,278,9,63,MjAyNjA5MTMxMzA2MDZfMjMxMDU%3D
R-HSA-2214320,Anchoring fibril formation,0.010265500768605662,2,15,1,4,MjAyNjA5MTMxMzA2MDZfMjMxMDU%3D
R-HSA-162592,Integration of provirus,0.010265500768605662,2,15,10,14,MjAyNjA5MTMxMzA2MDZfMjMxMDU%3D
R-HSA-180689,APOBEC3G mediated resistance to HIV-1 infection,0.010265500768605662,2,15,3,3,MjAyNjA5MTMxMzA2MDZfMjMxMDU%3D
R-HSA-9664433,Leishmania parasite growth and survival,0.010626608585174058,5,192,12,40,MjAyNjA5MTMxMzA2MDZfMjMxMDU%3D
R-HSA-9662851,Anti-inflammatory response favouring Leishmania parasite infection,0.010626608585174058,5,192,12,40,MjAyNjA5MTMxMzA2MDZfMjMxMDU%3D
R-HSA-1169410,Antimicrobial mechanism of IFN-stimulated genes,0.01136424795456037,6,284,5,103,MjAyNjA5MTMxMzA2MDZfMjMxMDU%3D
R-HSA-9006931,Signaling by Nuclear Receptors,0.011439607006814345,7,383,15,195,MjAyNjA5MTMxMzA2MDZfMjMxMDU%3D
R-HSA-1247673,Erythrocytes take up oxygen and release carbon dioxide,0.011642750963626103,2,16,1,6,MjAyNjA5MTMxMzA2MDZfMjMxMDU%3D
R-HSA-927802,Nonsense-Mediated Decay (NMD),0.011988695300156116,4,124,6,6,MjAyNjA5MTMxMzA2MDZfMjMxMDU%3D
R-HSA-9711123,Cellular response to chemical stress,0.011988695300156116,6,288,18,173,MjAyNjA5MTMxMzA2MDZfMjMxMDU%3D
R-HSA-72613,Eukaryotic Translation Initiation,0.011988695300156116,4,130,12,21,MjAyNjA5MTMxMzA2MDZfMjMxMDU%3D
R-HSA-72737,Cap-dependent Translation Initiation,0.011988695300156116,4,130,10,18,MjAyNjA5MTMxMzA2MDZfMjMxMDU%3D
R-HSA-1236975,Antigen processing-Cross presentation,0.011988695300156116,4,120,7,25,MjAyNjA5MTMxMzA2MDZfMjMxMDU%3D
R-HSA-373760,L1CAM interactions,0.011988695300156116,4,130,7,54,MjAyNjA5MTMxMzA2MDZfMjMxMDU%3D
R-HSA-8866654,E3 ubiquitin ligases ubiquitinate target proteins,0.011988695300156116,3,60,16,16,MjAyNjA5MTMxMzA2MDZfMjMxMDU%3D
R-HSA-975957,Nonsense Mediated Decay (NMD) enhanced by the Exon Junction Complex (EJC),0.011988695300156116,4,124,5,5,MjAyNjA5MTMxMzA2MDZfMjMxMDU%3D
R-HSA-75892,Platelet Adhesion to exposed collagen,0.011988695300156116,2,17,6,8,MjAyNjA5MTMxMzA2MDZfMjMxMDU%3D
R-HSA-156827,L13a-mediated translational silencing of Ceruloplasmin expression,0.011988695300156116,4,120,2,3,MjAyNjA5MTMxMzA2MDZfMjMxMDU%3D
R-HSA-9662361,Sensory processing of sound by outer hair cells of the cochlea,0.012009317422474908,3,64,1,8,MjAyNjA5MTMxMzA2MDZfMjMxMDU%3D
R-HSA-3299685,Detoxification of Reactive Oxygen Species,0.012009317422474908,3,64,2,34,MjAyNjA5MTMxMzA2MDZfMjMxMDU%3D
R-HSA-2022090,Assembly of collagen fibrils and other multimeric structures,0.013634278871753613,3,67,15,26,MjAyNjA5MTMxMzA2MDZfMjMxMDU%3D
R-HSA-376176,Signaling by ROBO receptors,0.014700253783642814,5,222,6,60,MjAyNjA5MTMxMzA2MDZfMjMxMDU%3D
R-HSA-162909,Host Interactions of HIV factors,0.014781477351622274,4,138,10,54,MjAyNjA5MTMxMzA2MDZfMjMxMDU%3D
R-HSA-1442490,Collagen degradation,0.01478800261468216,3,69,9,34,MjAyNjA5MTMxMzA2MDZfMjMxMDU%3D
R-HSA-9927020,Heme assimilation,0.014805159766267284,2,21,2,5,MjAyNjA5MTMxMzA2MDZfMjMxMDU%3D
R-HSA-8852276,The role of GTSE1 in G2/M progression after G2 checkpoint,0.015386295913562331,3,70,4,10,MjAyNjA5MTMxMzA2MDZfMjMxMDU%3D
R-HSA-9664323,FCGR3A-mediated IL10 synthesis,0.0159324472314053,4,141,11,20,MjAyNjA5MTMxMzA2MDZfMjMxMDU%3D
R-HSA-190840,Microtubule-dependent trafficking of connexons from Golgi to the plasma membrane,0.01619723539411433,2,22,1,2,MjAyNjA5MTMxMzA2MDZfMjMxMDU%3D
R-HSA-199991,Membrane Trafficking,0.01689229834507533,9,669,48,219,MjAyNjA5MTMxMzA2MDZfMjMxMDU%3D
R-HSA-190872,Transport of connexons to the plasma membrane,0.01764707492319828,2,23,1,3,MjAyNjA5MTMxMzA2MDZfMjMxMDU%3D
R-HSA-1474228,Degradation of the extracellular matrix,0.018848240612314382,4,148,10,105,MjAyNjA5MTMxMzA2MDZfMjMxMDU%3D
R-HSA-9956593,Enterobacterial factors antagonize host defense ,0.019154091986028243,2,24,5,6,MjAyNjA5MTMxMzA2MDZfMjMxMDU%3D
R-HSA-1480926,O2/CO2 exchange in erythrocytes,0.019154091986028243,2,24,3,14,MjAyNjA5MTMxMzA2MDZfMjMxMDU%3D
R-HSA-1237044,Erythrocytes take up carbon dioxide and release oxygen,0.019154091986028243,2,24,2,8,MjAyNjA5MTMxMzA2MDZfMjMxMDU%3D
R-HSA-2243919,Crosslinking of collagen fibrils,0.019154091986028243,2,24,11,13,MjAyNjA5MTMxMzA2MDZfMjMxMDU%3D
R-HSA-1650814,Collagen biosynthesis and modifying enzymes,0.019282070699451648,3,76,22,51,MjAyNjA5MTMxMzA2MDZfMjMxMDU%3D
R-HSA-9662360,Sensory processing of sound by inner hair cells of the cochlea,0.019282070699451648,3,76,1,7,MjAyNjA5MTMxMzA2MDZfMjMxMDU%3D
R-HSA-9918432,Maturation of DENV proteins,0.019983198550126757,3,77,2,41,MjAyNjA5MTMxMzA2MDZfMjMxMDU%3D
R-HSA-9734767,Developmental Cell Lineages,0.020223073296054883,6,340,8,26,MjAyNjA5MTMxMzA2MDZfMjMxMDU%3D
R-HSA-1168372,Downstream signaling events of B Cell Receptor (BCR),0.02069935860753791,3,78,4,15,MjAyNjA5MTMxMzA2MDZfMjMxMDU%3D
R-HSA-389977,Post-chaperonin tubulin folding pathway,0.020717704455440078,2,25,6,9,MjAyNjA5MTMxMzA2MDZfMjMxMDU%3D
R-HSA-3000178,ECM proteoglycans,0.02143062939096818,3,79,8,23,MjAyNjA5MTMxMzA2MDZfMjMxMDU%3D
R-HSA-162594,Early Phase of HIV Life Cycle,0.022337334417958044,2,26,35,39,MjAyNjA5MTMxMzA2MDZfMjMxMDU%3D
R-HSA-198933,Immunoregulatory interactions between a Lymphoid and a non-Lymphoid cell,0.02356207933157506,5,249,3,44,MjAyNjA5MTMxMzA2MDZfMjMxMDU%3D
R-HSA-1632852,Macroautophagy,0.023599121875017004,4,158,16,96,MjAyNjA5MTMxMzA2MDZfMjMxMDU%3D
R-HSA-175474,Assembly Of The HIV Virion,0.02401240814726968,2,27,4,16,MjAyNjA5MTMxMzA2MDZfMjMxMDU%3D
R-HSA-8852135,Protein ubiquitination,0.024508312716443825,3,83,29,32,MjAyNjA5MTMxMzA2MDZfMjMxMDU%3D
R-HSA-8856828,Clathrin-mediated endocytosis,0.02516449477401328,4,161,17,35,MjAyNjA5MTMxMzA2MDZfMjMxMDU%3D
R-HSA-9953170,GBP-mediated host defense,0.025742356077897544,2,28,1,15,MjAyNjA5MTMxMzA2MDZfMjMxMDU%3D
R-HSA-9659379,Sensory processing of sound,0.027833480209182637,3,87,2,13,MjAyNjA5MTMxMzA2MDZfMjMxMDU%3D
R-HSA-2995410,Nuclear Envelope (NE) Reassembly,0.02870392132125854,3,88,3,24,MjAyNjA5MTMxMzA2MDZfMjMxMDU%3D
R-HSA-8863678,Neurodegenerative Diseases,0.02936461692829251,2,30,2,22,MjAyNjA5MTMxMzA2MDZfMjMxMDU%3D
R-HSA-389960,Formation of tubulin folding intermediates by CCT/TriC,0.02936461692829251,2,30,2,2,MjAyNjA5MTMxMzA2MDZfMjMxMDU%3D
R-HSA-8862803,Deregulated CDK5 triggers multiple neurodegenerative pathways in Alzheimer's disease models,0.02936461692829251,2,30,2,22,MjAyNjA5MTMxMzA2MDZfMjMxMDU%3D
R-HSA-9010553,Regulation of expression of SLITs and ROBOs,0.030265208109918396,4,170,5,20,MjAyNjA5MTMxMzA2MDZfMjMxMDU%3D
R-HSA-9820448,Developmental Cell Lineages of the Exocrine Pancreas,0.030265208109918396,4,170,2,10,MjAyNjA5MTMxMzA2MDZfMjMxMDU%3D
R-HSA-162582,Signal Transduction,0.0315849745395953,24,3056,246,2589,MjAyNjA5MTMxMzA2MDZfMjMxMDU%3D
R-HSA-9734009,Defective Intrinsic Pathway for Apoptosis,0.03519556192886819,2,33,2,24,MjAyNjA5MTMxMzA2MDZfMjMxMDU%3D
R-HSA-445095,Interaction between L1 and Ankyrins,0.03519556192886819,2,33,2,4,MjAyNjA5MTMxMzA2MDZfMjMxMDU%3D
R-HSA-9841251,Mitochondrial unfolded protein response (UPRmt),0.03519556192886819,2,33,2,21,MjAyNjA5MTMxMzA2MDZfMjMxMDU%3D
R-HSA-438064,Post NMDA receptor activation events,0.03623983788209717,3,96,25,39,MjAyNjA5MTMxMzA2MDZfMjMxMDU%3D
R-HSA-390466,Chaperonin-mediated protein folding,0.03623983788209717,3,96,6,19,MjAyNjA5MTMxMzA2MDZfMjMxMDU%3D
R-HSA-173623,Classical antibody-mediated complement activation,0.03725410454152889,3,97,2,2,MjAyNjA5MTMxMzA2MDZfMjMxMDU%3D
R-HSA-156902,Peptide chain elongation,0.03725410454152889,3,97,4,5,MjAyNjA5MTMxMzA2MDZfMjMxMDU%3D
R-HSA-913531,Interferon Signaling,0.03771699749376134,7,507,7,157,MjAyNjA5MTMxMzA2MDZfMjMxMDU%3D
R-HSA-9954714,PELO:HBS1L and ABCE1 dissociate a ribosome on a non-stop mRNA,0.040394294036573464,3,100,3,3,MjAyNjA5MTMxMzA2MDZfMjMxMDU%3D
R-HSA-5663213,RHO GTPases Activate WASPs and WAVEs,0.04065573900818009,2,41,4,10,MjAyNjA5MTMxMzA2MDZfMjMxMDU%3D
R-HSA-9954716,ZNF598 and the Ribosome-associated Quality Trigger (RQT) complex dissociate a ribosome stalled on a no-go mRNA,0.04065573900818009,3,105,4,4,MjAyNjA5MTMxMzA2MDZfMjMxMDU%3D
R-HSA-2029481,FCGR activation,0.04065573900818009,3,103,6,6,MjAyNjA5MTMxMzA2MDZfMjMxMDU%3D
R-HSA-9927432,Developmental Lineage of Mammary Gland Myoepithelial Cells,0.04065573900818009,2,36,2,2,MjAyNjA5MTMxMzA2MDZfMjMxMDU%3D
R-HSA-190861,Gap junction assembly,0.04065573900818009,2,41,3,16,MjAyNjA5MTMxMzA2MDZfMjMxMDU%3D
R-HSA-114604,GPVI-mediated activation cascade,0.04065573900818009,2,43,5,25,MjAyNjA5MTMxMzA2MDZfMjMxMDU%3D
R-HSA-983170,"Antigen Presentation: Folding, assembly and peptide loading of class I MHC",0.04065573900818009,2,40,5,16,MjAyNjA5MTMxMzA2MDZfMjMxMDU%3D
R-HSA-9837999,Mitochondrial protein degradation,0.04065573900818009,3,104,6,20,MjAyNjA5MTMxMzA2MDZfMjMxMDU%3D
R-HSA-5673001,RAF/MAP kinase cascade,0.04065573900818009,5,309,18,75,MjAyNjA5MTMxMzA2MDZfMjMxMDU%3D
R-HSA-5684996,MAPK1/MAPK3 signaling,0.04065573900818009,5,316,18,82,MjAyNjA5MTMxMzA2MDZfMjMxMDU%3D
R-HSA-2408557,Selenocysteine synthesis,0.04065573900818009,3,112,2,7,MjAyNjA5MTMxMzA2MDZfMjMxMDU%3D
R-HSA-9633012,Response of EIF2AK4 (GCN2) to amino acid deficiency,0.04065573900818009,3,115,4,16,MjAyNjA5MTMxMzA2MDZfMjMxMDU%3D
R-HSA-2682334,EPH-Ephrin signaling,0.04065573900818009,3,102,3,56,MjAyNjA5MTMxMzA2MDZfMjMxMDU%3D
R-HSA-5663202,Diseases of signal transduction by growth factor receptors and second messengers,0.04065573900818009,7,536,43,516,MjAyNjA5MTMxMzA2MDZfMjMxMDU%3D
R-HSA-9668328,Sealing of the nuclear envelope (NE) by ESCRT-III,0.04065573900818009,2,39,1,7,MjAyNjA5MTMxMzA2MDZfMjMxMDU%3D
R-HSA-2173796,SMAD2/SMAD3:SMAD4 heterotrimer regulates transcription,0.04065573900818009,2,44,3,24,MjAyNjA5MTMxMzA2MDZfMjMxMDU%3D
R-HSA-1280215,Cytokine Signaling in Immune system,0.04065573900818009,12,1193,34,823,MjAyNjA5MTMxMzA2MDZfMjMxMDU%3D
R-HSA-168255,Influenza Infection,0.04065573900818009,4,200,3,61,MjAyNjA5MTMxMzA2MDZfMjMxMDU%3D
R-HSA-72689,Formation of a pool of free 40S subunits,0.04065573900818009,3,106,2,2,MjAyNjA5MTMxMzA2MDZfMjMxMDU%3D
R-HSA-9954709,Ribosome Quality Control (RQC) complex extracts and degrades nascent peptide,0.04065573900818009,3,106,13,13,MjAyNjA5MTMxMzA2MDZfMjMxMDU%3D
R-HSA-9636667,Manipulation of host energy metabolism,0.04065573900818009,1,3,1,2,MjAyNjA5MTMxMzA2MDZfMjMxMDU%3D
R-HSA-391251,Protein folding,0.04065573900818009,3,102,12,28,MjAyNjA5MTMxMzA2MDZfMjMxMDU%3D
R-HSA-442755,Activation of NMDA receptors and postsynaptic events,0.04065573900818009,3,113,32,71,MjAyNjA5MTMxMzA2MDZfMjMxMDU%3D
R-HSA-983695,Antigen activates B Cell Receptor (BCR) leading to generation of second messengers,0.04065573900818009,3,103,12,26,MjAyNjA5MTMxMzA2MDZfMjMxMDU%3D
R-HSA-1474290,Collagen formation,0.04065573900818009,3,104,37,77,MjAyNjA5MTMxMzA2MDZfMjMxMDU%3D
R-HSA-162588,Budding and maturation of HIV virion,0.04065573900818009,2,37,2,4,MjAyNjA5MTMxMzA2MDZfMjMxMDU%3D
R-HSA-9706574,RHOBTB GTPase Cycle,0.04065573900818009,2,36,2,4,MjAyNjA5MTMxMzA2MDZfMjMxMDU%3D
R-HSA-180897,Vpr-mediated induction of apoptosis by mitochondrial outer membrane permeabilization,0.04065573900818009,1,4,1,2,MjAyNjA5MTMxMzA2MDZfMjMxMDU%3D
R-HSA-1799339,SRP-dependent cotranslational protein targeting to membrane,0.04065573900818009,3,117,5,5,MjAyNjA5MTMxMzA2MDZfMjMxMDU%3D
R-HSA-72764,Eukaryotic Translation Termination,0.04065573900818009,3,106,3,5,MjAyNjA5MTMxMzA2MDZfMjMxMDU%3D
R-HSA-450408,AUF1 (hnRNP D0) binds and destabilizes mRNA,0.04065573900818009,2,43,3,4,MjAyNjA5MTMxMzA2MDZfMjMxMDU%3D
R-HSA-5696394,DNA Damage Recognition in GG-NER,0.04065573900818009,2,40,4,5,MjAyNjA5MTMxMzA2MDZfMjMxMDU%3D
R-HSA-192823,Viral mRNA Translation,0.04065573900818009,3,114,2,2,MjAyNjA5MTMxMzA2MDZfMjMxMDU%3D
R-HSA-6785807,Interleukin-4 and Interleukin-13 signaling,0.04121930361813564,4,211,3,47,MjAyNjA5MTMxMzA2MDZfMjMxMDU%3D
R-HSA-166786,Creation of C4 and C2 activators,0.04156268613793834,3,118,2,8,MjAyNjA5MTMxMzA2MDZfMjMxMDU%3D
R-HSA-446203,Asparagine N-linked glycosylation,0.04231392941806589,6,438,20,146,MjAyNjA5MTMxMzA2MDZfMjMxMDU%3D
R-HSA-9700206,Signaling by ALK in cancer,0.04248074411141389,3,119,4,71,MjAyNjA5MTMxMzA2MDZfMjMxMDU%3D
R-HSA-9725370,Signaling by ALK fusions and activated point mutants,0.04248074411141389,3,119,4,63,MjAyNjA5MTMxMzA2MDZfMjMxMDU%3D
R-HSA-72706,GTP hydrolysis and joining of the 60S ribosomal subunit,0.04340991641840053,3,120,3,3,MjAyNjA5MTMxMzA2MDZfMjMxMDU%3D
R-HSA-9648002,RAS processing,0.0437598843372109,2,46,6,21,MjAyNjA5MTMxMzA2MDZfMjMxMDU%3D
R-HSA-8982491,Glycogen metabolism,0.045539675357429754,2,47,5,38,MjAyNjA5MTMxMzA2MDZfMjMxMDU%3D
R-HSA-176033,Interactions of Vpr with host cellular proteins,0.045539675357429754,2,47,3,4,MjAyNjA5MTMxMzA2MDZfMjMxMDU%3D
R-HSA-72766,Translation,0.04663471134798347,6,448,50,126,MjAyNjA5MTMxMzA2MDZfMjMxMDU%3D
R-HSA-2454202,Fc epsilon receptor (FCERI) signaling,0.04852722041182256,4,222,21,65,MjAyNjA5MTMxMzA2MDZfMjMxMDU%3D
R-HSA-9936686,Aggregated β-amyloid interacts with fibrinogen,0.0486342279203027,1,5,1,2,MjAyNjA5MTMxMzA2MDZfMjMxMDU%3D
R-HSA-9609736,Assembly and cell surface presentation of NMDA receptors,0.049187566883854394,2,49,2,23,MjAyNjA5MTMxMzA2MDZfMjMxMDU%3D
R-HSA-166663,Initial triggering of complement,0.05022542729667223,3,127,4,21,MjAyNjA5MTMxMzA2MDZfMjMxMDU%3D
R-HSA-2871809,FCERI mediated Ca+2 mobilization,0.052272742968203056,3,129,6,11,MjAyNjA5MTMxMzA2MDZfMjMxMDU%3D
R-HSA-4420097,VEGFA-VEGFR2 Pathway,0.053313054361560086,3,130,9,79,MjAyNjA5MTMxMzA2MDZfMjMxMDU%3D
R-HSA-9640148,Infection with Enterobacteria,0.053562281561266856,4,229,7,82,MjAyNjA5MTMxMzA2MDZfMjMxMDU%3D
R-HSA-2029485,Role of phospholipids in phagocytosis,0.05436446041680876,3,131,5,12,MjAyNjA5MTMxMzA2MDZfMjMxMDU%3D
R-HSA-9637690,Response of Mtb to phagocytosis,0.054875333866483356,2,52,3,30,MjAyNjA5MTMxMzA2MDZfMjMxMDU%3D
R-HSA-3928662,EPHB-mediated forward signaling,0.054875333866483356,2,52,1,26,MjAyNjA5MTMxMzA2MDZfMjMxMDU%3D
R-HSA-9861718,Regulation of pyruvate metabolism,0.05880741979210802,2,54,2,11,MjAyNjA5MTMxMzA2MDZfMjMxMDU%3D
R-HSA-68882,Mitotic Anaphase,0.05890067591139414,4,236,7,32,MjAyNjA5MTMxMzA2MDZfMjMxMDU%3D
R-HSA-2555396,Mitotic Metaphase and Anaphase,0.05968823780650112,4,237,7,33,MjAyNjA5MTMxMzA2MDZfMjMxMDU%3D
R-HSA-3928665,EPH-ephrin mediated repulsion of cells,0.060814594820916,2,55,1,9,MjAyNjA5MTMxMzA2MDZfMjMxMDU%3D
R-HSA-8955332,Carboxyterminal post-translational modifications of tubulin,0.060814594820916,2,55,6,6,MjAyNjA5MTMxMzA2MDZfMjMxMDU%3D
R-HSA-977606,Regulation of Complement cascade,0.06317414064365257,3,139,3,44,MjAyNjA5MTMxMzA2MDZfMjMxMDU%3D
R-HSA-194138,Signaling by VEGF,0.06548685489417516,3,141,9,86,MjAyNjA5MTMxMzA2MDZfMjMxMDU%3D
R-HSA-1428517,Aerobic respiration and respiratory electron transport,0.06605562860294234,5,361,8,117,MjAyNjA5MTMxMzA2MDZfMjMxMDU%3D
R-HSA-9706377,FLT3 signaling by CBL mutants,0.06775925164980712,1,7,1,1,MjAyNjA5MTMxMzA2MDZfMjMxMDU%3D
R-HSA-168316,Assembly of Viral Components at the Budding Site,0.06775925164980712,1,7,1,17,MjAyNjA5MTMxMzA2MDZfMjMxMDU%3D
R-HSA-9022535,Loss of phosphorylation of MECP2 at T308,0.06775925164980712,1,7,1,1,MjAyNjA5MTMxMzA2MDZfMjMxMDU%3D
R-HSA-162906,HIV Infection,0.06876572024439498,4,248,51,160,MjAyNjA5MTMxMzA2MDZfMjMxMDU%3D
R-HSA-5683057,MAPK family signaling cascades,0.0701410062959702,5,367,20,122,MjAyNjA5MTMxMzA2MDZfMjMxMDU%3D
R-HSA-9006934,Signaling by Receptor Tyrosine Kinases,0.07354193357034,7,634,35,759,MjAyNjA5MTMxMzA2MDZfMjMxMDU%3D
R-HSA-72649,Translation initiation complex formation,0.07560406673821829,2,62,2,2,MjAyNjA5MTMxMzA2MDZfMjMxMDU%3D
R-HSA-9694493,Maturation of protein E,0.07725223216551735,1,8,1,5,MjAyNjA5MTMxMzA2MDZfMjMxMDU%3D
R-HSA-164525,Plus-strand DNA synthesis,0.07725223216551735,1,8,4,4,MjAyNjA5MTMxMzA2MDZfMjMxMDU%3D
R-HSA-9683683,Maturation of protein E,0.07725223216551735,1,8,1,5,MjAyNjA5MTMxMzA2MDZfMjMxMDU%3D
R-HSA-6811436,COPI-independent Golgi-to-ER retrograde traffic,0.07781885921768072,2,63,2,7,MjAyNjA5MTMxMzA2MDZfMjMxMDU%3D
R-HSA-2173793,Transcriptional activity of SMAD2/SMAD3:SMAD4 heterotrimer,0.08005827221429329,2,64,10,51,MjAyNjA5MTMxMzA2MDZfMjMxMDU%3D
R-HSA-3858494,Beta-catenin independent WNT signaling,0.08028069822317963,3,153,8,51,MjAyNjA5MTMxMzA2MDZfMjMxMDU%3D
R-HSA-9948299,Ribosome-associated quality control,0.0828978887006957,3,155,20,20,MjAyNjA5MTMxMzA2MDZfMjMxMDU%3D
R-HSA-9692916,SARS-CoV-1 activates/modulates innate immune responses,0.08460980778102534,2,66,5,32,MjAyNjA5MTMxMzA2MDZfMjMxMDU%3D
R-HSA-72662,"Activation of the mRNA upon binding of the cap-binding complex and eIFs, and subsequent binding to 43S",0.08460980778102534,2,66,2,6,MjAyNjA5MTMxMzA2MDZfMjMxMDU%3D
R-HSA-162585,Uncoating of the HIV Virion,0.0859686187972365,1,9,2,2,MjAyNjA5MTMxMzA2MDZfMjMxMDU%3D
R-HSA-177539,Autointegration results in viral DNA circles,0.0859686187972365,1,9,2,2,MjAyNjA5MTMxMzA2MDZfMjMxMDU%3D
R-HSA-390450,Folding of actin by CCT/TriC,0.0859686187972365,1,13,2,2,MjAyNjA5MTMxMzA2MDZfMjMxMDU%3D
R-HSA-173107,Binding and entry of HIV virion,0.0859686187972365,1,13,8,8,MjAyNjA5MTMxMzA2MDZfMjMxMDU%3D
R-HSA-162589,Reverse Transcription of HIV RNA,0.0859686187972365,1,11,12,12,MjAyNjA5MTMxMzA2MDZfMjMxMDU%3D
R-HSA-164516,Minus-strand DNA synthesis,0.0859686187972365,1,11,8,8,MjAyNjA5MTMxMzA2MDZfMjMxMDU%3D
R-HSA-9754560,SARS-CoV-2 modulates autophagy,0.0859686187972365,1,14,2,5,MjAyNjA5MTMxMzA2MDZfMjMxMDU%3D
R-HSA-9645460,Alpha-protein kinase 1 signaling pathway,0.0859686187972365,1,14,4,10,MjAyNjA5MTMxMzA2MDZfMjMxMDU%3D
R-HSA-1253288,Downregulation of ERBB4 signaling,0.0859686187972365,1,11,2,5,MjAyNjA5MTMxMzA2MDZfMjMxMDU%3D
R-HSA-205043,NRIF signals cell death from the nucleus,0.0859686187972365,1,18,3,7,MjAyNjA5MTMxMzA2MDZfMjMxMDU%3D
R-HSA-2467813,Separation of Sister Chromatids,0.0859686187972365,3,182,4,8,MjAyNjA5MTMxMzA2MDZfMjMxMDU%3D
R-HSA-380320,Recruitment of NuMA to mitotic centrosomes,0.0859686187972365,2,97,1,2,MjAyNjA5MTMxMzA2MDZfMjMxMDU%3D
R-HSA-9933947,Formation of the non-canonical BAF (ncBAF) complex,0.0859686187972365,1,17,1,2,MjAyNjA5MTMxMzA2MDZfMjMxMDU%3D
R-HSA-451306,Ionotropic activity of kainate receptors,0.0859686187972365,1,14,2,4,MjAyNjA5MTMxMzA2MDZfMjMxMDU%3D
R-HSA-5689877,Josephin domain DUBs,0.0859686187972365,1,13,3,6,MjAyNjA5MTMxMzA2MDZfMjMxMDU%3D
R-HSA-3785653,Myoclonic epilepsy of Lafora,0.0859686187972365,1,11,1,2,MjAyNjA5MTMxMzA2MDZfMjMxMDU%3D
R-HSA-8948747,Regulation of PTEN localization,0.0859686187972365,1,10,2,4,MjAyNjA5MTMxMzA2MDZfMjMxMDU%3D
R-HSA-111957,Cam-PDE 1 activation,0.0859686187972365,1,9,1,2,MjAyNjA5MTMxMzA2MDZfMjMxMDU%3D
R-HSA-1268020,Mitochondrial protein import,0.0859686187972365,2,70,8,14,MjAyNjA5MTMxMzA2MDZfMjMxMDU%3D
R-HSA-174495,"Synthesis And Processing Of GAG, GAGPOL Polyproteins",0.0859686187972365,1,18,3,5,MjAyNjA5MTMxMzA2MDZfMjMxMDU%3D
R-HSA-9924644,Developmental Lineages of the Mammary Gland,0.0859686187972365,2,81,5,8,MjAyNjA5MTMxMzA2MDZfMjMxMDU%3D
R-HSA-1358803,Downregulation of ERBB2:ERBB3 signaling,0.0859686187972365,1,16,5,8,MjAyNjA5MTMxMzA2MDZfMjMxMDU%3D
R-HSA-5607763,CLEC7A (Dectin-1) induces NFAT activation,0.0859686187972365,1,18,4,6,MjAyNjA5MTMxMzA2MDZfMjMxMDU%3D
R-HSA-9824878,"Regulation of TBK1, IKKε (IKBKE)-mediated activation of IRF3, IRF7 ",0.0859686187972365,1,15,2,3,MjAyNjA5MTMxMzA2MDZfMjMxMDU%3D
R-HSA-9828211,"Regulation of TBK1, IKKε-mediated activation of IRF3, IRF7 upon TLR3 ligation",0.0859686187972365,1,11,2,3,MjAyNjA5MTMxMzA2MDZfMjMxMDU%3D
R-HSA-444473,Formyl peptide receptors bind formyl peptides and many other ligands,0.0859686187972365,1,11,2,3,MjAyNjA5MTMxMzA2MDZfMjMxMDU%3D
R-HSA-5696399,Global Genome Nucleotide Excision Repair (GG-NER),0.0859686187972365,2,92,15,20,MjAyNjA5MTMxMzA2MDZfMjMxMDU%3D
R-HSA-5690714,CD22 mediated BCR regulation,0.0859686187972365,2,72,3,4,MjAyNjA5MTMxMzA2MDZfMjMxMDU%3D
R-HSA-174490,Membrane binding and targetting of GAG proteins,0.0859686187972365,1,17,3,4,MjAyNjA5MTMxMzA2MDZfMjMxMDU%3D
R-HSA-111932,CaMK IV-mediated phosphorylation of CREB,0.0859686187972365,1,13,10,13,MjAyNjA5MTMxMzA2MDZfMjMxMDU%3D
R-HSA-975163,IRAK2 mediated activation of TAK1 complex upon TLR7/8 or 9 stimulation,0.0859686187972365,1,18,4,5,MjAyNjA5MTMxMzA2MDZfMjMxMDU%3D
R-HSA-937042,IRAK2 mediated activation of TAK1 complex,0.0859686187972365,1,12,4,5,MjAyNjA5MTMxMzA2MDZfMjMxMDU%3D
R-HSA-442729,CREB1 phosphorylation through the activation of CaMKII/CaMKK/CaMKIV cascasde,0.0859686187972365,1,11,8,10,MjAyNjA5MTMxMzA2MDZfMjMxMDU%3D
R-HSA-9014325,"TICAM1,TRAF6-dependent induction of TAK1 complex",0.0859686187972365,1,13,5,6,MjAyNjA5MTMxMzA2MDZfMjMxMDU%3D
R-HSA-9619229,Activation of RAC1 downstream of NMDARs,0.0859686187972365,1,12,5,6,MjAyNjA5MTMxMzA2MDZfMjMxMDU%3D
R-HSA-9769733,Fibrin formation,0.0859686187972365,1,16,6,7,MjAyNjA5MTMxMzA2MDZfMjMxMDU%3D
R-HSA-3000484,Scavenging by Class F Receptors,0.0859686187972365,1,16,2,2,MjAyNjA5MTMxMzA2MDZfMjMxMDU%3D
R-HSA-9820865,Z-decay: degradation of maternal mRNAs by zygotically expressed factors,0.0859686187972365,1,16,4,4,MjAyNjA5MTMxMzA2MDZfMjMxMDU%3D
R-HSA-983189,Kinesins,0.0859686187972365,2,68,2,14,MjAyNjA5MTMxMzA2MDZfMjMxMDU%3D
R-HSA-8869496,TFAP2A acts as a transcriptional repressor during retinoic acid induced cell differentiation,0.0859686187972365,1,9,1,7,MjAyNjA5MTMxMzA2MDZfMjMxMDU%3D
R-HSA-9664873,Pexophagy,0.0859686187972365,1,13,2,13,MjAyNjA5MTMxMzA2MDZfMjMxMDU%3D
R-HSA-9933939,Formation of the polybromo-BAF (pBAF) complex,0.0859686187972365,1,18,1,6,MjAyNjA5MTMxMzA2MDZfMjMxMDU%3D
R-HSA-9637628,Modulation by Mtb of host immune system,0.0859686187972365,1,11,1,6,MjAyNjA5MTMxMzA2MDZfMjMxMDU%3D
R-HSA-9933937,Formation of the canonical BAF (cBAF) complex,0.0859686187972365,1,18,1,5,MjAyNjA5MTMxMzA2MDZfMjMxMDU%3D
R-HSA-9005891,Loss of function of MECP2 in Rett syndrome,0.0859686187972365,1,16,1,5,MjAyNjA5MTMxMzA2MDZfMjMxMDU%3D
R-HSA-9697154,Disorders of Nervous System Development,0.0859686187972365,1,16,1,5,MjAyNjA5MTMxMzA2MDZfMjMxMDU%3D
R-HSA-9005895,Pervasive developmental disorders,0.0859686187972365,1,16,1,5,MjAyNjA5MTMxMzA2MDZfMjMxMDU%3D
R-HSA-381183,ATF6 (ATF6-alpha) activates chaperone genes,0.0859686187972365,1,15,1,5,MjAyNjA5MTMxMzA2MDZfMjMxMDU%3D
R-HSA-8876493,InlA-mediated entry of Listeria monocytogenes into host cells,0.0859686187972365,1,14,1,5,MjAyNjA5MTMxMzA2MDZfMjMxMDU%3D
R-HSA-2871837,FCERI mediated NF-kB activation,0.0859686187972365,3,162,4,19,MjAyNjA5MTMxMzA2MDZfMjMxMDU%3D
R-HSA-917937,Iron uptake and transport,0.0859686187972365,2,83,8,33,MjAyNjA5MTMxMzA2MDZfMjMxMDU%3D
R-HSA-5684264,MAP3K8 (TPL2)-dependent MAPK1/3 activation,0.0859686187972365,1,18,2,8,MjAyNjA5MTMxMzA2MDZfMjMxMDU%3D
R-HSA-8866427,VLDLR internalisation and degradation,0.0859686187972365,1,16,1,4,MjAyNjA5MTMxMzA2MDZfMjMxMDU%3D
R-HSA-937039,IRAK1 recruits IKK complex,0.0859686187972365,1,16,1,4,MjAyNjA5MTMxMzA2MDZfMjMxMDU%3D
R-HSA-9707616,Heme signaling,0.0859686187972365,2,70,2,25,MjAyNjA5MTMxMzA2MDZfMjMxMDU%3D
R-HSA-4086400,PCP/CE pathway,0.0859686187972365,2,86,2,24,MjAyNjA5MTMxMzA2MDZfMjMxMDU%3D
R-HSA-166658,Complement cascade,0.0859686187972365,3,163,7,75,MjAyNjA5MTMxMzA2MDZfMjMxMDU%3D
R-HSA-453274,Mitotic G2-G2/M phases,0.0859686187972365,3,207,9,90,MjAyNjA5MTMxMzA2MDZfMjMxMDU%3D
R-HSA-381033,ATF6 (ATF6-alpha) activates chaperones,0.0859686187972365,1,17,1,10,MjAyNjA5MTMxMzA2MDZfMjMxMDU%3D
R-HSA-69275,G2/M Transition,0.0859686187972365,3,205,9,88,MjAyNjA5MTMxMzA2MDZfMjMxMDU%3D
R-HSA-209543,p75NTR recruits signalling complexes,0.0859686187972365,1,16,1,9,MjAyNjA5MTMxMzA2MDZfMjMxMDU%3D
R-HSA-9662834,CD163 mediating an anti-inflammatory response,0.0859686187972365,1,14,1,9,MjAyNjA5MTMxMzA2MDZfMjMxMDU%3D
R-HSA-450531,Regulation of mRNA stability by proteins that bind AU-rich elements,0.0859686187972365,2,80,3,26,MjAyNjA5MTMxMzA2MDZfMjMxMDU%3D
R-HSA-74160,Gene expression (Transcription),0.0859686187972365,14,1922,133,1139,MjAyNjA5MTMxMzA2MDZfMjMxMDU%3D
R-HSA-9686114,Non-canonical inflammasome activation,0.0859686187972365,1,18,2,17,MjAyNjA5MTMxMzA2MDZfMjMxMDU%3D
R-HSA-8849469,PTK6 Regulates RTKs and Their Effectors AKT1 and DOK1,0.0859686187972365,1,11,1,8,MjAyNjA5MTMxMzA2MDZfMjMxMDU%3D
R-HSA-8868773,rRNA processing in the nucleus and cytosol,0.0859686187972365,3,207,2,15,MjAyNjA5MTMxMzA2MDZfMjMxMDU%3D
R-HSA-9707564,Cytoprotection by HMOX1,0.0859686187972365,2,91,3,22,MjAyNjA5MTMxMzA2MDZfMjMxMDU%3D
R-HSA-9711097,Cellular response to starvation,0.0859686187972365,3,176,4,28,MjAyNjA5MTMxMzA2MDZfMjMxMDU%3D
R-HSA-168273,Influenza Viral RNA Transcription and Replication,0.0859686187972365,3,173,2,14,MjAyNjA5MTMxMzA2MDZfMjMxMDU%3D
R-HSA-3371497,HSP90 chaperone cycle for steroid hormone receptors (SHR) in the presence of ligand,0.0859686187972365,2,76,1,22,MjAyNjA5MTMxMzA2MDZfMjMxMDU%3D
R-HSA-75205,Dissolution of Fibrin Clot,0.0859686187972365,1,14,1,21,MjAyNjA5MTMxMzA2MDZfMjMxMDU%3D
R-HSA-9833482,PKR-mediated signaling,0.0859686187972365,2,88,1,40,MjAyNjA5MTMxMzA2MDZfMjMxMDU%3D
R-HSA-73857,RNA Polymerase II Transcription,0.0859686187972365,13,1678,62,939,MjAyNjA5MTMxMzA2MDZfMjMxMDU%3D
R-HSA-9824439,Bacterial Infection Pathways,0.0859686187972365,5,414,15,234,MjAyNjA5MTMxMzA2MDZfMjMxMDU%3D
R-HSA-2151201,Transcriptional activation of mitochondrial biogenesis,0.0859686187972365,2,89,2,32,MjAyNjA5MTMxMzA2MDZfMjMxMDU%3D
R-HSA-2408522,Selenoamino acid metabolism,0.0859686187972365,3,182,2,33,MjAyNjA5MTMxMzA2MDZfMjMxMDU%3D
R-HSA-9012999,RHO GTPase cycle,0.0859686187972365,5,460,5,91,MjAyNjA5MTMxMzA2MDZfMjMxMDU%3D
R-HSA-212436,Generic Transcription Pathway,0.0859686187972365,13,1574,62,879,MjAyNjA5MTMxMzA2MDZfMjMxMDU%3D
R-HSA-5620920,Cargo trafficking to the periciliary membrane,0.0859686187972365,2,79,2,29,MjAyNjA5MTMxMzA2MDZfMjMxMDU%3D
R-HSA-9638482,Metal ion assimilation from the host,0.0859686187972365,2,79,2,25,MjAyNjA5MTMxMzA2MDZfMjMxMDU%3D
R-HSA-418359,Reduction of cytosolic Ca++ levels,0.0859686187972365,1,15,1,3,MjAyNjA5MTMxMzA2MDZfMjMxMDU%3D
R-HSA-164843,2-LTR circle formation,0.0859686187972365,1,13,1,3,MjAyNjA5MTMxMzA2MDZfMjMxMDU%3D
R-HSA-175567,Integration of viral DNA into host genomic DNA,0.0859686187972365,1,9,1,3,MjAyNjA5MTMxMzA2MDZfMjMxMDU%3D
R-HSA-162587,HIV Life Cycle,0.0859686187972365,3,176,41,117,MjAyNjA5MTMxMzA2MDZfMjMxMDU%3D
R-HSA-451308,Activation of Ca-permeable Kainate Receptor,0.0859686187972365,1,13,2,2,MjAyNjA5MTMxMzA2MDZfMjMxMDU%3D
R-HSA-975144,IRAK1 recruits IKK complex upon TLR7/8 or 9 stimulation,0.0859686187972365,1,16,1,4,MjAyNjA5MTMxMzA2MDZfMjMxMDU%3D
R-HSA-209560,NF-kB is activated and signals survival,0.0859686187972365,1,15,1,4,MjAyNjA5MTMxMzA2MDZfMjMxMDU%3D
R-HSA-425561,Sodium/Calcium exchangers,0.0859686187972365,1,15,1,4,MjAyNjA5MTMxMzA2MDZfMjMxMDU%3D
R-HSA-9013973,TICAM1-dependent activation of IRF3/IRF7,0.0859686187972365,1,15,4,15,MjAyNjA5MTMxMzA2MDZfMjMxMDU%3D
R-HSA-6791226,Major pathway of rRNA processing in the nucleolus and cytosol,0.0859686187972365,3,189,2,7,MjAyNjA5MTMxMzA2MDZfMjMxMDU%3D
R-HSA-9948001,CASP4 inflammasome assembly,0.0859686187972365,1,13,2,7,MjAyNjA5MTMxMzA2MDZfMjMxMDU%3D
R-HSA-264870,Caspase-mediated cleavage of cytoskeletal proteins,0.0859686187972365,1,12,3,10,MjAyNjA5MTMxMzA2MDZfMjMxMDU%3D
R-HSA-199977,ER to Golgi Anterograde Transport,0.0859686187972365,3,165,13,39,MjAyNjA5MTMxMzA2MDZfMjMxMDU%3D
R-HSA-442720,CREB1 phosphorylation through the activation of Adenylate Cyclase,0.0859686187972365,1,17,2,6,MjAyNjA5MTMxMzA2MDZfMjMxMDU%3D
R-HSA-2691232,Constitutive Signaling by NOTCH1 HD Domain Mutants,0.0859686187972365,1,16,2,6,MjAyNjA5MTMxMzA2MDZfMjMxMDU%3D
R-HSA-2691230,Signaling by NOTCH1 HD Domain Mutants in Cancer,0.0859686187972365,1,16,2,6,MjAyNjA5MTMxMzA2MDZfMjMxMDU%3D
R-HSA-9609507,Protein localization,0.0859686187972365,3,171,20,53,MjAyNjA5MTMxMzA2MDZfMjMxMDU%3D
R-HSA-168927,"TICAM1, RIP1-mediated IKK complex recruitment",0.08934160093710142,1,19,1,3,MjAyNjA5MTMxMzA2MDZfMjMxMDU%3D
R-HSA-2173791,TGF-beta receptor signaling in EMT (epithelial to mesenchymal transition),0.08934160093710142,1,19,2,6,MjAyNjA5MTMxMzA2MDZfMjMxMDU%3D
R-HSA-8875360,InlB-mediated entry of Listeria monocytogenes into host cell,0.08934160093710142,1,19,3,8,MjAyNjA5MTMxMzA2MDZfMjMxMDU%3D
R-HSA-937072,TRAF6-mediated induction of TAK1 complex within TLR4 complex,0.08934160093710142,1,19,5,6,MjAyNjA5MTMxMzA2MDZfMjMxMDU%3D
R-HSA-110312,Translesion synthesis by REV1,0.08934160093710142,1,19,4,5,MjAyNjA5MTMxMzA2MDZfMjMxMDU%3D
R-HSA-1295596,Spry regulation of FGF signaling,0.08934160093710142,1,19,2,11,MjAyNjA5MTMxMzA2MDZfMjMxMDU%3D
R-HSA-193639,p75NTR signals via NF-kB,0.08934160093710142,1,19,2,13,MjAyNjA5MTMxMzA2MDZfMjMxMDU%3D
R-HSA-8876725,Protein methylation,0.08934160093710142,1,19,1,9,MjAyNjA5MTMxMzA2MDZfMjMxMDU%3D
R-HSA-9933946,Formation of the embryonic stem cell BAF (esBAF) complex,0.08934160093710142,1,19,1,5,MjAyNjA5MTMxMzA2MDZfMjMxMDU%3D
R-HSA-9979719,Processing of antigen in germinal center B cells,0.09036953453876384,2,102,1,4,MjAyNjA5MTMxMzA2MDZfMjMxMDU%3D
R-HSA-9708530,Regulation of BACH1 activity,0.09381890941099624,1,20,1,8,MjAyNjA5MTMxMzA2MDZfMjMxMDU%3D
R-HSA-8983711,OAS antiviral response,0.09381890941099624,1,20,1,15,MjAyNjA5MTMxMzA2MDZfMjMxMDU%3D
R-HSA-9706369,Negative regulation of FLT3,0.09381890941099624,1,20,1,12,MjAyNjA5MTMxMzA2MDZfMjMxMDU%3D
R-HSA-9758274,Regulation of NF-kappa B signaling,0.09381890941099624,1,20,2,11,MjAyNjA5MTMxMzA2MDZfMjMxMDU%3D
R-HSA-5656121,Translesion synthesis by POLI,0.09381890941099624,1,20,3,3,MjAyNjA5MTMxMzA2MDZfMjMxMDU%3D
R-HSA-168268,Virus Assembly and Release,0.09381890941099624,1,20,1,21,MjAyNjA5MTMxMzA2MDZfMjMxMDU%3D
R-HSA-354194,GRB2:SOS provides linkage to MAPK signaling for Integrins ,0.09381890941099624,1,20,2,2,MjAyNjA5MTMxMzA2MDZfMjMxMDU%3D
R-HSA-948021,Transport to the Golgi and subsequent modification,0.0949374756755651,3,220,13,60,MjAyNjA5MTMxMzA2MDZfMjMxMDU%3D
R-HSA-5607764,CLEC7A (Dectin-1) signaling,0.09792880184205799,2,107,10,45,MjAyNjA5MTMxMzA2MDZfMjMxMDU%3D
R-HSA-2730905,Role of LAT2/NTAL/LAB on calcium mobilization,0.09792880184205799,2,107,2,7,MjAyNjA5MTMxMzA2MDZfMjMxMDU%3D
R-HSA-6811434,COPI-dependent Golgi-to-ER retrograde traffic,0.09792880184205799,2,107,2,11,MjAyNjA5MTMxMzA2MDZfMjMxMDU%3D
R-HSA-6807878,COPI-mediated anterograde transport,0.09792880184205799,2,107,2,12,MjAyNjA5MTMxMzA2MDZfMjMxMDU%3D
R-HSA-975110,TRAF6 mediated IRF7 activation in TLR7/8 or 9 signaling,0.09827447874570461,1,21,1,5,MjAyNjA5MTMxMzA2MDZfMjMxMDU%3D
R-HSA-936964,"Activation of IRF3, IRF7 mediated by TBK1, IKKε (IKBKE)",0.09827447874570461,1,21,4,15,MjAyNjA5MTMxMzA2MDZfMjMxMDU%3D
R-HSA-5655862,Translesion synthesis by POLK,0.09827447874570461,1,21,3,3,MjAyNjA5MTMxMzA2MDZfMjMxMDU%3D
R-HSA-3134975,Regulation of innate immune responses to cytosolic DNA,0.09827447874570461,1,21,4,9,MjAyNjA5MTMxMzA2MDZfMjMxMDU%3D
R-HSA-9675151,Disorders of Developmental Biology,0.09827447874570461,1,21,1,6,MjAyNjA5MTMxMzA2MDZfMjMxMDU%3D
R-HSA-449147,Signaling by Interleukins,0.09896436540129283,6,646,19,505,MjAyNjA5MTMxMzA2MDZfMjMxMDU%3D
R-HSA-170834,Signaling by TGF-beta Receptor Complex,0.09946178560640695,2,108,20,100,MjAyNjA5MTMxMzA2MDZfMjMxMDU%3D
R-HSA-372708,p130Cas linkage to MAPK signaling for integrins,0.10270841316380586,1,22,3,3,MjAyNjA5MTMxMzA2MDZfMjMxMDU%3D
R-HSA-5210891,Uptake and function of anthrax toxins,0.10270841316380586,1,22,1,20,MjAyNjA5MTMxMzA2MDZfMjMxMDU%3D
R-HSA-3229121,Glycogen storage diseases,0.10270841316380586,1,22,1,10,MjAyNjA5MTMxMzA2MDZfMjMxMDU%3D
R-HSA-4641263,Regulation of FZD by ubiquitination,0.10270841316380586,1,22,3,6,MjAyNjA5MTMxMzA2MDZfMjMxMDU%3D
R-HSA-112314,Neurotransmitter receptors and postsynaptic signal transmission,0.10690932773860762,3,232,34,110,MjAyNjA5MTMxMzA2MDZfMjMxMDU%3D
R-HSA-6804760,Regulation of TP53 Activity through Methylation,0.10712081639461168,1,23,1,12,MjAyNjA5MTMxMzA2MDZfMjMxMDU%3D
R-HSA-5625900,RHO GTPases activate CIT,0.10712081639461168,1,23,1,6,MjAyNjA5MTMxMzA2MDZfMjMxMDU%3D
R-HSA-163615,PKA activation,0.10712081639461168,1,23,1,4,MjAyNjA5MTMxMzA2MDZfMjMxMDU%3D
R-HSA-8856825,Cargo recognition for clathrin-mediated endocytosis,0.11037750287611914,2,115,2,15,MjAyNjA5MTMxMzA2MDZfMjMxMDU%3D
R-HSA-912631,Regulation of signaling by CBL,0.11151179167644576,1,24,1,7,MjAyNjA5MTMxMzA2MDZfMjMxMDU%3D
R-HSA-5627117,RHO GTPases Activate ROCKs,0.11151179167644576,1,24,2,7,MjAyNjA5MTMxMzA2MDZfMjMxMDU%3D
R-HSA-174048,APC/C:Cdc20 mediated degradation of Cyclin B,0.11151179167644576,1,24,2,3,MjAyNjA5MTMxMzA2MDZfMjMxMDU%3D
R-HSA-9013418,RHOBTB2 GTPase cycle,0.11151179167644576,1,24,1,2,MjAyNjA5MTMxMzA2MDZfMjMxMDU%3D
R-HSA-9968297,Somatic hypermutation of immunoglobulin genes by error-prone base excision repair (BER),0.11151179167644576,1,24,5,6,MjAyNjA5MTMxMzA2MDZfMjMxMDU%3D
R-HSA-9013422,RHOBTB1 GTPase cycle,0.11151179167644576,1,24,1,2,MjAyNjA5MTMxMzA2MDZfMjMxMDU%3D
R-HSA-937041,IKK complex recruitment mediated by RIP1,0.11151179167644576,1,24,1,3,MjAyNjA5MTMxMzA2MDZfMjMxMDU%3D
R-HSA-110320,Translesion Synthesis by POLH,0.11151179167644576,1,24,7,8,MjAyNjA5MTMxMzA2MDZfMjMxMDU%3D
R-HSA-5696398,Nucleotide Excision Repair,0.11355271771272935,2,117,28,37,MjAyNjA5MTMxMzA2MDZfMjMxMDU%3D
R-HSA-3000471,Scavenging by Class B Receptors,0.11588144175891435,1,25,1,7,MjAyNjA5MTMxMzA2MDZfMjMxMDU%3D
R-HSA-6807004,Negative regulation of MET activity,0.11588144175891435,1,25,3,12,MjAyNjA5MTMxMzA2MDZfMjMxMDU%3D
R-HSA-9934037,Formation of neuronal progenitor and neuronal BAF (npBAF and nBAF),0.11588144175891435,1,25,2,2,MjAyNjA5MTMxMzA2MDZfMjMxMDU%3D
R-HSA-416572,Sema4D induced cell migration and growth-cone collapse,0.11588144175891435,1,25,1,7,MjAyNjA5MTMxMzA2MDZfMjMxMDU%3D
R-HSA-163210,Formation of ATP by chemiosmotic coupling,0.11588144175891435,1,25,3,3,MjAyNjA5MTMxMzA2MDZfMjMxMDU%3D
R-HSA-3322077,Glycogen synthesis,0.11588144175891435,1,25,2,22,MjAyNjA5MTMxMzA2MDZfMjMxMDU%3D
R-HSA-2672351,Stimuli-sensing channels,0.1183596774210629,2,120,2,33,MjAyNjA5MTMxMzA2MDZfMjMxMDU%3D
R-HSA-9648025,EML4 and NUDC in mitotic spindle formation,0.11997339142231334,2,121,2,5,MjAyNjA5MTMxMzA2MDZfMjMxMDU%3D
R-HSA-2979096,NOTCH2 Activation and Transmission of Signal to the Nucleus,0.12022986890524523,1,26,2,13,MjAyNjA5MTMxMzA2MDZfMjMxMDU%3D
R-HSA-5637815,Signaling by Ligand-Responsive EGFR Variants in Cancer,0.12022986890524523,1,26,1,23,MjAyNjA5MTMxMzA2MDZfMjMxMDU%3D
R-HSA-9931295,PD-L1(CD274) glycosylation and translocation to plasma membrane,0.12022986890524523,1,26,1,7,MjAyNjA5MTMxMzA2MDZfMjMxMDU%3D
R-HSA-210991,Basigin interactions,0.12022986890524523,1,26,1,10,MjAyNjA5MTMxMzA2MDZfMjMxMDU%3D
R-HSA-179409,APC-Cdc20 mediated degradation of Nek2A,0.12022986890524523,1,26,2,3,MjAyNjA5MTMxMzA2MDZfMjMxMDU%3D
R-HSA-450321,JNK (c-Jun kinases) phosphorylation and  activation mediated by activated human TAK1,0.12022986890524523,1,26,1,3,MjAyNjA5MTMxMzA2MDZfMjMxMDU%3D
R-HSA-111931,PKA-mediated phosphorylation of CREB,0.12022986890524523,1,26,1,7,MjAyNjA5MTMxMzA2MDZfMjMxMDU%3D
R-HSA-5602498,MyD88 deficiency (TLR2/4),0.12022986890524523,1,26,2,2,MjAyNjA5MTMxMzA2MDZfMjMxMDU%3D
R-HSA-1236382,Constitutive Signaling by Ligand-Responsive EGFR Cancer Variants,0.12022986890524523,1,26,1,23,MjAyNjA5MTMxMzA2MDZfMjMxMDU%3D
R-HSA-9734779,Developmental Cell Lineages of the Integumentary System,0.12159264806734649,2,122,5,12,MjAyNjA5MTMxMzA2MDZfMjMxMDU%3D
R-HSA-1852241,Organelle biogenesis and maintenance,0.12389000459075017,4,387,5,119,MjAyNjA5MTMxMzA2MDZfMjMxMDU%3D
R-HSA-2995383,Initiation of Nuclear Envelope (NE) Reformation,0.12455717489449747,1,27,2,7,MjAyNjA5MTMxMzA2MDZfMjMxMDU%3D
R-HSA-438066,"Unblocking of NMDA receptors, glutamate binding and activation",0.12455717489449747,1,27,1,5,MjAyNjA5MTMxMzA2MDZfMjMxMDU%3D
R-HSA-8876384,Listeria monocytogenes entry into host cells,0.12455717489449747,1,27,4,13,MjAyNjA5MTMxMzA2MDZfMjMxMDU%3D
R-HSA-9705462,Inactivation of CSF3 (G-CSF) signaling,0.12455717489449747,1,27,1,9,MjAyNjA5MTMxMzA2MDZfMjMxMDU%3D
R-HSA-9755088,Ribavirin ADME,0.12455717489449747,1,27,1,12,MjAyNjA5MTMxMzA2MDZfMjMxMDU%3D
R-HSA-9617324,Negative regulation of NMDA receptor-mediated neuronal transmission,0.12455717489449747,1,27,4,4,MjAyNjA5MTMxMzA2MDZfMjMxMDU%3D
R-HSA-450302,activated TAK1 mediates p38 MAPK activation,0.12455717489449747,1,27,1,5,MjAyNjA5MTMxMzA2MDZfMjMxMDU%3D
R-HSA-5603041,IRAK4 deficiency (TLR2/4),0.12455717489449747,1,27,1,1,MjAyNjA5MTMxMzA2MDZfMjMxMDU%3D
R-HSA-442982,Ras activation upon Ca2+ influx through NMDA receptor,0.12455717489449747,1,27,2,2,MjAyNjA5MTMxMzA2MDZfMjMxMDU%3D
R-HSA-9968295,Somatic hypermutation of immunoglobulin genes by error-prone mismatch repair (MMR),0.12455717489449747,1,27,2,8,MjAyNjA5MTMxMzA2MDZfMjMxMDU%3D
R-HSA-5696397,Gap-filling DNA repair synthesis and ligation in GG-NER,0.12455717489449747,1,27,2,2,MjAyNjA5MTMxMzA2MDZfMjMxMDU%3D
R-HSA-9636383,Prevention of phagosomal-lysosomal fusion,0.12455717489449747,1,27,2,11,MjAyNjA5MTMxMzA2MDZfMjMxMDU%3D
R-HSA-2871796,FCERI mediated MAPK activation,0.12484742396830584,2,124,2,20,MjAyNjA5MTMxMzA2MDZfMjMxMDU%3D
R-HSA-9692914,SARS-CoV-1-host interactions,0.12484742396830584,2,124,6,50,MjAyNjA5MTMxMzA2MDZfMjMxMDU%3D
R-HSA-72312,rRNA processing,0.12808884191502368,3,252,2,22,MjAyNjA5MTMxMzA2MDZfMjMxMDU%3D
R-HSA-9938206,Developmental Lineage of Mammary Stem Cells,0.12886346102387836,1,28,1,1,MjAyNjA5MTMxMzA2MDZfMjMxMDU%3D
R-HSA-9013507,NOTCH3 Activation and Transmission of Signal to the Nucleus,0.12886346102387836,1,28,2,15,MjAyNjA5MTMxMzA2MDZfMjMxMDU%3D
R-HSA-2173788,Downregulation of TGF-beta receptor signaling,0.12886346102387836,1,28,8,28,MjAyNjA5MTMxMzA2MDZfMjMxMDU%3D
R-HSA-5628897,TP53 Regulates Metabolic Genes,0.13141951037995891,2,128,3,34,MjAyNjA5MTMxMzA2MDZfMjMxMDU%3D
R-HSA-9769726,Defects of Coagulation cascade,0.1331488281109724,1,29,1,18,MjAyNjA5MTMxMzA2MDZfMjMxMDU%3D
R-HSA-9958810,"SRC activates STAT3 in a quantitative manner, through Cadherin-11 (CDH11), RAC1 and gp130 (IL6ST)",0.1331488281109724,1,29,1,9,MjAyNjA5MTMxMzA2MDZfMjMxMDU%3D
R-HSA-389957,Prefoldin mediated transfer of substrate  to CCT/TriC,0.1331488281109724,1,29,2,2,MjAyNjA5MTMxMzA2MDZfMjMxMDU%3D
R-HSA-1592230,Mitochondrial biogenesis,0.1364005200429108,2,131,3,36,MjAyNjA5MTMxMzA2MDZfMjMxMDU%3D
R-HSA-429947,Deadenylation of mRNA,0.1374133764959592,1,30,4,4,MjAyNjA5MTMxMzA2MDZfMjMxMDU%3D
R-HSA-110314,Recognition of DNA damage by PCNA-containing replication complex,0.1374133764959592,1,30,3,6,MjAyNjA5MTMxMzA2MDZfMjMxMDU%3D
R-HSA-983169,Class I MHC mediated antigen processing & presentation,0.13767217205694238,4,403,18,52,MjAyNjA5MTMxMzA2MDZfMjMxMDU%3D
R-HSA-8878166,Transcriptional regulation by RUNX2,0.1397446379336359,2,133,8,81,MjAyNjA5MTMxMzA2MDZfMjMxMDU%3D
R-HSA-168188,Toll Like Receptor TLR6:TLR2 Cascade,0.1397446379336359,2,133,29,78,MjAyNjA5MTMxMzA2MDZfMjMxMDU%3D
R-HSA-166058,MyD88:MAL(TIRAP) cascade initiated on plasma membrane,0.1397446379336359,2,133,29,76,MjAyNjA5MTMxMzA2MDZfMjMxMDU%3D
R-HSA-2160916,Hyaluronan degradation,0.1416572060438993,1,31,2,12,MjAyNjA5MTMxMzA2MDZfMjMxMDU%3D
R-HSA-3214842,HDMs demethylate histones,0.1416572060438993,1,31,3,17,MjAyNjA5MTMxMzA2MDZfMjMxMDU%3D
R-HSA-70221,Glycogen breakdown (glycogenolysis),0.1416572060438993,1,31,3,16,MjAyNjA5MTMxMzA2MDZfMjMxMDU%3D
R-HSA-400685,Sema4D in semaphorin signaling,0.1416572060438993,1,31,1,13,MjAyNjA5MTMxMzA2MDZfMjMxMDU%3D
R-HSA-9620244,Long-term potentiation,0.1416572060438993,1,31,6,7,MjAyNjA5MTMxMzA2MDZfMjMxMDU%3D
R-HSA-9759194,Nuclear events mediated by NFE2L2,0.14310672653373147,2,135,5,85,MjAyNjA5MTMxMzA2MDZfMjMxMDU%3D
R-HSA-2500257,Resolution of Sister Chromatid Cohesion,0.14310672653373147,2,135,4,13,MjAyNjA5MTMxMzA2MDZfMjMxMDU%3D
R-HSA-181438,Toll Like Receptor 2 (TLR2) Cascade,0.14479430301788487,2,136,29,80,MjAyNjA5MTMxMzA2MDZfMjMxMDU%3D
R-HSA-9635486,Infection with Mycobacterium tuberculosis,0.14479430301788487,2,136,3,73,MjAyNjA5MTMxMzA2MDZfMjMxMDU%3D
R-HSA-168179,Toll Like Receptor TLR1:TLR2 Cascade,0.14479430301788487,2,136,29,78,MjAyNjA5MTMxMzA2MDZfMjMxMDU%3D
R-HSA-2122948,Activated NOTCH1 Transmits Signal to the Nucleus,0.14588041614689295,1,32,5,21,MjAyNjA5MTMxMzA2MDZfMjMxMDU%3D
R-HSA-901032,ER Quality Control Compartment (ERQC),0.14588041614689295,1,32,2,8,MjAyNjA5MTMxMzA2MDZfMjMxMDU%3D
R-HSA-1643713,Signaling by EGFR in Cancer,0.14588041614689295,1,32,1,42,MjAyNjA5MTMxMzA2MDZfMjMxMDU%3D
R-HSA-9932451,SWI/SNF chromatin remodelers,0.14588041614689295,1,32,7,21,MjAyNjA5MTMxMzA2MDZfMjMxMDU%3D
R-HSA-2132295,MHC class II antigen presentation,0.1464861253512435,2,137,1,26,MjAyNjA5MTMxMzA2MDZfMjMxMDU%3D
R-HSA-9770562,mRNA Polyadenylation,0.14988218481137072,2,139,13,20,MjAyNjA5MTMxMzA2MDZfMjMxMDU%3D
R-HSA-9637687,Suppression of phagosomal maturation,0.15008310572634498,1,33,2,17,MjAyNjA5MTMxMzA2MDZfMjMxMDU%3D
R-HSA-8949613,Cristae formation,0.15008310572634498,1,33,1,2,MjAyNjA5MTMxMzA2MDZfMjMxMDU%3D
R-HSA-3928663,EPHA-mediated growth cone collapse,0.15008310572634498,1,33,1,4,MjAyNjA5MTMxMzA2MDZfMjMxMDU%3D
R-HSA-5357956,TNFR1-induced NF-kappa-B signaling pathway,0.15008310572634498,1,33,1,5,MjAyNjA5MTMxMzA2MDZfMjMxMDU%3D
R-HSA-83936,Transport of nucleosides and free purine and pyrimidine bases across the plasma membrane,0.15008310572634498,1,33,1,16,MjAyNjA5MTMxMzA2MDZfMjMxMDU%3D
R-HSA-8866652,Synthesis of active ubiquitin: roles of E1 and E2 enzymes,0.15008310572634498,1,33,13,16,MjAyNjA5MTMxMzA2MDZfMjMxMDU%3D
R-HSA-5218921,VEGFR2 mediated cell proliferation,0.15008310572634498,1,33,1,12,MjAyNjA5MTMxMzA2MDZfMjMxMDU%3D
R-HSA-451326,Activation of kainate receptors upon glutamate binding,0.1542653732351421,1,34,2,6,MjAyNjA5MTMxMzA2MDZfMjMxMDU%3D
R-HSA-5205685,PINK1-PRKN Mediated Mitophagy,0.1542653732351421,1,34,1,16,MjAyNjA5MTMxMzA2MDZfMjMxMDU%3D
R-HSA-5654732,Negative regulation of FGFR3 signaling,0.1542653732351421,1,34,3,14,MjAyNjA5MTMxMzA2MDZfMjMxMDU%3D
R-HSA-8940973,RUNX2 regulates osteoblast differentiation,0.1542653732351421,1,34,1,24,MjAyNjA5MTMxMzA2MDZfMjMxMDU%3D
R-HSA-9679506,SARS-CoV Infections,0.1576627793208274,5,580,14,404,MjAyNjA5MTMxMzA2MDZfMjMxMDU%3D
R-HSA-180024,DARPP-32 events,0.15842731665982035,1,35,2,12,MjAyNjA5MTMxMzA2MDZfMjMxMDU%3D
R-HSA-5656169,Termination of translesion DNA synthesis,0.15842731665982035,1,35,6,9,MjAyNjA5MTMxMzA2MDZfMjMxMDU%3D
R-HSA-9674555,Signaling by CSF3 (G-CSF),0.15842731665982035,1,35,1,21,MjAyNjA5MTMxMzA2MDZfMjMxMDU%3D
R-HSA-5654733,Negative regulation of FGFR4 signaling,0.15842731665982035,1,35,3,14,MjAyNjA5MTMxMzA2MDZfMjMxMDU%3D
R-HSA-418360,Platelet calcium homeostasis,0.15842731665982035,1,35,1,8,MjAyNjA5MTMxMzA2MDZfMjMxMDU%3D
R-HSA-917729,Endosomal Sorting Complex Required For Transport (ESCRT),0.15842731665982035,1,35,4,4,MjAyNjA5MTMxMzA2MDZfMjMxMDU%3D
R-HSA-8863795,Downregulation of ERBB2 signaling,0.16256903352279872,1,36,7,14,MjAyNjA5MTMxMzA2MDZfMjMxMDU%3D
R-HSA-8856688,Golgi-to-ER retrograde transport,0.16535374756119814,2,148,4,18,MjAyNjA5MTMxMzA2MDZfMjMxMDU%3D
R-HSA-211733,Regulation of activated PAK-2p34 by proteasome mediated degradation,0.1666906208844886,1,37,2,2,MjAyNjA5MTMxMzA2MDZfMjMxMDU%3D
R-HSA-182971,EGFR downregulation,0.1666906208844886,1,37,6,22,MjAyNjA5MTMxMzA2MDZfMjMxMDU%3D
R-HSA-5694530,Cargo concentration in the ER,0.1666906208844886,1,37,2,12,MjAyNjA5MTMxMzA2MDZfMjMxMDU%3D
R-HSA-1474151,"Tetrahydrobiopterin (BH4) synthesis, recycling, salvage and regulation",0.1666906208844886,1,37,2,16,MjAyNjA5MTMxMzA2MDZfMjMxMDU%3D
R-HSA-9833109,Evasion by RSV of host interferon responses,0.1666906208844886,1,37,2,12,MjAyNjA5MTMxMzA2MDZfMjMxMDU%3D
R-HSA-936440,Negative regulators of DDX58/IFIH1 signaling,0.1666906208844886,1,37,4,13,MjAyNjA5MTMxMzA2MDZfMjMxMDU%3D
R-HSA-2173795,Downregulation of SMAD2/3:SMAD4 transcriptional activity,0.17079217534550684,1,38,7,27,MjAyNjA5MTMxMzA2MDZfMjMxMDU%3D
R-HSA-5576892,Phase 0 - rapid depolarisation,0.17079217534550684,1,38,1,2,MjAyNjA5MTMxMzA2MDZfMjMxMDU%3D
R-HSA-111465,Apoptotic cleavage of cellular proteins,0.17079217534550684,1,38,3,38,MjAyNjA5MTMxMzA2MDZfMjMxMDU%3D
R-HSA-9013424,RHOV GTPase cycle,0.17487379304880313,1,39,1,2,MjAyNjA5MTMxMzA2MDZfMjMxMDU%3D
R-HSA-5675482,Regulation of necroptotic cell death,0.17487379304880313,1,39,7,21,MjAyNjA5MTMxMzA2MDZfMjMxMDU%3D
R-HSA-354192,Integrin signaling,0.17487379304880313,1,39,15,24,MjAyNjA5MTMxMzA2MDZfMjMxMDU%3D
R-HSA-9022692,Regulation of MECP2 expression and activity,0.17487379304880313,1,39,3,14,MjAyNjA5MTMxMzA2MDZfMjMxMDU%3D
R-HSA-442742,CREB1 phosphorylation through NMDA receptor-mediated activation of RAS signaling,0.17487379304880313,1,39,2,7,MjAyNjA5MTMxMzA2MDZfMjMxMDU%3D
R-HSA-5654726,Negative regulation of FGFR1 signaling,0.17487379304880313,1,39,3,15,MjAyNjA5MTMxMzA2MDZfMjMxMDU%3D
R-HSA-9818027,NFE2L2 regulating anti-oxidant/detoxification enzymes,0.17893556968177837,1,40,3,28,MjAyNjA5MTMxMzA2MDZfMjMxMDU%3D
R-HSA-180534,Vpu mediated degradation of CD4,0.17893556968177837,1,40,2,5,MjAyNjA5MTMxMzA2MDZfMjMxMDU%3D
R-HSA-1855204,Synthesis of IP3 and IP4 in the cytosol,0.17893556968177837,1,40,1,12,MjAyNjA5MTMxMzA2MDZfMjMxMDU%3D
R-HSA-349425,Autodegradation of the E3 ubiquitin ligase COP1,0.18297760047846667,1,41,2,5,MjAyNjA5MTMxMzA2MDZfMjMxMDU%3D
R-HSA-2142845,Hyaluronan metabolism,0.18297760047846667,1,41,3,15,MjAyNjA5MTMxMzA2MDZfMjMxMDU%3D
R-HSA-5673000,RAF activation,0.18297760047846667,1,41,1,12,MjAyNjA5MTMxMzA2MDZfMjMxMDU%3D
R-HSA-9735869,SARS-CoV-1 modulates host translation machinery,0.18297760047846667,1,41,1,3,MjAyNjA5MTMxMzA2MDZfMjMxMDU%3D
R-HSA-168638,NOD1/2 Signaling Pathway,0.18297760047846667,1,41,5,18,MjAyNjA5MTMxMzA2MDZfMjMxMDU%3D
R-HSA-5654727,Negative regulation of FGFR2 signaling,0.18297760047846667,1,41,3,14,MjAyNjA5MTMxMzA2MDZfMjMxMDU%3D
R-HSA-5686938,Regulation of TLR by endogenous ligand,0.18297760047846667,1,41,1,13,MjAyNjA5MTMxMzA2MDZfMjMxMDU%3D
R-HSA-1980145,Signaling by NOTCH2,0.18297760047846667,1,41,2,22,MjAyNjA5MTMxMzA2MDZfMjMxMDU%3D
R-HSA-75815,Ubiquitin-dependent degradation of Cyclin D,0.18297760047846667,1,41,2,5,MjAyNjA5MTMxMzA2MDZfMjMxMDU%3D
R-HSA-5696400,Dual Incision in GG-NER,0.18297760047846667,1,41,2,3,MjAyNjA5MTMxMzA2MDZfMjMxMDU%3D
R-HSA-9680350,Signaling by CSF1 (M-CSF) in myeloid cells,0.18297760047846667,1,41,1,14,MjAyNjA5MTMxMzA2MDZfMjMxMDU%3D
R-HSA-5205647,Mitophagy,0.18297760047846667,1,41,1,23,MjAyNjA5MTMxMzA2MDZfMjMxMDU%3D
R-HSA-174113,SCF-beta-TrCP mediated degradation of Emi1,0.1869999802215968,1,42,2,3,MjAyNjA5MTMxMzA2MDZfMjMxMDU%3D
R-HSA-917977,Transferrin endocytosis and recycling,0.1869999802215968,1,42,6,11,MjAyNjA5MTMxMzA2MDZfMjMxMDU%3D
R-HSA-8854050,FBXL7 down-regulates AURKA during mitotic entry and in early mitosis,0.1869999802215968,1,42,4,6,MjAyNjA5MTMxMzA2MDZfMjMxMDU%3D
R-HSA-2559585,Oncogene Induced Senescence,0.1869999802215968,1,42,1,19,MjAyNjA5MTMxMzA2MDZfMjMxMDU%3D
R-HSA-169911,Regulation of Apoptosis,0.1869999802215968,1,42,2,5,MjAyNjA5MTMxMzA2MDZfMjMxMDU%3D
R-HSA-203615,eNOS activation,0.1869999802215968,1,42,9,19,MjAyNjA5MTMxMzA2MDZfMjMxMDU%3D
R-HSA-162599,Late Phase of HIV Life Cycle,0.1881631611512008,2,161,6,78,MjAyNjA5MTMxMzA2MDZfMjMxMDU%3D
R-HSA-180585,Vif-mediated degradation of APOBEC3G,0.19100280324475494,1,43,2,4,MjAyNjA5MTMxMzA2MDZfMjMxMDU%3D
R-HSA-9682385,FLT3 signaling in disease,0.19100280324475494,1,43,1,52,MjAyNjA5MTMxMzA2MDZfMjMxMDU%3D
R-HSA-6804757,Regulation of TP53 Degradation,0.19100280324475494,1,43,7,30,MjAyNjA5MTMxMzA2MDZfMjMxMDU%3D
R-HSA-8941326,RUNX2 regulates bone development,0.19100280324475494,1,43,1,32,MjAyNjA5MTMxMzA2MDZfMjMxMDU%3D
R-HSA-72187,mRNA 3'-end processing,0.19349027296695875,2,164,13,21,MjAyNjA5MTMxMzA2MDZfMjMxMDU%3D
R-HSA-419037,NCAM1 interactions,0.19498616343446273,1,44,1,10,MjAyNjA5MTMxMzA2MDZfMjMxMDU%3D
R-HSA-9762114,GSK3B and BTRC:CUL1-mediated-degradation of NFE2L2,0.19498616343446273,1,44,2,4,MjAyNjA5MTMxMzA2MDZfMjMxMDU%3D
R-HSA-5689896,Ovarian tumor domain proteases,0.19498616343446273,1,44,7,14,MjAyNjA5MTMxMzA2MDZfMjMxMDU%3D
R-HSA-111997,CaM pathway,0.19498616343446273,1,44,14,24,MjAyNjA5MTMxMzA2MDZfMjMxMDU%3D
R-HSA-111933,Calmodulin induced events,0.19498616343446273,1,44,13,23,MjAyNjA5MTMxMzA2MDZfMjMxMDU%3D
R-HSA-4641258,Degradation of DVL,0.19498616343446273,1,44,4,7,MjAyNjA5MTMxMzA2MDZfMjMxMDU%3D
R-HSA-4641257,Degradation of AXIN,0.19498616343446273,1,44,4,8,MjAyNjA5MTMxMzA2MDZfMjMxMDU%3D
R-HSA-180910,Vpr-mediated nuclear import of PICs,0.19498616343446273,1,44,2,2,MjAyNjA5MTMxMzA2MDZfMjMxMDU%3D
R-HSA-9974237,Negative Regulation of DNA Double Strand Break Response,0.19498616343446273,1,44,2,3,MjAyNjA5MTMxMzA2MDZfMjMxMDU%3D
R-HSA-166016,Toll Like Receptor 4 (TLR4) Cascade,0.1970528990235927,2,166,39,113,MjAyNjA5MTMxMzA2MDZfMjMxMDU%3D
R-HSA-5213460,RIPK1-mediated regulated necrosis,0.19895015423224793,1,45,7,29,MjAyNjA5MTMxMzA2MDZfMjMxMDU%3D
R-HSA-9679191,Potential therapeutics for SARS,0.20062390702054023,2,168,1,36,MjAyNjA5MTMxMzA2MDZfMjMxMDU%3D
R-HSA-9755511,KEAP1-NFE2L2 pathway,0.2024123982842454,2,169,13,117,MjAyNjA5MTMxMzA2MDZfMjMxMDU%3D
R-HSA-9929356,GSK3B-mediated proteasomal degradation of PD-L1(CD274),0.20289486863677597,1,46,3,7,MjAyNjA5MTMxMzA2MDZfMjMxMDU%3D
R-HSA-202131,Metabolism of nitric oxide: NOS3 activation and regulation,0.20289486863677597,1,46,9,25,MjAyNjA5MTMxMzA2MDZfMjMxMDU%3D
R-HSA-69541,Stabilization of p53,0.20289486863677597,1,46,4,15,MjAyNjA5MTMxMzA2MDZfMjMxMDU%3D
R-HSA-3769402,Deactivation of the beta-catenin transactivating complex,0.20289486863677597,1,46,1,14,MjAyNjA5MTMxMzA2MDZfMjMxMDU%3D
R-HSA-9035034,RHOF GTPase cycle,0.20289486863677597,1,46,1,3,MjAyNjA5MTMxMzA2MDZfMjMxMDU%3D
R-HSA-6806003,Regulation of TP53 Expression and Degradation,0.20289486863677597,1,46,7,35,MjAyNjA5MTMxMzA2MDZfMjMxMDU%3D
R-HSA-8964043,Plasma lipoprotein clearance,0.20289486863677597,1,46,1,36,MjAyNjA5MTMxMzA2MDZfMjMxMDU%3D
R-HSA-5696395,Formation of Incision Complex in GG-NER,0.20682039920586504,1,47,7,10,MjAyNjA5MTMxMzA2MDZfMjMxMDU%3D
R-HSA-8941858,Regulation of RUNX3 expression and activity,0.20682039920586504,1,47,3,9,MjAyNjA5MTMxMzA2MDZfMjMxMDU%3D
R-HSA-9604323,Negative regulation of NOTCH4 signaling,0.20682039920586504,1,47,2,6,MjAyNjA5MTMxMzA2MDZfMjMxMDU%3D
R-HSA-5602358,Diseases associated with the TLR signaling cascade,0.20682039920586504,1,47,3,14,MjAyNjA5MTMxMzA2MDZfMjMxMDU%3D
R-HSA-9607240,FLT3 Signaling,0.21072683805859782,1,48,1,43,MjAyNjA5MTMxMzA2MDZfMjMxMDU%3D
R-HSA-9929491,SPOP-mediated proteasomal degradation of PD-L1(CD274),0.21072683805859782,1,48,2,6,MjAyNjA5MTMxMzA2MDZfMjMxMDU%3D
R-HSA-5218920,VEGFR2 mediated vascular permeability,0.21072683805859782,1,48,7,15,MjAyNjA5MTMxMzA2MDZfMjMxMDU%3D
R-HSA-110313,Translesion synthesis by Y family DNA polymerases bypasses lesions on DNA template,0.21072683805859782,1,48,23,28,MjAyNjA5MTMxMzA2MDZfMjMxMDU%3D
R-HSA-5676590,NIK-->noncanonical NF-kB signaling,0.21072683805859782,1,48,2,9,MjAyNjA5MTMxMzA2MDZfMjMxMDU%3D
R-HSA-9820841,M-decay: degradation of maternal mRNAs by maternally stored factors,0.21072683805859782,1,48,2,7,MjAyNjA5MTMxMzA2MDZfMjMxMDU%3D
R-HSA-3214841,PKMTs methylate histone lysines,0.21072683805859782,1,48,3,22,MjAyNjA5MTMxMzA2MDZfMjMxMDU%3D
R-HSA-5362768,Hh mutants are degraded by ERAD,0.21072683805859782,1,48,2,6,MjAyNjA5MTMxMzA2MDZfMjMxMDU%3D
R-HSA-5675221,Negative regulation of MAPK pathway,0.21461427687735413,1,49,1,17,MjAyNjA5MTMxMzA2MDZfMjMxMDU%3D
R-HSA-9932298,Degradation of CRY and PER proteins,0.21461427687735413,1,49,6,9,MjAyNjA5MTMxMzA2MDZfMjMxMDU%3D
R-HSA-5610780,Degradation of GLI1 by the proteasome,0.21461427687735413,1,49,1,6,MjAyNjA5MTMxMzA2MDZfMjMxMDU%3D
R-HSA-5610785,GLI3 is processed to GLI3R by the proteasome,0.21461427687735413,1,49,1,5,MjAyNjA5MTMxMzA2MDZfMjMxMDU%3D
R-HSA-9683701,Translation of Structural Proteins,0.21461427687735413,1,49,1,37,MjAyNjA5MTMxMzA2MDZfMjMxMDU%3D
R-HSA-5610783,Degradation of GLI2 by the proteasome,0.21461427687735413,1,49,1,5,MjAyNjA5MTMxMzA2MDZfMjMxMDU%3D
R-HSA-9927418,Developmental Lineage of Mammary Gland Luminal Epithelial Cells,0.21848280690983224,1,50,2,3,MjAyNjA5MTMxMzA2MDZfMjMxMDU%3D
R-HSA-512988,"Interleukin-3, Interleukin-5 and GM-CSF signaling",0.21848280690983224,1,50,1,38,MjAyNjA5MTMxMzA2MDZfMjMxMDU%3D
R-HSA-111996,Ca-dependent events,0.21848280690983224,1,50,14,27,MjAyNjA5MTMxMzA2MDZfMjMxMDU%3D
R-HSA-9006936,Signaling by TGFB family members,0.21858754936093217,2,178,20,148,MjAyNjA5MTMxMzA2MDZfMjMxMDU%3D
R-HSA-9938024,Somatic hypermutation of immunoglobulin genes,0.21858754936093217,2,178,9,28,MjAyNjA5MTMxMzA2MDZfMjMxMDU%3D
R-HSA-5654743,Signaling by FGFR4,0.22233251897113293,1,51,3,41,MjAyNjA5MTMxMzA2MDZfMjMxMDU%3D
R-HSA-5387390,Hh mutants abrogate ligand secretion,0.22233251897113293,1,51,2,7,MjAyNjA5MTMxMzA2MDZfMjMxMDU%3D
R-HSA-2173789,TGF-beta receptor signaling activates SMADs,0.22233251897113293,1,51,8,44,MjAyNjA5MTMxMzA2MDZfMjMxMDU%3D
R-HSA-8864260,Transcriptional regulation by the AP-2 (TFAP2) family of transcription factors,0.22616350344572778,1,52,1,44,MjAyNjA5MTMxMzA2MDZfMjMxMDU%3D
R-HSA-187577,SCF(Skp2)-mediated degradation of p27/p21,0.22616350344572778,1,52,2,7,MjAyNjA5MTMxMzA2MDZfMjMxMDU%3D
R-HSA-69231,Cyclin D associated events in G1,0.22616350344572778,1,52,1,17,MjAyNjA5MTMxMzA2MDZfMjMxMDU%3D
R-HSA-69236,G1 Phase,0.22616350344572778,1,52,1,17,MjAyNjA5MTMxMzA2MDZfMjMxMDU%3D
R-HSA-9824585,Regulation of MITF-M-dependent genes involved in pigmentation,0.2299758502895235,1,53,4,23,MjAyNjA5MTMxMzA2MDZfMjMxMDU%3D
R-HSA-5654741,Signaling by FGFR3,0.2299758502895235,1,53,3,43,MjAyNjA5MTMxMzA2MDZfMjMxMDU%3D
R-HSA-6783310,Fanconi Anemia Pathway,0.2299758502895235,1,53,6,15,MjAyNjA5MTMxMzA2MDZfMjMxMDU%3D
R-HSA-4608870,Asymmetric localization of PCP proteins,0.2299758502895235,1,53,1,7,MjAyNjA5MTMxMzA2MDZfMjMxMDU%3D
R-HSA-5260271,Diseases of Immune System,0.2299758502895235,1,53,3,21,MjAyNjA5MTMxMzA2MDZfMjMxMDU%3D
R-HSA-69613,p53-Independent G1/S DNA Damage Checkpoint,0.2299758502895235,1,53,2,11,MjAyNjA5MTMxMzA2MDZfMjMxMDU%3D
R-HSA-5607761,Dectin-1 mediated noncanonical NF-kB signaling,0.2299758502895235,1,53,2,9,MjAyNjA5MTMxMzA2MDZfMjMxMDU%3D
R-HSA-69601,Ubiquitin-Mediated Degradation of Phosphorylated Cdc25A,0.2299758502895235,1,53,2,11,MjAyNjA5MTMxMzA2MDZfMjMxMDU%3D
R-HSA-5678895,Defective CFTR causes cystic fibrosis,0.2299758502895235,1,53,3,8,MjAyNjA5MTMxMzA2MDZfMjMxMDU%3D
R-HSA-72695,"Formation of the ternary complex, and subsequently, the 43S complex",0.2337696490318466,1,54,1,3,MjAyNjA5MTMxMzA2MDZfMjMxMDU%3D
R-HSA-174084,Autodegradation of Cdh1 by Cdh1:APC/C,0.2337696490318466,1,54,2,2,MjAyNjA5MTMxMzA2MDZfMjMxMDU%3D
R-HSA-1489509,DAG and IP3 signaling,0.2337696490318466,1,54,14,28,MjAyNjA5MTMxMzA2MDZfMjMxMDU%3D
R-HSA-6781823,Formation of TC-NER Pre-Incision Complex,0.2337696490318466,1,54,3,7,MjAyNjA5MTMxMzA2MDZfMjMxMDU%3D
R-HSA-5357905,Regulation of TNFR1 signaling,0.2337696490318466,1,54,16,41,MjAyNjA5MTMxMzA2MDZfMjMxMDU%3D
R-HSA-2514859,"Inactivation, recovery and regulation of the phototransduction cascade",0.2337696490318466,1,54,3,19,MjAyNjA5MTMxMzA2MDZfMjMxMDU%3D
R-HSA-174154,APC/C:Cdc20 mediated degradation of Securin,0.23754498877742014,1,55,2,3,MjAyNjA5MTMxMzA2MDZfMjMxMDU%3D
R-HSA-445989,TAK1-dependent IKK and NF-kappa-B activation  ,0.23754498877742014,1,55,4,17,MjAyNjA5MTMxMzA2MDZfMjMxMDU%3D
R-HSA-112315,Transmission across Chemical Synapses,0.23885542319599318,3,343,34,167,MjAyNjA5MTMxMzA2MDZfMjMxMDU%3D
R-HSA-5621481,C-type lectin receptors (CLRs),0.24032186340450368,2,190,10,68,MjAyNjA5MTMxMzA2MDZfMjMxMDU%3D
R-HSA-425410,Metal ion SLC transporters,0.24504064558629202,1,57,1,28,MjAyNjA5MTMxMzA2MDZfMjMxMDU%3D
R-HSA-69563,p53-Dependent G1 DNA Damage Response,0.24504064558629202,1,57,4,22,MjAyNjA5MTMxMzA2MDZfMjMxMDU%3D
R-HSA-69580,p53-Dependent G1/S DNA damage checkpoint,0.24504064558629202,1,57,4,22,MjAyNjA5MTMxMzA2MDZfMjMxMDU%3D
R-HSA-9766229,Degradation of CDH1,0.24504064558629202,1,57,3,10,MjAyNjA5MTMxMzA2MDZfMjMxMDU%3D
R-HSA-2122947,NOTCH1 Intracellular Domain Regulates Transcription,0.24504064558629202,1,57,1,18,MjAyNjA5MTMxMzA2MDZfMjMxMDU%3D
R-HSA-73893,DNA Damage Bypass,0.24504064558629202,1,57,26,34,MjAyNjA5MTMxMzA2MDZfMjMxMDU%3D
R-HSA-5658442,Regulation of RAS by GAPs,0.24876113875398975,1,58,1,5,MjAyNjA5MTMxMzA2MDZfMjMxMDU%3D
R-HSA-9748787,Azathioprine ADME,0.24876113875398975,1,58,2,18,MjAyNjA5MTMxMzA2MDZfMjMxMDU%3D
R-HSA-2514856,The phototransduction cascade,0.2524635251376657,1,59,3,27,MjAyNjA5MTMxMzA2MDZfMjMxMDU%3D
R-HSA-1234176,Oxygen-dependent proline hydroxylation of Hypoxia-inducible Factor Alpha,0.2524635251376657,1,59,4,12,MjAyNjA5MTMxMzA2MDZfMjMxMDU%3D
R-HSA-1169091,Activation of NF-kappaB in B cells,0.2524635251376657,1,59,2,10,MjAyNjA5MTMxMzA2MDZfMjMxMDU%3D
R-HSA-5358346,Hedgehog ligand biogenesis,0.2524635251376657,1,59,2,15,MjAyNjA5MTMxMzA2MDZfMjMxMDU%3D
R-HSA-174184,Cdc20:Phospho-APC/C mediated degradation of Cyclin A,0.2561478917487773,1,60,2,3,MjAyNjA5MTMxMzA2MDZfMjMxMDU%3D
R-HSA-68949,Orc1 removal from chromatin,0.2561478917487773,1,60,2,4,MjAyNjA5MTMxMzA2MDZfMjMxMDU%3D
R-HSA-5339562,Uptake and actions of bacterial toxins,0.2561478917487773,1,60,1,66,MjAyNjA5MTMxMzA2MDZfMjMxMDU%3D
R-HSA-9931269,AMPK-induced ERAD and lysosome mediated degradation of PD-L1(CD274),0.2561478917487773,1,60,3,5,MjAyNjA5MTMxMzA2MDZfMjMxMDU%3D
R-HSA-9678108,SARS-CoV-1 Infection,0.25669763669329837,2,199,7,161,MjAyNjA5MTMxMzA2MDZfMjMxMDU%3D
R-HSA-174178,APC/C:Cdh1 mediated degradation of Cdc20 and other APC/C:Cdh1 targeted proteins in late mitosis/early G1,0.2598143251859868,1,61,4,6,MjAyNjA5MTMxMzA2MDZfMjMxMDU%3D
R-HSA-8948751,Regulation of PTEN stability and activity,0.2598143251859868,1,61,6,13,MjAyNjA5MTMxMzA2MDZfMjMxMDU%3D
R-HSA-179419,APC:Cdc20 mediated degradation of cell cycle proteins prior to satisfation of the cell cycle checkpoint,0.2598143251859868,1,61,4,6,MjAyNjA5MTMxMzA2MDZfMjMxMDU%3D
R-HSA-9754678,SARS-CoV-2 modulates host translation machinery,0.2634629116370747,1,62,1,6,MjAyNjA5MTMxMzA2MDZfMjMxMDU%3D
R-HSA-4551638,SUMOylation of chromatin organization proteins,0.2634629116370747,1,62,2,15,MjAyNjA5MTMxMzA2MDZfMjMxMDU%3D
R-HSA-69017,CDK-mediated phosphorylation and removal of Cdc6,0.2634629116370747,1,62,2,4,MjAyNjA5MTMxMzA2MDZfMjMxMDU%3D
R-HSA-9753281,Paracetamol ADME,0.26709373688090987,1,63,1,12,MjAyNjA5MTMxMzA2MDZfMjMxMDU%3D
R-HSA-9012852,Signaling by NOTCH3,0.26709373688090987,1,63,2,37,MjAyNjA5MTMxMzA2MDZfMjMxMDU%3D
R-HSA-176409,APC/C:Cdc20 mediated degradation of mitotic proteins,0.26709373688090987,1,63,8,13,MjAyNjA5MTMxMzA2MDZfMjMxMDU%3D
R-HSA-75893,TNF signaling,0.27070688628931283,1,64,17,58,MjAyNjA5MTMxMzA2MDZfMjMxMDU%3D
R-HSA-177929,Signaling by EGFR,0.27070688628931283,1,64,6,50,MjAyNjA5MTMxMzA2MDZfMjMxMDU%3D
R-HSA-72702,Ribosomal scanning and start codon recognition,0.27070688628931283,1,64,2,2,MjAyNjA5MTMxMzA2MDZfMjMxMDU%3D
R-HSA-176814,Activation of APC/C and APC/C:Cdc20 mediated degradation of mitotic proteins,0.27070688628931283,1,64,8,15,MjAyNjA5MTMxMzA2MDZfMjMxMDU%3D
R-HSA-6782210,Gap-filling DNA repair synthesis and ligation in TC-NER,0.27070688628931283,1,64,2,2,MjAyNjA5MTMxMzA2MDZfMjMxMDU%3D
R-HSA-5654736,Signaling by FGFR1,0.27070688628931283,1,64,3,48,MjAyNjA5MTMxMzA2MDZfMjMxMDU%3D
R-HSA-5578775,Ion homeostasis,0.27070688628931283,1,64,3,17,MjAyNjA5MTMxMzA2MDZfMjMxMDU%3D
R-HSA-983712,Ion channel transport,0.27127566702908834,2,207,3,51,MjAyNjA5MTMxMzA2MDZfMjMxMDU%3D
R-HSA-2980766,Nuclear Envelope Breakdown,0.274302444829007,1,65,1,13,MjAyNjA5MTMxMzA2MDZfMjMxMDU%3D
R-HSA-9975921,Assembly of the 9+0 primary cilium,0.27492049472624513,2,209,2,50,MjAyNjA5MTMxMzA2MDZfMjMxMDU%3D
R-HSA-168898,Toll-like Receptor Cascades,0.27674271788575666,2,210,55,217,MjAyNjA5MTMxMzA2MDZfMjMxMDU%3D
R-HSA-6782135,Dual incision in TC-NER,0.2778804970634975,1,66,7,7,MjAyNjA5MTMxMzA2MDZfMjMxMDU%3D
R-HSA-68877,Mitotic Prometaphase,0.28038657254378785,2,212,8,25,MjAyNjA5MTMxMzA2MDZfMjMxMDU%3D
R-HSA-9033241,Peroxisomal protein import,0.28144112715493974,1,67,12,26,MjAyNjA5MTMxMzA2MDZfMjMxMDU%3D
R-HSA-429914,Deadenylation-dependent mRNA decay,0.28144112715493974,1,67,4,10,MjAyNjA5MTMxMzA2MDZfMjMxMDU%3D
R-HSA-2894862,Constitutive Signaling by NOTCH1 HD+PEST Domain Mutants,0.2849844188660654,1,68,2,21,MjAyNjA5MTMxMzA2MDZfMjMxMDU%3D
R-HSA-2644603,Signaling by NOTCH1 in Cancer,0.2849844188660654,1,68,6,39,MjAyNjA5MTMxMzA2MDZfMjMxMDU%3D
R-HSA-156590,Glutathione conjugation,0.2849844188660654,1,68,1,14,MjAyNjA5MTMxMzA2MDZfMjMxMDU%3D
R-HSA-2644606,Constitutive Signaling by NOTCH1 PEST Domain Mutants,0.2849844188660654,1,68,2,21,MjAyNjA5MTMxMzA2MDZfMjMxMDU%3D
R-HSA-1227986,Signaling by ERBB2,0.2849844188660654,1,68,7,46,MjAyNjA5MTMxMzA2MDZfMjMxMDU%3D
R-HSA-2894858,Signaling by NOTCH1 HD+PEST Domain Mutants in Cancer,0.2849844188660654,1,68,2,21,MjAyNjA5MTMxMzA2MDZfMjMxMDU%3D
R-HSA-2644602,Signaling by NOTCH1 PEST Domain Mutants in Cancer,0.2849844188660654,1,68,2,21,MjAyNjA5MTMxMzA2MDZfMjMxMDU%3D
R-HSA-8939902,Regulation of RUNX2 expression and activity,0.28851045556200194,1,69,7,29,MjAyNjA5MTMxMzA2MDZfMjMxMDU%3D
R-HSA-9769740,Coagulation pathway,0.28851045556200194,1,69,6,85,MjAyNjA5MTMxMzA2MDZfMjMxMDU%3D
R-HSA-450294,MAP kinase activation,0.28851045556200194,1,69,4,32,MjAyNjA5MTMxMzA2MDZfMjMxMDU%3D
R-HSA-112043,PLC beta mediated events,0.28851045556200194,1,69,14,32,MjAyNjA5MTMxMzA2MDZfMjMxMDU%3D
R-HSA-375165,NCAM signaling for neurite out-growth,0.29201932021218036,1,70,1,23,MjAyNjA5MTMxMzA2MDZfMjMxMDU%3D
R-HSA-176408,Regulation of APC/C activators between G1/S and early anaphase,0.29201932021218036,1,70,2,14,MjAyNjA5MTMxMzA2MDZfMjMxMDU%3D
R-HSA-186797,Signaling by PDGF,0.29201932021218036,1,70,1,31,MjAyNjA5MTMxMzA2MDZfMjMxMDU%3D
R-HSA-6811442,Intra-Golgi and retrograde Golgi-to-ER traffic,0.2931295621173078,2,219,4,48,MjAyNjA5MTMxMzA2MDZfMjMxMDU%3D
R-HSA-373755,Semaphorin interactions,0.2955110953921696,1,71,1,41,MjAyNjA5MTMxMzA2MDZfMjMxMDU%3D
R-HSA-69615,G1/S DNA Damage Checkpoints,0.2955110953921696,1,71,6,33,MjAyNjA5MTMxMzA2MDZfMjMxMDU%3D
R-HSA-936837,Ion transport by P-type ATPases,0.2955110953921696,1,71,1,17,MjAyNjA5MTMxMzA2MDZfMjMxMDU%3D
R-HSA-9006927,Signaling by Non-Receptor Tyrosine Kinases,0.2955110953921696,1,71,1,53,MjAyNjA5MTMxMzA2MDZfMjMxMDU%3D
R-HSA-8848021,Signaling by PTK6,0.2955110953921696,1,71,1,53,MjAyNjA5MTMxMzA2MDZfMjMxMDU%3D
R-HSA-168643,"Nucleotide-binding domain, leucine rich repeat containing receptor (NLR) signaling pathways",0.2989858632855038,1,72,5,46,MjAyNjA5MTMxMzA2MDZfMjMxMDU%3D
R-HSA-1234174,Cellular response to hypoxia,0.3024437056855631,1,73,4,20,MjAyNjA5MTMxMzA2MDZfMjMxMDU%3D
R-HSA-8950505,Gene and protein expression by JAK-STAT signaling after Interleukin-12 stimulation,0.3024437056855631,1,73,1,36,MjAyNjA5MTMxMzA2MDZfMjMxMDU%3D
R-HSA-112040,G-protein mediated events,0.3093089392393623,1,75,14,41,MjAyNjA5MTMxMzA2MDZfMjMxMDU%3D
R-HSA-5685942,HDR through Homologous Recombination (HRR),0.3093089392393623,1,75,1,24,MjAyNjA5MTMxMzA2MDZfMjMxMDU%3D
R-HSA-5218859,Regulated Necrosis,0.3127164920453681,1,76,7,53,MjAyNjA5MTMxMzA2MDZfMjMxMDU%3D
R-HSA-1834949,Cytosolic sensors of pathogen-associated DNA ,0.3194818709716254,1,78,4,50,MjAyNjA5MTMxMzA2MDZfMjMxMDU%3D
R-HSA-69202,Cyclin E associated events during G1/S transition ,0.3194818709716254,1,78,2,20,MjAyNjA5MTMxMzA2MDZfMjMxMDU%3D
R-HSA-195253,Degradation of beta-catenin by the destruction complex,0.3194818709716254,1,78,3,23,MjAyNjA5MTMxMzA2MDZfMjMxMDU%3D
R-HSA-204005,COPII-mediated vesicle transport,0.3194818709716254,1,78,10,16,MjAyNjA5MTMxMzA2MDZfMjMxMDU%3D
R-HSA-9013408,RHOG GTPase cycle,0.3194818709716254,1,78,1,6,MjAyNjA5MTMxMzA2MDZfMjMxMDU%3D
R-HSA-448424,Interleukin-17 signaling,0.3194818709716254,1,78,4,35,MjAyNjA5MTMxMzA2MDZfMjMxMDU%3D
R-HSA-174143,APC/C-mediated degradation of cell cycle proteins,0.32283985645200364,1,79,16,40,MjAyNjA5MTMxMzA2MDZfMjMxMDU%3D
R-HSA-5632684,Hedgehog 'on' state,0.32283985645200364,1,79,5,37,MjAyNjA5MTMxMzA2MDZfMjMxMDU%3D
R-HSA-453276,Regulation of mitotic cell cycle,0.32283985645200364,1,79,16,40,MjAyNjA5MTMxMzA2MDZfMjMxMDU%3D
R-HSA-8978934,Metabolism of cofactors,0.3261814782201895,1,80,2,34,MjAyNjA5MTMxMzA2MDZfMjMxMDU%3D
R-HSA-499943,Interconversion of nucleotide di- and triphosphates,0.3261814782201895,1,80,2,34,MjAyNjA5MTMxMzA2MDZfMjMxMDU%3D
R-HSA-69656,Cyclin A:Cdk2-associated events at S phase entry,0.3261814782201895,1,80,2,19,MjAyNjA5MTMxMzA2MDZfMjMxMDU%3D
R-HSA-9748784,Drug ADME,0.32754758662714534,2,238,4,121,MjAyNjA5MTMxMzA2MDZfMjMxMDU%3D
R-HSA-204998,"Cell death signalling via NRAGE, NRIF and NADE",0.3295068150132432,1,81,3,17,MjAyNjA5MTMxMzA2MDZfMjMxMDU%3D
R-HSA-4086398,Ca2+ pathway,0.3295068150132432,1,81,6,27,MjAyNjA5MTMxMzA2MDZfMjMxMDU%3D
R-HSA-425397,"Transport of vitamins, nucleosides, and related molecules",0.3295068150132432,1,81,1,32,MjAyNjA5MTMxMzA2MDZfMjMxMDU%3D
R-HSA-69052,Switching of origins to a post-replicative state,0.3295068150132432,1,81,4,10,MjAyNjA5MTMxMzA2MDZfMjMxMDU%3D
R-HSA-5663084,Diseases of carbohydrate metabolism,0.3295068150132432,1,81,1,44,MjAyNjA5MTMxMzA2MDZfMjMxMDU%3D
R-HSA-9013694,Signaling by NOTCH4,0.3328159451941832,1,82,2,20,MjAyNjA5MTMxMzA2MDZfMjMxMDU%3D
R-HSA-1236394,Signaling by ERBB4,0.3328159451941832,1,82,2,52,MjAyNjA5MTMxMzA2MDZfMjMxMDU%3D
R-HSA-6781827,Transcription-Coupled Nucleotide Excision Repair (TC-NER),0.3361089467537819,1,83,13,17,MjAyNjA5MTMxMzA2MDZfMjMxMDU%3D
R-HSA-1169408,ISG15 antiviral mechanism,0.3361089467537819,1,83,1,16,MjAyNjA5MTMxMzA2MDZfMjMxMDU%3D
R-HSA-9020591,Interleukin-12 signaling,0.3393858973122629,1,84,1,56,MjAyNjA5MTMxMzA2MDZfMjMxMDU%3D
R-HSA-1980143,Signaling by NOTCH1,0.3393858973122629,1,84,6,39,MjAyNjA5MTMxMzA2MDZfMjMxMDU%3D
R-HSA-9694635,Translation of Structural Proteins,0.34264687412108075,1,85,1,46,MjAyNjA5MTMxMzA2MDZfMjMxMDU%3D
R-HSA-9705683,SARS-CoV-2-host interactions,0.34371309996515587,2,247,5,68,MjAyNjA5MTMxMzA2MDZfMjMxMDU%3D
R-HSA-5619084,ABC transporter disorders,0.3458919540646328,1,86,3,23,MjAyNjA5MTMxMzA2MDZfMjMxMDU%3D
R-HSA-9856530,High laminar flow shear stress activates signaling by PIEZO1 and PECAM1:CDH5:KDR in endothelial cells,0.35233472906851415,1,88,3,31,MjAyNjA5MTMxMzA2MDZfMjMxMDU%3D
R-HSA-5654738,Signaling by FGFR2,0.35233472906851415,1,88,3,46,MjAyNjA5MTMxMzA2MDZfMjMxMDU%3D
R-HSA-5617833,Cilium Assembly,0.35975914301289724,2,256,2,83,MjAyNjA5MTMxMzA2MDZfMjMxMDU%3D
R-HSA-5668541,TNFR2 non-canonical NF-kB pathway,0.36188156627921064,1,91,5,44,MjAyNjA5MTMxMzA2MDZfMjMxMDU%3D
R-HSA-2565942,Regulation of PLK1 Activity at G2/M Transition,0.36503285926403317,1,92,1,12,MjAyNjA5MTMxMzA2MDZfMjMxMDU%3D
R-HSA-9684482,IFIT antiviral response,0.36816878344032666,1,93,1,17,MjAyNjA5MTMxMzA2MDZfMjMxMDU%3D
R-HSA-5687128,MAPK6/MAPK4 signaling,0.36816878344032666,1,93,2,40,MjAyNjA5MTMxMzA2MDZfMjMxMDU%3D
R-HSA-382551,Transport of small molecules,0.36910404992790835,6,999,20,463,MjAyNjA5MTMxMzA2MDZfMjMxMDU%3D
R-HSA-9909615,Regulation of PD-L1(CD274) Post-translational modification,0.3712894128173213,1,94,9,25,MjAyNjA5MTMxMzA2MDZfMjMxMDU%3D
R-HSA-6804756,Regulation of TP53 Activity through Phosphorylation,0.3774850814528139,1,96,1,26,MjAyNjA5MTMxMzA2MDZfMjMxMDU%3D
R-HSA-447115,Interleukin-12 family signaling,0.3774850814528139,1,96,1,114,MjAyNjA5MTMxMzA2MDZfMjMxMDU%3D
R-HSA-202424,Downstream TCR signaling,0.38666570349926144,1,99,3,24,MjAyNjA5MTMxMzA2MDZfMjMxMDU%3D
R-HSA-8986944,Transcriptional Regulation by MECP2,0.3896960986862491,1,100,3,77,MjAyNjA5MTMxMzA2MDZfMjMxMDU%3D
R-HSA-9772573,Late SARS-CoV-2 Infection Events,0.39571260081724735,1,102,1,69,MjAyNjA5MTMxMzA2MDZfMjMxMDU%3D
R-HSA-174824,"Plasma lipoprotein assembly, remodeling, and clearance",0.39571260081724735,1,102,1,86,MjAyNjA5MTMxMzA2MDZfMjMxMDU%3D
R-HSA-168928,DDX58/IFIH1-mediated induction of interferon-alpha/beta,0.40462769693708833,1,105,5,53,MjAyNjA5MTMxMzA2MDZfMjMxMDU%3D
R-HSA-5389840,Mitochondrial translation elongation,0.4104988089757995,1,107,5,8,MjAyNjA5MTMxMzA2MDZfMjMxMDU%3D
R-HSA-8878159,Transcriptional regulation by RUNX3,0.41341288807021925,1,108,3,47,MjAyNjA5MTMxMzA2MDZfMjMxMDU%3D
R-HSA-168176,Toll Like Receptor 5 (TLR5) Cascade,0.4163127411930916,1,109,13,71,MjAyNjA5MTMxMzA2MDZfMjMxMDU%3D
R-HSA-190236,Signaling by FGFR,0.4163127411930916,1,109,6,142,MjAyNjA5MTMxMzA2MDZfMjMxMDU%3D
R-HSA-168142,Toll Like Receptor 10 (TLR10) Cascade,0.4163127411930916,1,109,13,71,MjAyNjA5MTMxMzA2MDZfMjMxMDU%3D
R-HSA-975871,MyD88 cascade initiated on plasma membrane,0.4163127411930916,1,109,13,70,MjAyNjA5MTMxMzA2MDZfMjMxMDU%3D
R-HSA-193704,p75 NTR receptor-mediated signalling,0.4191984369180184,1,110,5,50,MjAyNjA5MTMxMzA2MDZfMjMxMDU%3D
R-HSA-8953854,Metabolism of RNA,0.42084874586921717,5,863,39,244,MjAyNjA5MTMxMzA2MDZfMjMxMDU%3D
R-HSA-382556,ABC-family protein mediated transport,0.42207004349225263,1,111,3,27,MjAyNjA5MTMxMzA2MDZfMjMxMDU%3D
R-HSA-5610787,Hedgehog 'off' state,0.42207004349225263,1,111,3,32,MjAyNjA5MTMxMzA2MDZfMjMxMDU%3D
R-HSA-9020702,Interleukin-1 signaling,0.4249276288382672,1,112,12,59,MjAyNjA5MTMxMzA2MDZfMjMxMDU%3D
R-HSA-9009391,Extra-nuclear estrogen signaling,0.4249276288382672,1,112,1,39,MjAyNjA5MTMxMzA2MDZfMjMxMDU%3D
R-HSA-3700989,Transcriptional Regulation by TP53,0.4311834289102371,3,487,12,258,MjAyNjA5MTMxMzA2MDZfMjMxMDU%3D
R-HSA-111885,Opioid Signalling,0.4334169318917386,1,115,16,59,MjAyNjA5MTMxMzA2MDZfMjMxMDU%3D
R-HSA-9860931,Response of endothelial cells to shear stress,0.4334169318917386,1,115,3,51,MjAyNjA5MTMxMzA2MDZfMjMxMDU%3D
R-HSA-112316,Neuronal System,0.43379821961635645,3,489,34,221,MjAyNjA5MTMxMzA2MDZfMjMxMDU%3D
R-HSA-9833110,RSV-host interactions,0.4362191051068943,1,116,2,27,MjAyNjA5MTMxMzA2MDZfMjMxMDU%3D
R-HSA-168164,Toll Like Receptor 3 (TLR3) Cascade,0.4390075918873907,1,117,18,79,MjAyNjA5MTMxMzA2MDZfMjMxMDU%3D
R-HSA-418346,Platelet homeostasis,0.441782458238722,1,118,1,31,MjAyNjA5MTMxMzA2MDZfMjMxMDU%3D
R-HSA-69239,Synthesis of DNA,0.4445437698521044,1,119,4,27,MjAyNjA5MTMxMzA2MDZfMjMxMDU%3D
R-HSA-975138,TRAF6 mediated induction of NFkB and MAP kinases upon TLR7/8 or 9 activation,0.44729159210598857,1,120,13,60,MjAyNjA5MTMxMzA2MDZfMjMxMDU%3D
R-HSA-975155,MyD88 dependent cascade initiated on endosome,0.45002599006748967,1,121,14,75,MjAyNjA5MTMxMzA2MDZfMjMxMDU%3D
R-HSA-937061,TRIF (TICAM1)-mediated TLR4 signaling ,0.45274702849388515,1,122,18,76,MjAyNjA5MTMxMzA2MDZfMjMxMDU%3D
R-HSA-202403,TCR signaling,0.45274702849388515,1,122,3,52,MjAyNjA5MTMxMzA2MDZfMjMxMDU%3D
R-HSA-166166,MyD88-independent TLR4 cascade ,0.45274702849388515,1,122,18,78,MjAyNjA5MTMxMzA2MDZfMjMxMDU%3D
R-HSA-1483249,Inositol phosphate metabolism,0.46083062951792575,1,125,1,71,MjAyNjA5MTMxMzA2MDZfMjMxMDU%3D
R-HSA-168181,Toll Like Receptor 7/8 (TLR7/8) Cascade,0.46083062951792575,1,125,14,85,MjAyNjA5MTMxMzA2MDZfMjMxMDU%3D
R-HSA-9855142,Cellular responses to mechanical stimuli,0.46349887123041056,1,126,3,61,MjAyNjA5MTMxMzA2MDZfMjMxMDU%3D
R-HSA-72203,Processing of Capped Intron-Containing Pre-mRNA,0.4640306652585696,2,317,24,52,MjAyNjA5MTMxMzA2MDZfMjMxMDU%3D
R-HSA-168138,Toll Like Receptor 9 (TLR9) Cascade,0.46879629654652677,1,128,14,86,MjAyNjA5MTMxMzA2MDZfMjMxMDU%3D
R-HSA-909733,Interferon alpha/beta signaling,0.4714256057073718,1,129,1,25,MjAyNjA5MTMxMzA2MDZfMjMxMDU%3D
R-HSA-69206,G1/S Transition,0.49951324634544203,1,140,2,61,MjAyNjA5MTMxMzA2MDZfMjMxMDU%3D
R-HSA-5576891,Cardiac conduction,0.5166143808383133,1,147,4,33,MjAyNjA5MTMxMzA2MDZfMjMxMDU%3D
R-HSA-9909396,Circadian clock,0.5190098198825457,1,148,6,78,MjAyNjA5MTMxMzA2MDZfMjMxMDU%3D
R-HSA-9820952,Respiratory Syncytial Virus Infection Pathway,0.5331382434159089,1,154,2,101,MjAyNjA5MTMxMzA2MDZfMjMxMDU%3D
R-HSA-5368287,Mitochondrial translation,0.5354528013342545,1,155,5,24,MjAyNjA5MTMxMzA2MDZfMjMxMDU%3D
R-HSA-5358351,Signaling by Hedgehog,0.5354528013342545,1,155,10,82,MjAyNjA5MTMxMzA2MDZfMjMxMDU%3D
R-HSA-9006925,Intracellular signaling by second messengers,0.535934671360052,2,363,22,117,MjAyNjA5MTMxMzA2MDZfMjMxMDU%3D
R-HSA-6807070,PTEN Regulation,0.5377560271150809,1,156,8,56,MjAyNjA5MTMxMzA2MDZfMjMxMDU%3D
R-HSA-381119,Unfolded Protein Response (UPR),0.5377560271150809,1,156,1,99,MjAyNjA5MTMxMzA2MDZfMjMxMDU%3D
R-HSA-9694516,SARS-CoV-2 Infection,0.5418748205285655,2,367,6,211,MjAyNjA5MTMxMzA2MDZfMjMxMDU%3D
R-HSA-9705671,SARS-CoV-2 activates/modulates innate and adaptive immune responses,0.5445982581617439,1,159,2,48,MjAyNjA5MTMxMzA2MDZfMjMxMDU%3D
R-HSA-2187338,Visual phototransduction,0.5445982581617439,1,159,3,87,MjAyNjA5MTMxMzA2MDZfMjMxMDU%3D
R-HSA-453279,Mitotic G1 phase and G1/S transition,0.5557803958372799,1,164,3,101,MjAyNjA5MTMxMzA2MDZfMjMxMDU%3D
R-HSA-69242,S Phase,0.5601769412836528,1,166,8,55,MjAyNjA5MTMxMzA2MDZfMjMxMDU%3D
R-HSA-9856651,MITF-M-dependent gene expression,0.5645305116895756,1,168,4,113,MjAyNjA5MTMxMzA2MDZfMjMxMDU%3D
R-HSA-446652,Interleukin-1 family signaling,0.5688415218584568,1,170,12,92,MjAyNjA5MTMxMzA2MDZfMjMxMDU%3D
R-HSA-73887,Death Receptor Signaling,0.5731103826407832,1,172,22,119,MjAyNjA5MTMxMzA2MDZfMjMxMDU%3D
R-HSA-877300,Interferon gamma signaling,0.5836007920029833,1,177,1,23,MjAyNjA5MTMxMzA2MDZfMjMxMDU%3D
R-HSA-5633007,Regulation of TP53 Activity,0.5877253091779995,1,179,9,97,MjAyNjA5MTMxMzA2MDZfMjMxMDU%3D
R-HSA-3108232,SUMO E3 ligases SUMOylate target proteins,0.5978609290747297,1,184,2,132,MjAyNjA5MTMxMzA2MDZfMjMxMDU%3D
R-HSA-425407,SLC-mediated transmembrane transport,0.6103862522973666,2,416,2,193,MjAyNjA5MTMxMzA2MDZfMjMxMDU%3D
R-HSA-2990846,SUMOylation,0.6154887403193536,1,193,2,141,MjAyNjA5MTMxMzA2MDZfMjMxMDU%3D
R-HSA-418594,G alpha (i) signalling events,0.6259522343214707,2,428,19,74,MjAyNjA5MTMxMzA2MDZfMjMxMDU%3D
R-HSA-71291,Metabolism of amino acids and derivatives,0.6365689348229251,3,661,2,302,MjAyNjA5MTMxMzA2MDZfMjMxMDU%3D
R-HSA-375276,Peptide ligand-binding receptors,0.637810542568489,1,205,2,85,MjAyNjA5MTMxMzA2MDZfMjMxMDU%3D
R-HSA-1630316,Glycosaminoglycan metabolism,0.6502354688635963,1,212,3,98,MjAyNjA5MTMxMzA2MDZfMjMxMDU%3D
R-HSA-72163,mRNA Splicing - Major Pathway,0.6519757496503518,1,213,10,11,MjAyNjA5MTMxMzA2MDZfMjMxMDU%3D
R-HSA-72172,mRNA Splicing,0.6705634890449839,1,224,10,16,MjAyNjA5MTMxMzA2MDZfMjMxMDU%3D
R-HSA-9730414,MITF-M-regulated melanocyte development,0.6850396230064557,1,233,4,150,MjAyNjA5MTMxMzA2MDZfMjMxMDU%3D
R-HSA-8951664,Neddylation,0.6973788139878757,1,241,7,44,MjAyNjA5MTMxMzA2MDZfMjMxMDU%3D
R-HSA-15869,Metabolism of nucleotides,0.7206426450805301,1,257,2,143,MjAyNjA5MTMxMzA2MDZfMjMxMDU%3D
R-HSA-156580,Phase II - Conjugation of compounds,0.7275436233132351,1,262,1,72,MjAyNjA5MTMxMzA2MDZfMjMxMDU%3D
R-HSA-5619115,Disorders of transmembrane transporters,0.734276205180093,1,267,3,87,MjAyNjA5MTMxMzA2MDZfMjMxMDU%3D
R-HSA-416476,G alpha (q) signalling events,0.755961246115353,1,284,3,35,MjAyNjA5MTMxMzA2MDZfMjMxMDU%3D
R-HSA-983168,Antigen processing: Ubiquitination & Proteasome degradation,0.7770181988980076,1,302,6,9,MjAyNjA5MTMxMzA2MDZfMjMxMDU%3D
R-HSA-1257604,PIP3 activates AKT signaling,0.7910999894945676,1,315,8,89,MjAyNjA5MTMxMzA2MDZfMjMxMDU%3D
R-HSA-196854,Metabolism of vitamins and cofactors,0.8486002492238127,1,379,2,213,MjAyNjA5MTMxMzA2MDZfMjMxMDU%3D
R-HSA-1430728,Metabolism,0.8630380974482355,15,3781,39,2380,MjAyNjA5MTMxMzA2MDZfMjMxMDU%3D
R-HSA-9709957,Sensory Perception,0.8730109984805458,4,1252,5,138,MjAyNjA5MTMxMzA2MDZfMjMxMDU%3D
R-HSA-373076,Class A/1 (Rhodopsin-like receptors),0.8737497572427715,1,415,2,187,MjAyNjA5MTMxMzA2MDZfMjMxMDU%3D
R-HSA-5668914,Diseases of metabolism,0.8999624202517429,1,461,1,209,MjAyNjA5MTMxMzA2MDZfMjMxMDU%3D
R-HSA-388396,GPCR downstream signalling,0.9074877531883226,2,795,22,175,MjAyNjA5MTMxMzA2MDZfMjMxMDU%3D
R-HSA-372790,Signaling by GPCR,0.9345267290173477,2,878,24,394,MjAyNjA5MTMxMzA2MDZfMjMxMDU%3D
R-HSA-211859,Biological oxidations,0.9360278985448764,1,549,1,194,MjAyNjA5MTMxMzA2MDZfMjMxMDU%3D
R-HSA-500792,GPCR ligand binding,0.9531452033378426,1,610,2,219,MjAyNjA5MTMxMzA2MDZfMjMxMDU%3D
