stId,name,FDR,entities_found,entities_tot,reactions_found,reactions_tot,token
R-HSA-9839923,Dengue Virus Infection,6.478162496437179e-07,14,411,14,142,MjAyNjA5MTMxMzA3NThfMjMxMjE%3D
R-HSA-9824446,Viral Infection Pathways,7.872563596578175e-07,23,1407,65,899,MjAyNjA5MTMxMzA3NThfMjMxMjE%3D
R-HSA-2262752,Cellular responses to stress,3.6306582716916225e-06,19,1039,128,521,MjAyNjA5MTMxMzA3NThfMjMxMjE%3D
R-HSA-9918487,Dengue Virus Genome Translation and Replication,5.309196692948603e-06,8,116,7,64,MjAyNjA5MTMxMzA3NThfMjMxMjE%3D
R-HSA-5663205,Infectious disease,7.73708305545906e-06,25,1965,100,1227,MjAyNjA5MTMxMzA3NThfMjMxMjE%3D
R-HSA-8953897,Cellular responses to stimuli,1.136579357841061e-05,19,1166,128,613,MjAyNjA5MTMxMzA3NThfMjMxMjE%3D
R-HSA-422475,Axon guidance,0.00027997521646339063,12,566,22,295,MjAyNjA5MTMxMzA3NThfMjMxMjE%3D
R-HSA-9613829,Chaperone Mediated Autophagy,0.0002964648356633681,4,23,15,19,MjAyNjA5MTMxMzA3NThfMjMxMjE%3D
R-HSA-75153,Apoptotic execution phase,0.0002964648356633681,5,54,7,57,MjAyNjA5MTMxMzA3NThfMjMxMjE%3D
R-HSA-9837999,Mitochondrial protein degradation,0.00034477197916515934,6,104,8,20,MjAyNjA5MTMxMzA3NThfMjMxMjE%3D
R-HSA-9675108,Nervous system development,0.00034477197916515934,12,603,22,322,MjAyNjA5MTMxMzA3NThfMjMxMjE%3D
R-HSA-1643685,Disease,0.000440512123009551,28,3093,222,2176,MjAyNjA5MTMxMzA3NThfMjMxMjE%3D
R-HSA-373755,Semaphorin interactions,0.0007051206422108436,5,71,4,41,MjAyNjA5MTMxMzA3NThfMjMxMjE%3D
R-HSA-2559586,DNA Damage/Telomere Stress Induced Senescence,0.0007051206422108436,5,70,2,18,MjAyNjA5MTMxMzA3NThfMjMxMjE%3D
R-HSA-9918481,Dengue Virus-Host Interactions,0.0008137063010392742,8,273,6,59,MjAyNjA5MTMxMzA3NThfMjMxMjE%3D
R-HSA-9918432,Maturation of DENV proteins,0.0008512995618669139,5,77,4,41,MjAyNjA5MTMxMzA3NThfMjMxMjE%3D
R-HSA-168255,Influenza Infection,0.0008512995618669139,7,200,5,61,MjAyNjA5MTMxMzA3NThfMjMxMjE%3D
R-HSA-194315,Signaling by Rho GTPases,0.0010329223020502099,12,708,33,203,MjAyNjA5MTMxMzA3NThfMjMxMjE%3D
R-HSA-140342,Apoptosis induced DNA fragmentation,0.0010897999739791775,3,13,3,12,MjAyNjA5MTMxMzA3NThfMjMxMjE%3D
R-HSA-9716542,"Signaling by Rho GTPases, Miro GTPases and RHOBTB3",0.0011488071309406767,12,724,33,212,MjAyNjA5MTMxMzA3NThfMjMxMjE%3D
R-HSA-381183,ATF6 (ATF6-alpha) activates chaperone genes,0.001444880706209739,3,15,3,5,MjAyNjA5MTMxMzA3NThfMjMxMjE%3D
R-HSA-5357801,Programmed Cell Death,0.001444880706209739,7,225,18,194,MjAyNjA5MTMxMzA3NThfMjMxMjE%3D
R-HSA-447115,Interleukin-12 family signaling,0.0016284621816693434,5,96,11,114,MjAyNjA5MTMxMzA3NThfMjMxMjE%3D
R-HSA-9646399,Aggrephagy,0.0016284621816693434,4,47,13,15,MjAyNjA5MTMxMzA3NThfMjMxMjE%3D
R-HSA-2029482,Regulation of actin dynamics for phagocytic cup formation,0.0016284621816693434,6,158,14,24,MjAyNjA5MTMxMzA3NThfMjMxMjE%3D
R-HSA-195258,RHO GTPase Effectors,0.0016284621816693434,8,325,29,113,MjAyNjA5MTMxMzA3NThfMjMxMjE%3D
R-HSA-2559584,Formation of Senescence-Associated Heterochromatin Foci (SAHF),0.0016368536571924608,3,17,1,2,MjAyNjA5MTMxMzA3NThfMjMxMjE%3D
R-HSA-381033,ATF6 (ATF6-alpha) activates chaperones,0.0016368536571924608,3,17,4,10,MjAyNjA5MTMxMzA3NThfMjMxMjE%3D
R-HSA-399954,Sema3A PAK dependent Axon repulsion,0.002209277811667243,3,19,3,6,MjAyNjA5MTMxMzA3NThfMjMxMjE%3D
R-HSA-109581,Apoptosis,0.0026358223853131246,6,180,9,142,MjAyNjA5MTMxMzA3NThfMjMxMjE%3D
R-HSA-392499,Metabolism of proteins,0.0028461506559231964,22,2427,187,928,MjAyNjA5MTMxMzA3NThfMjMxMjE%3D
R-HSA-9764265,Regulation of CDH1 Expression and Function,0.003290800741153177,6,192,11,92,MjAyNjA5MTMxMzA3NThfMjMxMjE%3D
R-HSA-9662361,Sensory processing of sound by outer hair cells of the cochlea,0.003290800741153177,4,64,1,8,MjAyNjA5MTMxMzA3NThfMjMxMjE%3D
R-HSA-72702,Ribosomal scanning and start codon recognition,0.003290800741153177,4,64,2,2,MjAyNjA5MTMxMzA3NThfMjMxMjE%3D
R-HSA-72706,GTP hydrolysis and joining of the 60S ribosomal subunit,0.003290800741153177,5,120,3,3,MjAyNjA5MTMxMzA3NThfMjMxMjE%3D
R-HSA-5627117,RHO GTPases Activate ROCKs,0.003290800741153177,3,24,3,7,MjAyNjA5MTMxMzA3NThfMjMxMjE%3D
R-HSA-180897,Vpr-mediated induction of apoptosis by mitochondrial outer membrane permeabilization,0.003290800741153177,2,4,1,2,MjAyNjA5MTMxMzA3NThfMjMxMjE%3D
R-HSA-2029480,Fcgamma receptor (FCGR) dependent phagocytosis,0.003290800741153177,6,195,25,42,MjAyNjA5MTMxMzA3NThfMjMxMjE%3D
R-HSA-9764274,Regulation of Expression and Function of Type I Classical Cadherins,0.003290800741153177,6,192,11,92,MjAyNjA5MTMxMzA3NThfMjMxMjE%3D
R-HSA-2559583,Cellular Senescence,0.003440751658612129,6,199,11,90,MjAyNjA5MTMxMzA3NThfMjMxMjE%3D
R-HSA-72737,Cap-dependent Translation Initiation,0.004048895954082532,5,130,14,18,MjAyNjA5MTMxMzA3NThfMjMxMjE%3D
R-HSA-72613,Eukaryotic Translation Initiation,0.004048895954082532,5,130,16,21,MjAyNjA5MTMxMzA3NThfMjMxMjE%3D
R-HSA-8852276,The role of GTSE1 in G2/M progression after G2 checkpoint,0.004093272333441256,4,70,5,10,MjAyNjA5MTMxMzA3NThfMjMxMjE%3D
R-HSA-1280215,Cytokine Signaling in Immune system,0.00432276876921478,14,1193,43,823,MjAyNjA5MTMxMzA3NThfMjMxMjE%3D
R-HSA-9759476,Regulation of Homotypic Cell-Cell Adhesion,0.00458625441136884,6,215,11,125,MjAyNjA5MTMxMzA3NThfMjMxMjE%3D
R-HSA-9662360,Sensory processing of sound by inner hair cells of the cochlea,0.00531355661435684,4,76,1,7,MjAyNjA5MTMxMzA3NThfMjMxMjE%3D
R-HSA-114608,Platelet degranulation ,0.00531355661435684,5,142,3,11,MjAyNjA5MTMxMzA3NThfMjMxMjE%3D
R-HSA-1266738,Developmental Biology,0.0054795642767218045,19,2061,127,996,MjAyNjA5MTMxMzA3NThfMjMxMjE%3D
R-HSA-5625740,RHO GTPases activate PKNs,0.0056235341144939,4,79,9,20,MjAyNjA5MTMxMzA3NThfMjMxMjE%3D
R-HSA-76005,Response to elevated platelet cytosolic Ca2+,0.006078582215233275,5,149,3,14,MjAyNjA5MTMxMzA3NThfMjMxMjE%3D
R-HSA-168256,Immune System,0.006078582215233275,24,3033,234,1895,MjAyNjA5MTMxMzA3NThfMjMxMjE%3D
R-HSA-9020591,Interleukin-12 signaling,0.006614151046182126,4,84,5,56,MjAyNjA5MTMxMzA3NThfMjMxMjE%3D
R-HSA-168316,Assembly of Viral Components at the Budding Site,0.006614151046182126,2,7,1,17,MjAyNjA5MTMxMzA3NThfMjMxMjE%3D
R-HSA-9018519,Estrogen-dependent gene expression,0.006614151046182126,5,153,16,66,MjAyNjA5MTMxMzA3NThfMjMxMjE%3D
R-HSA-9659379,Sensory processing of sound,0.007271488789085678,4,87,2,13,MjAyNjA5MTMxMzA3NThfMjMxMjE%3D
R-HSA-9706574,RHOBTB GTPase Cycle,0.007368807238384845,3,36,2,4,MjAyNjA5MTMxMzA3NThfMjMxMjE%3D
R-HSA-9679506,SARS-CoV Infections,0.007436199906926122,9,580,18,404,MjAyNjA5MTMxMzA3NThfMjMxMjE%3D
R-HSA-2565942,Regulation of PLK1 Activity at G2/M Transition,0.008462607833927493,4,92,5,12,MjAyNjA5MTMxMzA3NThfMjMxMjE%3D
R-HSA-901042,Calnexin/calreticulin cycle,0.00888490759502325,3,40,5,12,MjAyNjA5MTMxMzA3NThfMjMxMjE%3D
R-HSA-983170,"Antigen Presentation: Folding, assembly and peptide loading of class I MHC",0.00888490759502325,3,40,6,16,MjAyNjA5MTMxMzA3NThfMjMxMjE%3D
R-HSA-9735869,SARS-CoV-1 modulates host translation machinery,0.009093162753432416,3,41,2,3,MjAyNjA5MTMxMzA3NThfMjMxMjE%3D
R-HSA-9609507,Protein localization,0.009093162753432416,5,171,25,53,MjAyNjA5MTMxMzA3NThfMjMxMjE%3D
R-HSA-9663891,Selective autophagy,0.009093162753432416,4,97,16,56,MjAyNjA5MTMxMzA3NThfMjMxMjE%3D
R-HSA-1500931,Cell-Cell communication,0.009093162753432416,7,365,18,208,MjAyNjA5MTMxMzA3NThfMjMxMjE%3D
R-HSA-9612973,Autophagy,0.00952310176494997,5,174,33,117,MjAyNjA5MTMxMzA3NThfMjMxMjE%3D
R-HSA-418990,Adherens junctions interactions,0.009789202824855292,6,267,16,164,MjAyNjA5MTMxMzA3NThfMjMxMjE%3D
R-HSA-156842,Eukaryotic Translation Elongation,0.010225885223947184,4,102,5,9,MjAyNjA5MTMxMzA3NThfMjMxMjE%3D
R-HSA-2682334,EPH-Ephrin signaling,0.010225885223947184,4,102,4,56,MjAyNjA5MTMxMzA3NThfMjMxMjE%3D
R-HSA-5336415,Uptake and function of diphtheria toxin,0.010419033750451945,2,10,1,5,MjAyNjA5MTMxMzA3NThfMjMxMjE%3D
R-HSA-168928,DDX58/IFIH1-mediated induction of interferon-alpha/beta,0.011382560080674065,4,105,14,53,MjAyNjA5MTMxMzA3NThfMjMxMjE%3D
R-HSA-168249,Innate Immune System,0.012054056144819913,14,1387,134,782,MjAyNjA5MTMxMzA3NThfMjMxMjE%3D
R-HSA-3371568,Attenuation phase,0.012239843506677506,3,47,2,5,MjAyNjA5MTMxMzA3NThfMjMxMjE%3D
R-HSA-449147,Signaling by Interleukins,0.012239843506677506,9,646,28,505,MjAyNjA5MTMxMzA3NThfMjMxMjE%3D
R-HSA-3214847,HATs acetylate histones,0.012546092812002918,4,110,11,15,MjAyNjA5MTMxMzA3NThfMjMxMjE%3D
R-HSA-68886,M Phase,0.013517916047428025,7,403,26,96,MjAyNjA5MTMxMzA3NThfMjMxMjE%3D
R-HSA-9834752,Respiratory syncytial virus genome replication,0.013861259384986169,2,12,1,5,MjAyNjA5MTMxMzA3NThfMjMxMjE%3D
R-HSA-421270,Cell-cell junction organization,0.015439470731940297,6,300,16,169,MjAyNjA5MTMxMzA3NThfMjMxMjE%3D
R-HSA-9820962,Assembly and release of respiratory syncytial virus (RSV) virions,0.01575701467745949,2,13,1,4,MjAyNjA5MTMxMzA3NThfMjMxMjE%3D
R-HSA-69275,G2/M Transition,0.01575701467745949,5,205,22,88,MjAyNjA5MTMxMzA3NThfMjMxMjE%3D
R-HSA-532668,N-glycan trimming in the ER and Calnexin/Calreticulin cycle,0.0157656934089756,3,54,7,17,MjAyNjA5MTMxMzA3NThfMjMxMjE%3D
R-HSA-156827,L13a-mediated translational silencing of Ceruloplasmin expression,0.015928984075280095,4,120,2,3,MjAyNjA5MTMxMzA3NThfMjMxMjE%3D
R-HSA-453274,Mitotic G2-G2/M phases,0.016441857736385845,5,207,22,90,MjAyNjA5MTMxMzA3NThfMjMxMjE%3D
R-HSA-5693571,Nonhomologous End-Joining (NHEJ),0.01748516874493866,3,56,13,13,MjAyNjA5MTMxMzA3NThfMjMxMjE%3D
R-HSA-70263,Gluconeogenesis,0.01748516874493866,3,56,3,17,MjAyNjA5MTMxMzA3NThfMjMxMjE%3D
R-HSA-3371571,HSF1-dependent transactivation,0.01858812129850007,3,59,3,8,MjAyNjA5MTMxMzA3NThfMjMxMjE%3D
R-HSA-3000484,Scavenging by Class F Receptors,0.019445797136099507,2,16,2,2,MjAyNjA5MTMxMzA3NThfMjMxMjE%3D
R-HSA-72649,Translation initiation complex formation,0.019445797136099507,3,62,2,2,MjAyNjA5MTMxMzA3NThfMjMxMjE%3D
R-HSA-77305,Beta oxidation of palmitoyl-CoA to myristoyl-CoA,0.019445797136099507,2,16,3,4,MjAyNjA5MTMxMzA3NThfMjMxMjE%3D
R-HSA-77285,Beta oxidation of myristoyl-CoA to lauroyl-CoA,0.019445797136099507,2,16,3,4,MjAyNjA5MTMxMzA3NThfMjMxMjE%3D
R-HSA-1221632,Meiotic synapsis,0.019445797136099507,3,61,4,6,MjAyNjA5MTMxMzA3NThfMjMxMjE%3D
R-HSA-5250924,B-WICH complex positively regulates rRNA expression,0.019445797136099507,3,61,2,3,MjAyNjA5MTMxMzA3NThfMjMxMjE%3D
R-HSA-446728,Cell junction organization,0.019445797136099507,6,327,17,185,MjAyNjA5MTMxMzA3NThfMjMxMjE%3D
R-HSA-3371556,Cellular response to heat stress,0.02035019407043981,4,135,11,29,MjAyNjA5MTMxMzA3NThfMjMxMjE%3D
R-HSA-69278,"Cell Cycle, Mitotic",0.021112956301096997,8,587,71,367,MjAyNjA5MTMxMzA3NThfMjMxMjE%3D
R-HSA-72662,"Activation of the mRNA upon binding of the cap-binding complex and eIFs, and subsequent binding to 43S",0.021265909522893423,3,66,6,6,MjAyNjA5MTMxMzA3NThfMjMxMjE%3D
R-HSA-9770562,mRNA Polyadenylation,0.021265909522893423,4,139,13,20,MjAyNjA5MTMxMzA3NThfMjMxMjE%3D
R-HSA-9764561,Regulation of CDH1 Function,0.021265909522893423,3,65,6,16,MjAyNjA5MTMxMzA3NThfMjMxMjE%3D
R-HSA-9816359,Maternal to zygotic transition (MZT),0.021265909522893423,4,137,15,46,MjAyNjA5MTMxMzA3NThfMjMxMjE%3D
R-HSA-77348,Beta oxidation of octanoyl-CoA to hexanoyl-CoA,0.021265909522893423,2,18,1,4,MjAyNjA5MTMxMzA3NThfMjMxMjE%3D
R-HSA-77310,Beta oxidation of lauroyl-CoA to decanoyl-CoA-CoA,0.021265909522893423,2,18,1,4,MjAyNjA5MTMxMzA3NThfMjMxMjE%3D
R-HSA-77350,Beta oxidation of hexanoyl-CoA to butanoyl-CoA,0.021265909522893423,2,18,1,4,MjAyNjA5MTMxMzA3NThfMjMxMjE%3D
R-HSA-1482798,Acyl chain remodeling of CL,0.021265909522893423,2,18,1,12,MjAyNjA5MTMxMzA3NThfMjMxMjE%3D
R-HSA-9845323,Regulation of endogenous retroelements by Piwi-interacting RNAs (piRNAs),0.022706627898651743,3,68,2,2,MjAyNjA5MTMxMzA3NThfMjMxMjE%3D
R-HSA-5693565,Recruitment and ATM-mediated phosphorylation of repair and signaling proteins at DNA double strand breaks,0.022706627898651743,3,68,30,41,MjAyNjA5MTMxMzA3NThfMjMxMjE%3D
R-HSA-201722,Formation of the beta-catenin:TCF transactivating complex,0.022706627898651743,3,68,3,13,MjAyNjA5MTMxMzA3NThfMjMxMjE%3D
R-HSA-1268020,Mitochondrial protein import,0.024631964785998384,3,70,10,14,MjAyNjA5MTMxMzA3NThfMjMxMjE%3D
R-HSA-380284,Loss of proteins required for interphase microtubule organization from the centrosome,0.025534592233169562,3,71,3,3,MjAyNjA5MTMxMzA3NThfMjMxMjE%3D
R-HSA-380259,Loss of Nlp from mitotic centrosomes,0.025534592233169562,3,71,2,2,MjAyNjA5MTMxMzA3NThfMjMxMjE%3D
R-HSA-77288,mitochondrial fatty acid beta-oxidation of unsaturated fatty acids,0.025534592233169562,2,21,2,6,MjAyNjA5MTMxMzA3NThfMjMxMjE%3D
R-HSA-77346,Beta oxidation of decanoyl-CoA to octanoyl-CoA-CoA,0.025534592233169562,2,21,1,5,MjAyNjA5MTMxMzA3NThfMjMxMjE%3D
R-HSA-8950505,Gene and protein expression by JAK-STAT signaling after Interleukin-12 stimulation,0.025534592233169562,3,73,3,36,MjAyNjA5MTMxMzA3NThfMjMxMjE%3D
R-HSA-9705683,SARS-CoV-2-host interactions,0.025534592233169562,5,247,5,68,MjAyNjA5MTMxMzA3NThfMjMxMjE%3D
R-HSA-168268,Virus Assembly and Release,0.025534592233169562,2,20,1,21,MjAyNjA5MTMxMzA3NThfMjMxMjE%3D
R-HSA-8854518,AURKA Activation by TPX2,0.025580429360031687,3,74,2,2,MjAyNjA5MTMxMzA3NThfMjMxMjE%3D
R-HSA-9909649,Regulation of PD-L1(CD274) transcription,0.025580429360031687,3,74,8,18,MjAyNjA5MTMxMzA3NThfMjMxMjE%3D
R-HSA-9694516,SARS-CoV-2 Infection,0.025977238946576442,6,367,7,211,MjAyNjA5MTMxMzA3NThfMjMxMjE%3D
R-HSA-9820952,Respiratory Syncytial Virus Infection Pathway,0.026080407381904536,4,154,6,101,MjAyNjA5MTMxMzA3NThfMjMxMjE%3D
R-HSA-3247509,Chromatin modifying enzymes,0.026486507900202128,5,254,26,85,MjAyNjA5MTMxMzA3NThfMjMxMjE%3D
R-HSA-9943962,"CHD6, CHD7, CHD8, CHD9 subfamily",0.02655748740918895,3,75,3,14,MjAyNjA5MTMxMzA3NThfMjMxMjE%3D
R-HSA-3371497,HSP90 chaperone cycle for steroid hormone receptors (SHR) in the presence of ligand,0.027557174004467555,3,76,20,22,MjAyNjA5MTMxMzA3NThfMjMxMjE%3D
R-HSA-8939211,ESR-mediated signaling,0.027837073960996328,5,257,23,114,MjAyNjA5MTMxMzA3NThfMjMxMjE%3D
R-HSA-5250913,Positive epigenetic regulation of rRNA expression,0.027970479652458913,3,79,4,7,MjAyNjA5MTMxMzA3NThfMjMxMjE%3D
R-HSA-5625900,RHO GTPases activate CIT,0.027970479652458913,2,23,1,6,MjAyNjA5MTMxMzA3NThfMjMxMjE%3D
R-HSA-1632852,Macroautophagy,0.027970479652458913,4,158,16,96,MjAyNjA5MTMxMzA3NThfMjMxMjE%3D
R-HSA-1834949,Cytosolic sensors of pathogen-associated DNA ,0.027970479652458913,3,78,7,50,MjAyNjA5MTMxMzA3NThfMjMxMjE%3D
R-HSA-9006931,Signaling by Nuclear Receptors,0.027970479652458913,6,383,24,195,MjAyNjA5MTMxMzA3NThfMjMxMjE%3D
R-HSA-9705671,SARS-CoV-2 activates/modulates innate and adaptive immune responses,0.027970479652458913,4,159,4,48,MjAyNjA5MTMxMzA3NThfMjMxMjE%3D
R-HSA-72187,mRNA 3'-end processing,0.028506992112368734,4,164,13,21,MjAyNjA5MTMxMzA3NThfMjMxMjE%3D
R-HSA-9924644,Developmental Lineages of the Mammary Gland,0.028788120812303197,3,81,7,8,MjAyNjA5MTMxMzA3NThfMjMxMjE%3D
R-HSA-1445148,Translocation of SLC2A4 (GLUT4) to the plasma membrane,0.028788120812303197,3,81,3,15,MjAyNjA5MTMxMzA3NThfMjMxMjE%3D
R-HSA-380270,Recruitment of mitotic centrosome proteins and complexes,0.028788120812303197,3,81,3,3,MjAyNjA5MTMxMzA3NThfMjMxMjE%3D
R-HSA-9013418,RHOBTB2 GTPase cycle,0.028961932121106204,2,24,1,2,MjAyNjA5MTMxMzA3NThfMjMxMjE%3D
R-HSA-1852241,Organelle biogenesis and maintenance,0.029410363425629416,6,387,19,119,MjAyNjA5MTMxMzA3NThfMjMxMjE%3D
R-HSA-380287,Centrosome maturation,0.03080181827833217,3,83,6,6,MjAyNjA5MTMxMzA3NThfMjMxMjE%3D
R-HSA-9679191,Potential therapeutics for SARS,0.031027796775516592,4,168,3,36,MjAyNjA5MTMxMzA3NThfMjMxMjE%3D
R-HSA-163210,Formation of ATP by chemiosmotic coupling,0.03134641626328849,2,25,3,3,MjAyNjA5MTMxMzA3NThfMjMxMjE%3D
R-HSA-416572,Sema4D induced cell migration and growth-cone collapse,0.03134641626328849,2,25,1,7,MjAyNjA5MTMxMzA3NThfMjMxMjE%3D
R-HSA-5627123,RHO GTPases activate PAKs,0.031725483528393994,2,27,3,15,MjAyNjA5MTMxMzA3NThfMjMxMjE%3D
R-HSA-168273,Influenza Viral RNA Transcription and Replication,0.031725483528393994,4,173,3,14,MjAyNjA5MTMxMzA3NThfMjMxMjE%3D
R-HSA-9958825,Activation of STAT3 by cadherin engagement,0.031725483528393994,3,87,7,33,MjAyNjA5MTMxMzA3NThfMjMxMjE%3D
R-HSA-9938026,Immunoglobulin maturation,0.031725483528393994,6,406,13,40,MjAyNjA5MTMxMzA3NThfMjMxMjE%3D
R-HSA-5637815,Signaling by Ligand-Responsive EGFR Variants in Cancer,0.031725483528393994,2,26,23,23,MjAyNjA5MTMxMzA3NThfMjMxMjE%3D
R-HSA-1236382,Constitutive Signaling by Ligand-Responsive EGFR Cancer Variants,0.031725483528393994,2,26,23,23,MjAyNjA5MTMxMzA3NThfMjMxMjE%3D
R-HSA-9938027,Affinity selection of immunoglobulins,0.031725483528393994,6,406,13,40,MjAyNjA5MTMxMzA3NThfMjMxMjE%3D
R-HSA-211000,Gene Silencing by RNA,0.031725483528393994,3,85,2,40,MjAyNjA5MTMxMzA3NThfMjMxMjE%3D
R-HSA-2173782,Binding and Uptake of Ligands by Scavenger Receptors,0.031725483528393994,4,172,5,35,MjAyNjA5MTMxMzA3NThfMjMxMjE%3D
R-HSA-1169410,Antimicrobial mechanism of IFN-stimulated genes,0.03173631825626155,5,284,5,103,MjAyNjA5MTMxMzA3NThfMjMxMjE%3D
R-HSA-977225,Amyloid fiber formation,0.0320126200786266,3,89,6,33,MjAyNjA5MTMxMzA3NThfMjMxMjE%3D
R-HSA-5693607,Processing of DNA double-strand break ends,0.0320126200786266,3,89,2,17,MjAyNjA5MTMxMzA3NThfMjMxMjE%3D
R-HSA-2559582,Senescence-Associated Secretory Phenotype (SASP),0.03301201499894213,3,90,3,22,MjAyNjA5MTMxMzA3NThfMjMxMjE%3D
R-HSA-9711123,Cellular response to chemical stress,0.033630905173035686,5,288,65,173,MjAyNjA5MTMxMzA3NThfMjMxMjE%3D
R-HSA-9707564,Cytoprotection by HMOX1,0.03403001764540958,3,91,3,22,MjAyNjA5MTMxMzA3NThfMjMxMjE%3D
R-HSA-8939236,RUNX1 regulates transcription of genes involved in differentiation of HSCs,0.03506672103704278,3,92,5,15,MjAyNjA5MTMxMzA3NThfMjMxMjE%3D
R-HSA-389957,Prefoldin mediated transfer of substrate  to CCT/TriC,0.035790805884360566,2,29,2,2,MjAyNjA5MTMxMzA3NThfMjMxMjE%3D
R-HSA-1500620,Meiosis,0.03612221627984913,3,93,8,16,MjAyNjA5MTMxMzA3NThfMjMxMjE%3D
R-HSA-76002,"Platelet activation, signaling and aggregation",0.03662114434724173,5,294,3,119,MjAyNjA5MTMxMzA3NThfMjMxMjE%3D
R-HSA-1643713,Signaling by EGFR in Cancer,0.03771083263752861,2,32,40,42,MjAyNjA5MTMxMzA3NThfMjMxMjE%3D
R-HSA-975956,Nonsense Mediated Decay (NMD) independent of the Exon Junction Complex (EJC),0.03771083263752861,3,101,1,1,MjAyNjA5MTMxMzA3NThfMjMxMjE%3D
R-HSA-9954714,PELO:HBS1L and ABCE1 dissociate a ribosome on a non-stop mRNA,0.03771083263752861,3,100,3,3,MjAyNjA5MTMxMzA3NThfMjMxMjE%3D
R-HSA-380320,Recruitment of NuMA to mitotic centrosomes,0.03771083263752861,3,97,2,2,MjAyNjA5MTMxMzA3NThfMjMxMjE%3D
R-HSA-9645723,Diseases of programmed cell death,0.03771083263752861,3,97,2,37,MjAyNjA5MTMxMzA3NThfMjMxMjE%3D
R-HSA-400685,Sema4D in semaphorin signaling,0.03771083263752861,2,31,1,13,MjAyNjA5MTMxMzA3NThfMjMxMjE%3D
R-HSA-9821993,Replacement of protamines by nucleosomes in the male pronucleus,0.03771083263752861,2,30,1,6,MjAyNjA5MTMxMzA3NThfMjMxMjE%3D
R-HSA-1912408,Pre-NOTCH Transcription and Translation,0.03771083263752861,3,100,7,37,MjAyNjA5MTMxMzA3NThfMjMxMjE%3D
R-HSA-9940465,ChAHP complex assembly,0.03771083263752861,2,32,1,4,MjAyNjA5MTMxMzA3NThfMjMxMjE%3D
R-HSA-9909648,Regulation of PD-L1(CD274) expression,0.03771083263752861,4,191,17,56,MjAyNjA5MTMxMzA3NThfMjMxMjE%3D
R-HSA-156902,Peptide chain elongation,0.03771083263752861,3,97,4,5,MjAyNjA5MTMxMzA3NThfMjMxMjE%3D
R-HSA-5620912,Anchoring of the basal body to the plasma membrane,0.03771083263752861,3,99,8,9,MjAyNjA5MTMxMzA3NThfMjMxMjE%3D
R-HSA-9932444,ATP-dependent chromatin remodelers,0.03784663078022388,4,196,26,65,MjAyNjA5MTMxMzA3NThfMjMxMjE%3D
R-HSA-3928663,EPHA-mediated growth cone collapse,0.03823326847080588,2,33,1,4,MjAyNjA5MTMxMzA3NThfMjMxMjE%3D
R-HSA-171306,Packaging Of Telomere Ends,0.03823326847080588,2,33,2,2,MjAyNjA5MTMxMzA3NThfMjMxMjE%3D
R-HSA-8949613,Cristae formation,0.03823326847080588,2,33,1,2,MjAyNjA5MTMxMzA3NThfMjMxMjE%3D
R-HSA-83936,Transport of nucleosides and free purine and pyrimidine bases across the plasma membrane,0.03823326847080588,2,33,1,16,MjAyNjA5MTMxMzA3NThfMjMxMjE%3D
R-HSA-1640170,Cell Cycle,0.03858647459030695,8,729,95,474,MjAyNjA5MTMxMzA3NThfMjMxMjE%3D
R-HSA-68867,Assembly of the pre-replicative complex,0.03977452376021595,3,103,4,23,MjAyNjA5MTMxMzA3NThfMjMxMjE%3D
R-HSA-9678108,SARS-CoV-1 Infection,0.0398684872218974,4,199,8,161,MjAyNjA5MTMxMzA3NThfMjMxMjE%3D
R-HSA-72203,Processing of Capped Intron-Containing Pre-mRNA,0.041524928953650675,5,317,27,52,MjAyNjA5MTMxMzA3NThfMjMxMjE%3D
R-HSA-8957275,Post-translational protein phosphorylation,0.04184693781074289,3,109,1,1,MjAyNjA5MTMxMzA3NThfMjMxMjE%3D
R-HSA-9954716,ZNF598 and the Ribosome-associated Quality Trigger (RQT) complex dissociate a ribosome stalled on a no-go mRNA,0.04184693781074289,3,105,4,4,MjAyNjA5MTMxMzA3NThfMjMxMjE%3D
R-HSA-389958,Cooperation of Prefoldin and TriC/CCT  in actin and tubulin folding,0.04184693781074289,2,37,6,6,MjAyNjA5MTMxMzA3NThfMjMxMjE%3D
R-HSA-9927432,Developmental Lineage of Mammary Gland Myoepithelial Cells,0.04184693781074289,2,36,2,2,MjAyNjA5MTMxMzA3NThfMjMxMjE%3D
R-HSA-72689,Formation of a pool of free 40S subunits,0.04184693781074289,3,106,2,2,MjAyNjA5MTMxMzA3NThfMjMxMjE%3D
R-HSA-70171,Glycolysis,0.04184693781074289,3,111,3,23,MjAyNjA5MTMxMzA3NThfMjMxMjE%3D
R-HSA-195721,Signaling by WNT,0.04184693781074289,5,320,21,157,MjAyNjA5MTMxMzA3NThfMjMxMjE%3D
R-HSA-9833109,Evasion by RSV of host interferon responses,0.04184693781074289,2,37,4,12,MjAyNjA5MTMxMzA3NThfMjMxMjE%3D
R-HSA-2408557,Selenocysteine synthesis,0.04184693781074289,3,112,2,7,MjAyNjA5MTMxMzA3NThfMjMxMjE%3D
R-HSA-111465,Apoptotic cleavage of cellular proteins,0.04184693781074289,2,38,4,38,MjAyNjA5MTMxMzA3NThfMjMxMjE%3D
R-HSA-201681,TCF dependent signaling in response to WNT,0.04184693781074289,4,204,16,71,MjAyNjA5MTMxMzA3NThfMjMxMjE%3D
R-HSA-110330,Recognition and association of DNA glycosylase with site containing an affected purine,0.04184693781074289,2,38,2,10,MjAyNjA5MTMxMzA3NThfMjMxMjE%3D
R-HSA-1280218,Adaptive Immune System,0.04184693781074289,11,1237,69,361,MjAyNjA5MTMxMzA3NThfMjMxMjE%3D
R-HSA-9913351,Formation of the dystrophin-glycoprotein complex (DGC),0.04184693781074289,2,37,2,11,MjAyNjA5MTMxMzA3NThfMjMxMjE%3D
R-HSA-2559580,Oxidative Stress Induced Senescence,0.04184693781074289,3,113,6,40,MjAyNjA5MTMxMzA3NThfMjMxMjE%3D
R-HSA-5693532,DNA Double-Strand Break Repair,0.04184693781074289,4,210,48,124,MjAyNjA5MTMxMzA3NThfMjMxMjE%3D
R-HSA-72766,Translation,0.04184693781074289,6,448,49,126,MjAyNjA5MTMxMzA3NThfMjMxMjE%3D
R-HSA-5626467,RHO GTPases activate IQGAPs,0.04184693781074289,2,36,2,5,MjAyNjA5MTMxMzA3NThfMjMxMjE%3D
R-HSA-8863795,Downregulation of ERBB2 signaling,0.04184693781074289,2,36,7,14,MjAyNjA5MTMxMzA3NThfMjMxMjE%3D
R-HSA-72764,Eukaryotic Translation Termination,0.04184693781074289,3,106,3,5,MjAyNjA5MTMxMzA3NThfMjMxMjE%3D
R-HSA-73728,RNA Polymerase I Promoter Opening,0.04184693781074289,2,35,1,3,MjAyNjA5MTMxMzA3NThfMjMxMjE%3D
R-HSA-9615710,Late endosomal microautophagy,0.04184693781074289,2,35,3,3,MjAyNjA5MTMxMzA3NThfMjMxMjE%3D
R-HSA-5334118,DNA methylation,0.04184693781074289,2,35,7,7,MjAyNjA5MTMxMzA3NThfMjMxMjE%3D
R-HSA-192823,Viral mRNA Translation,0.04184693781074289,3,114,2,2,MjAyNjA5MTMxMzA3NThfMjMxMjE%3D
R-HSA-9842860,Regulation of endogenous retroelements,0.04184693781074289,3,113,14,17,MjAyNjA5MTMxMzA3NThfMjMxMjE%3D
R-HSA-5693606,DNA Double Strand Break Response,0.04184693781074289,3,114,32,53,MjAyNjA5MTMxMzA3NThfMjMxMjE%3D
R-HSA-68616,Assembly of the ORC complex at the origin of replication,0.04207953894202632,2,39,2,11,MjAyNjA5MTMxMzA3NThfMjMxMjE%3D
R-HSA-5675482,Regulation of necroptotic cell death,0.04207953894202632,2,39,9,21,MjAyNjA5MTMxMzA3NThfMjMxMjE%3D
R-HSA-9633012,Response of EIF2AK4 (GCN2) to amino acid deficiency,0.04283913480823687,3,115,4,16,MjAyNjA5MTMxMzA3NThfMjMxMjE%3D
R-HSA-5619507,Activation of HOX genes during differentiation,0.04384492890908742,3,116,31,43,MjAyNjA5MTMxMzA3NThfMjMxMjE%3D
R-HSA-5617472,Activation of anterior HOX genes in hindbrain development during early embryogenesis,0.04384492890908742,3,116,31,43,MjAyNjA5MTMxMzA3NThfMjMxMjE%3D
R-HSA-389948,Co-inhibition by PD-1,0.04414436526371279,4,219,17,61,MjAyNjA5MTMxMzA3NThfMjMxMjE%3D
R-HSA-5696394,DNA Damage Recognition in GG-NER,0.04415391277953962,2,40,4,5,MjAyNjA5MTMxMzA3NThfMjMxMjE%3D
R-HSA-9920588,Dengue virus activates/modulates innate and adaptive immune responses,0.04415391277953962,2,40,1,23,MjAyNjA5MTMxMzA3NThfMjMxMjE%3D
R-HSA-390522,Striated Muscle Contraction,0.04415391277953962,2,40,4,4,MjAyNjA5MTMxMzA3NThfMjMxMjE%3D
R-HSA-1799339,SRP-dependent cotranslational protein targeting to membrane,0.04486435336007233,3,117,5,5,MjAyNjA5MTMxMzA3NThfMjMxMjE%3D
R-HSA-376176,Signaling by ROBO receptors,0.046209754487029464,4,222,6,60,MjAyNjA5MTMxMzA3NThfMjMxMjE%3D
R-HSA-110328,Recognition and association of DNA glycosylase with site containing an affected pyrimidine,0.04627268394254891,2,41,1,21,MjAyNjA5MTMxMzA3NThfMjMxMjE%3D
R-HSA-9843970,Regulation of endogenous retroelements by the Human Silencing Hub (HUSH) complex,0.04627268394254891,2,41,5,8,MjAyNjA5MTMxMzA3NThfMjMxMjE%3D
R-HSA-9970672,FXIIa activates plasma kallikrein-kinin system,0.04689407355967834,2,42,2,18,MjAyNjA5MTMxMzA3NThfMjMxMjE%3D
R-HSA-69002,DNA Replication Pre-Initiation,0.04689407355967834,3,121,4,32,MjAyNjA5MTMxMzA3NThfMjMxMjE%3D
R-HSA-9692914,SARS-CoV-1-host interactions,0.04689407355967834,3,124,6,50,MjAyNjA5MTMxMzA3NThfMjMxMjE%3D
R-HSA-1428517,Aerobic respiration and respiratory electron transport,0.04689407355967834,5,361,13,117,MjAyNjA5MTMxMzA3NThfMjMxMjE%3D
R-HSA-1474244,Extracellular matrix organization,0.04689407355967834,5,351,32,330,MjAyNjA5MTMxMzA3NThfMjMxMjE%3D
R-HSA-1592230,Mitochondrial biogenesis,0.04689407355967834,3,131,3,36,MjAyNjA5MTMxMzA3NThfMjMxMjE%3D
R-HSA-1912422,Pre-NOTCH Expression and Processing,0.04689407355967834,3,125,7,47,MjAyNjA5MTMxMzA3NThfMjMxMjE%3D
R-HSA-70326,Glucose metabolism,0.04689407355967834,3,131,6,40,MjAyNjA5MTMxMzA3NThfMjMxMjE%3D
R-HSA-5578749,Transcriptional regulation by small RNAs,0.04689407355967834,2,46,1,5,MjAyNjA5MTMxMzA3NThfMjMxMjE%3D
R-HSA-8874177,ATF6B (ATF6-beta) activates chaperones,0.04689407355967834,1,4,1,5,MjAyNjA5MTMxMzA3NThfMjMxMjE%3D
R-HSA-73927,Depurination,0.04689407355967834,2,45,4,19,MjAyNjA5MTMxMzA3NThfMjMxMjE%3D
R-HSA-110331,Cleavage of the damaged purine,0.04689407355967834,2,44,2,9,MjAyNjA5MTMxMzA3NThfMjMxMjE%3D
R-HSA-176033,Interactions of Vpr with host cellular proteins,0.04689407355967834,2,47,1,4,MjAyNjA5MTMxMzA3NThfMjMxMjE%3D
R-HSA-5213460,RIPK1-mediated regulated necrosis,0.04689407355967834,2,45,9,29,MjAyNjA5MTMxMzA3NThfMjMxMjE%3D
R-HSA-9035034,RHOF GTPase cycle,0.04689407355967834,2,46,1,3,MjAyNjA5MTMxMzA3NThfMjMxMjE%3D
R-HSA-352238,Breakdown of the nuclear lamina,0.04689407355967834,1,3,1,3,MjAyNjA5MTMxMzA3NThfMjMxMjE%3D
R-HSA-3371511,HSF1 activation,0.04689407355967834,2,43,3,7,MjAyNjA5MTMxMzA3NThfMjMxMjE%3D
R-HSA-9821002,Chromatin modifications during the maternal to zygotic transition (MZT),0.04689407355967834,2,48,6,12,MjAyNjA5MTMxMzA3NThfMjMxMjE%3D
R-HSA-427389,ERCC6 (CSB) and EHMT2 (G9a) positively regulate rRNA expression,0.04689407355967834,2,47,2,4,MjAyNjA5MTMxMzA3NThfMjMxMjE%3D
R-HSA-9665246,Resistance of ERBB2 KD mutants to neratinib,0.04689407355967834,1,4,1,1,MjAyNjA5MTMxMzA3NThfMjMxMjE%3D
R-HSA-9665249,Resistance of ERBB2 KD mutants to afatinib,0.04689407355967834,1,4,1,1,MjAyNjA5MTMxMzA3NThfMjMxMjE%3D
R-HSA-9665251,Resistance of ERBB2 KD mutants to lapatinib,0.04689407355967834,1,4,1,1,MjAyNjA5MTMxMzA3NThfMjMxMjE%3D
R-HSA-9665250,Resistance of ERBB2 KD mutants to AEE788,0.04689407355967834,1,4,1,1,MjAyNjA5MTMxMzA3NThfMjMxMjE%3D
R-HSA-9665247,Resistance of ERBB2 KD mutants to osimertinib,0.04689407355967834,1,4,1,1,MjAyNjA5MTMxMzA3NThfMjMxMjE%3D
R-HSA-9665233,Resistance of ERBB2 KD mutants to trastuzumab,0.04689407355967834,1,4,1,1,MjAyNjA5MTMxMzA3NThfMjMxMjE%3D
R-HSA-9665244,Resistance of ERBB2 KD mutants to sapitinib,0.04689407355967834,1,4,1,1,MjAyNjA5MTMxMzA3NThfMjMxMjE%3D
R-HSA-9665737,Drug resistance in ERBB2 TMD/JMD mutants,0.04689407355967834,1,4,1,1,MjAyNjA5MTMxMzA3NThfMjMxMjE%3D
R-HSA-212300,PRC2 methylates histones and DNA,0.04689407355967834,2,46,4,4,MjAyNjA5MTMxMzA3NThfMjMxMjE%3D
R-HSA-927802,Nonsense-Mediated Decay (NMD),0.04689407355967834,3,124,5,6,MjAyNjA5MTMxMzA3NThfMjMxMjE%3D
R-HSA-975957,Nonsense Mediated Decay (NMD) enhanced by the Exon Junction Complex (EJC),0.04689407355967834,3,124,4,5,MjAyNjA5MTMxMzA3NThfMjMxMjE%3D
R-HSA-9670095,Inhibition of DNA recombination at telomere,0.04689407355967834,2,47,3,4,MjAyNjA5MTMxMzA3NThfMjMxMjE%3D
R-HSA-5625886,Activated PKN1 stimulates transcription of AR (androgen receptor) regulated genes KLK2 and KLK3,0.04689407355967834,2,48,8,11,MjAyNjA5MTMxMzA3NThfMjMxMjE%3D
R-HSA-427359,SIRT1 negatively regulates rRNA expression,0.04689407355967834,2,44,3,5,MjAyNjA5MTMxMzA3NThfMjMxMjE%3D
R-HSA-9734779,Developmental Cell Lineages of the Integumentary System,0.04689407355967834,3,122,7,12,MjAyNjA5MTMxMzA3NThfMjMxMjE%3D
R-HSA-168277,Influenza Virus Induced Apoptosis,0.04689407355967834,1,4,1,2,MjAyNjA5MTMxMzA3NThfMjMxMjE%3D
R-HSA-9665245,Resistance of ERBB2 KD mutants to tesevatinib,0.04689407355967834,1,4,1,1,MjAyNjA5MTMxMzA3NThfMjMxMjE%3D
R-HSA-9665230,Drug resistance in ERBB2 KD mutants,0.04689407355967834,1,4,8,8,MjAyNjA5MTMxMzA3NThfMjMxMjE%3D
R-HSA-9652282,Drug-mediated inhibition of ERBB2 signaling,0.04689407355967834,1,4,3,3,MjAyNjA5MTMxMzA3NThfMjMxMjE%3D
R-HSA-381426,Regulation of Insulin-like Growth Factor (IGF) transport and uptake by Insulin-like Growth Factor Binding Proteins (IGFBPs),0.04689407355967834,3,127,1,14,MjAyNjA5MTMxMzA3NThfMjMxMjE%3D
R-HSA-5693567,HDR through Homologous Recombination (HRR) or Single Strand Annealing (SSA),0.04689407355967834,3,127,3,50,MjAyNjA5MTMxMzA3NThfMjMxMjE%3D
R-HSA-913531,Interferon Signaling,0.04689407355967834,6,507,7,157,MjAyNjA5MTMxMzA3NThfMjMxMjE%3D
R-HSA-109582,Hemostasis,0.04689407355967834,8,821,7,366,MjAyNjA5MTMxMzA3NThfMjMxMjE%3D
R-HSA-9820965,"Respiratory syncytial virus (RSV) genome replication, transcription and translation",0.04689407355967834,2,46,1,65,MjAyNjA5MTMxMzA3NThfMjMxMjE%3D
R-HSA-5693538,Homology Directed Repair,0.047289107604051916,3,133,3,58,MjAyNjA5MTMxMzA3NThfMjMxMjE%3D
R-HSA-68875,Mitotic Prophase,0.048230561092970636,3,134,11,34,MjAyNjA5MTMxMzA3NThfMjMxMjE%3D
R-HSA-3000480,Scavenging by Class A Receptors,0.04858293083171583,2,49,2,10,MjAyNjA5MTMxMzA3NThfMjMxMjE%3D
R-HSA-9683701,Translation of Structural Proteins,0.04858293083171583,2,49,2,37,MjAyNjA5MTMxMzA3NThfMjMxMjE%3D
R-HSA-8878171,Transcriptional regulation by RUNX1,0.048746969057179235,4,246,28,132,MjAyNjA5MTMxMzA3NThfMjMxMjE%3D
R-HSA-5653656,Vesicle-mediated transport,0.04886988769254408,8,833,41,254,MjAyNjA5MTMxMzA3NThfMjMxMjE%3D
R-HSA-162906,HIV Infection,0.05006134989076372,4,248,14,160,MjAyNjA5MTMxMzA3NThfMjMxMjE%3D
R-HSA-110329,Cleavage of the damaged pyrimidine ,0.050459405122076584,2,50,1,20,MjAyNjA5MTMxMzA3NThfMjMxMjE%3D
R-HSA-73928,Depyrimidination,0.050459405122076584,2,50,2,41,MjAyNjA5MTMxMzA3NThfMjMxMjE%3D
R-HSA-162909,Host Interactions of HIV factors,0.05210195672155937,3,138,5,54,MjAyNjA5MTMxMzA3NThfMjMxMjE%3D
R-HSA-9710421,Defective pyroptosis,0.052366476028963715,2,51,1,3,MjAyNjA5MTMxMzA3NThfMjMxMjE%3D
R-HSA-9841922,MLL4 and MLL3 complexes regulate expression of PPARG target genes in adipogenesis and hepatic steatosis,0.053096253779692515,3,139,33,37,MjAyNjA5MTMxMzA3NThfMjMxMjE%3D
R-HSA-9851695,Epigenetic regulation of adipogenesis genes by MLL3 and MLL4 complexes,0.053096253779692515,3,139,33,37,MjAyNjA5MTMxMzA3NThfMjMxMjE%3D
R-HSA-9818564,Epigenetic regulation of gene expression by MLL3 and MLL4 complexes,0.053096253779692515,3,139,33,40,MjAyNjA5MTMxMzA3NThfMjMxMjE%3D
R-HSA-8864260,Transcriptional regulation by the AP-2 (TFAP2) family of transcription factors,0.05430388198367586,2,52,2,44,MjAyNjA5MTMxMzA3NThfMjMxMjE%3D
R-HSA-3928662,EPHB-mediated forward signaling,0.05430388198367586,2,52,2,26,MjAyNjA5MTMxMzA3NThfMjMxMjE%3D
R-HSA-3214858,RMTs methylate histone arginines,0.05430388198367586,2,52,5,22,MjAyNjA5MTMxMzA3NThfMjMxMjE%3D
R-HSA-190828,Gap junction trafficking,0.05430388198367586,2,52,7,20,MjAyNjA5MTMxMzA3NThfMjMxMjE%3D
R-HSA-4839726,Chromatin organization,0.05596189478229696,5,389,52,150,MjAyNjA5MTMxMzA3NThfMjMxMjE%3D
R-HSA-69481,G2/M Checkpoints,0.05614276660440631,3,142,3,24,MjAyNjA5MTMxMzA3NThfMjMxMjE%3D
R-HSA-774815,Nucleosome assembly,0.0562713629444479,2,53,3,4,MjAyNjA5MTMxMzA3NThfMjMxMjE%3D
R-HSA-77286,mitochondrial fatty acid beta-oxidation of saturated fatty acids,0.0562713629444479,2,53,10,29,MjAyNjA5MTMxMzA3NThfMjMxMjE%3D
R-HSA-606279,Deposition of new CENPA-containing nucleosomes at the centromere,0.0562713629444479,2,53,3,4,MjAyNjA5MTMxMzA3NThfMjMxMjE%3D
R-HSA-2299718,Condensation of Prophase Chromosomes,0.05826866038878509,2,54,8,10,MjAyNjA5MTMxMzA3NThfMjMxMjE%3D
R-HSA-9861718,Regulation of pyruvate metabolism,0.05826866038878509,2,54,2,11,MjAyNjA5MTMxMzA3NThfMjMxMjE%3D
R-HSA-72695,"Formation of the ternary complex, and subsequently, the 43S complex",0.05826866038878509,2,54,1,3,MjAyNjA5MTMxMzA3NThfMjMxMjE%3D
R-HSA-157118,Signaling by NOTCH,0.058416011582460126,4,260,34,165,MjAyNjA5MTMxMzA3NThfMjMxMjE%3D
R-HSA-437239,Recycling pathway of L1,0.06029551730583216,2,55,5,14,MjAyNjA5MTMxMzA3NThfMjMxMjE%3D
R-HSA-1474165,Reproduction,0.06035350634729686,3,146,8,44,MjAyNjA5MTMxMzA3NThfMjMxMjE%3D
R-HSA-5663220,RHO GTPases Activate Formins,0.06362330087266665,3,149,9,27,MjAyNjA5MTMxMzA3NThfMjMxMjE%3D
R-HSA-157858,Gap junction trafficking and regulation,0.06443688902745026,2,57,7,24,MjAyNjA5MTMxMzA3NThfMjMxMjE%3D
R-HSA-2122947,NOTCH1 Intracellular Domain Regulates Transcription,0.06443688902745026,2,57,12,18,MjAyNjA5MTMxMzA3NThfMjMxMjE%3D
R-HSA-5358346,Hedgehog ligand biogenesis,0.06869345196813337,2,59,4,15,MjAyNjA5MTMxMzA3NThfMjMxMjE%3D
R-HSA-912446,Meiotic recombination,0.06869345196813337,2,59,4,10,MjAyNjA5MTMxMzA3NThfMjMxMjE%3D
R-HSA-9706377,FLT3 signaling by CBL mutants,0.06966533467704683,1,7,1,1,MjAyNjA5MTMxMzA3NThfMjMxMjE%3D
R-HSA-3656244,Defective B4GALT1 causes B4GALT1-CDG (CDG-2d),0.06966533467704683,1,9,3,3,MjAyNjA5MTMxMzA3NThfMjMxMjE%3D
R-HSA-9818035,NFE2L2 regulating ER-stress associated genes,0.06966533467704683,1,6,2,2,MjAyNjA5MTMxMzA3NThfMjMxMjE%3D
R-HSA-9818026,NFE2L2 regulating inflammation associated genes,0.06966533467704683,1,7,3,3,MjAyNjA5MTMxMzA3NThfMjMxMjE%3D
R-HSA-3656225,Defective CHST6 causes MCDC1,0.06966533467704683,1,9,1,1,MjAyNjA5MTMxMzA3NThfMjMxMjE%3D
R-HSA-3656243,Defective ST3GAL3 causes MCT12 and EIEE15,0.06966533467704683,1,9,1,1,MjAyNjA5MTMxMzA3NThfMjMxMjE%3D
R-HSA-1234174,Cellular response to hypoxia,0.06966533467704683,2,73,8,20,MjAyNjA5MTMxMzA3NThfMjMxMjE%3D
R-HSA-73894,DNA Repair,0.06966533467704683,5,414,114,350,MjAyNjA5MTMxMzA3NThfMjMxMjE%3D
R-HSA-9938024,Somatic hypermutation of immunoglobulin genes,0.06966533467704683,3,178,9,28,MjAyNjA5MTMxMzA3NThfMjMxMjE%3D
R-HSA-9818749,Regulation of NFE2L2 gene expression,0.06966533467704683,1,9,2,7,MjAyNjA5MTMxMzA3NThfMjMxMjE%3D
R-HSA-9658195,Leishmania infection,0.06966533467704683,4,301,26,95,MjAyNjA5MTMxMzA3NThfMjMxMjE%3D
R-HSA-9824443,Parasitic Infection Pathways,0.06966533467704683,4,301,26,95,MjAyNjA5MTMxMzA3NThfMjMxMjE%3D
R-HSA-1227986,Signaling by ERBB2,0.06966533467704683,2,68,12,46,MjAyNjA5MTMxMzA3NThfMjMxMjE%3D
R-HSA-9010553,Regulation of expression of SLITs and ROBOs,0.06966533467704683,3,170,5,20,MjAyNjA5MTMxMzA3NThfMjMxMjE%3D
R-HSA-3134973,LRR FLII-interacting protein 1 (LRRFIP1) activates type I IFN production,0.06966533467704683,1,7,1,5,MjAyNjA5MTMxMzA3NThfMjMxMjE%3D
R-HSA-9683683,Maturation of protein E,0.06966533467704683,1,8,1,5,MjAyNjA5MTMxMzA3NThfMjMxMjE%3D
R-HSA-9694493,Maturation of protein E,0.06966533467704683,1,8,1,5,MjAyNjA5MTMxMzA3NThfMjMxMjE%3D
R-HSA-8866423,VLDL assembly,0.06966533467704683,1,9,1,5,MjAyNjA5MTMxMzA3NThfMjMxMjE%3D
R-HSA-168643,"Nucleotide-binding domain, leucine rich repeat containing receptor (NLR) signaling pathways",0.06966533467704683,2,72,9,46,MjAyNjA5MTMxMzA3NThfMjMxMjE%3D
R-HSA-388841,Regulation of T cell activation by CD28 family,0.06966533467704683,4,276,17,91,MjAyNjA5MTMxMzA3NThfMjMxMjE%3D
R-HSA-5358351,Signaling by Hedgehog,0.06966533467704683,3,155,14,82,MjAyNjA5MTMxMzA3NThfMjMxMjE%3D
R-HSA-9754678,SARS-CoV-2 modulates host translation machinery,0.06966533467704683,2,62,1,6,MjAyNjA5MTMxMzA3NThfMjMxMjE%3D
R-HSA-9937848,CHD chromatin remodelers,0.06966533467704683,3,165,19,44,MjAyNjA5MTMxMzA3NThfMjMxMjE%3D
R-HSA-2644603,Signaling by NOTCH1 in Cancer,0.06966533467704683,2,68,17,39,MjAyNjA5MTMxMzA3NThfMjMxMjE%3D
R-HSA-9937850,NuRD complex assembly,0.06966533467704683,2,74,10,21,MjAyNjA5MTMxMzA3NThfMjMxMjE%3D
R-HSA-9917777,Epigenetic regulation by WDR5-containing histone modifying complexes,0.06966533467704683,3,171,33,67,MjAyNjA5MTMxMzA3NThfMjMxMjE%3D
R-HSA-73772,RNA Polymerase I Promoter Escape,0.06966533467704683,2,62,1,2,MjAyNjA5MTMxMzA3NThfMjMxMjE%3D
R-HSA-9033241,Peroxisomal protein import,0.06966533467704683,2,67,15,26,MjAyNjA5MTMxMzA3NThfMjMxMjE%3D
R-HSA-8937144,Aryl hydrocarbon receptor signalling,0.06966533467704683,1,8,3,5,MjAyNjA5MTMxMzA3NThfMjMxMjE%3D
R-HSA-2894858,Signaling by NOTCH1 HD+PEST Domain Mutants in Cancer,0.06966533467704683,2,68,13,21,MjAyNjA5MTMxMzA3NThfMjMxMjE%3D
R-HSA-2894862,Constitutive Signaling by NOTCH1 HD+PEST Domain Mutants,0.06966533467704683,2,68,13,21,MjAyNjA5MTMxMzA3NThfMjMxMjE%3D
R-HSA-2644606,Constitutive Signaling by NOTCH1 PEST Domain Mutants,0.06966533467704683,2,68,13,21,MjAyNjA5MTMxMzA3NThfMjMxMjE%3D
R-HSA-2644602,Signaling by NOTCH1 PEST Domain Mutants in Cancer,0.06966533467704683,2,68,13,21,MjAyNjA5MTMxMzA3NThfMjMxMjE%3D
R-HSA-9664417,Leishmania phagocytosis,0.06966533467704683,3,157,17,27,MjAyNjA5MTMxMzA3NThfMjMxMjE%3D
R-HSA-9664422,FCGR3A-mediated phagocytosis,0.06966533467704683,3,157,17,27,MjAyNjA5MTMxMzA3NThfMjMxMjE%3D
R-HSA-9664407,Parasite infection,0.06966533467704683,3,157,17,27,MjAyNjA5MTMxMzA3NThfMjMxMjE%3D
R-HSA-9940951,Interaction of NuRD complexes with transcription factors,0.06966533467704683,2,64,8,11,MjAyNjA5MTMxMzA3NThfMjMxMjE%3D
R-HSA-9948299,Ribosome-associated quality control,0.06966533467704683,3,155,20,20,MjAyNjA5MTMxMzA3NThfMjMxMjE%3D
R-HSA-9711097,Cellular response to starvation,0.06966533467704683,3,176,4,28,MjAyNjA5MTMxMzA3NThfMjMxMjE%3D
R-HSA-9012852,Signaling by NOTCH3,0.06966533467704683,2,63,5,37,MjAyNjA5MTMxMzA3NThfMjMxMjE%3D
R-HSA-8869496,TFAP2A acts as a transcriptional repressor during retinoic acid induced cell differentiation,0.06966533467704683,1,9,1,7,MjAyNjA5MTMxMzA3NThfMjMxMjE%3D
R-HSA-69306,DNA Replication,0.06966533467704683,3,171,8,73,MjAyNjA5MTMxMzA3NThfMjMxMjE%3D
R-HSA-2426168,Activation of gene expression by SREBF (SREBP),0.06966533467704683,2,71,4,42,MjAyNjA5MTMxMzA3NThfMjMxMjE%3D
R-HSA-9616222,Transcriptional regulation of granulopoiesis,0.06966533467704683,2,70,1,27,MjAyNjA5MTMxMzA3NThfMjMxMjE%3D
R-HSA-5339562,Uptake and actions of bacterial toxins,0.06966533467704683,2,60,1,66,MjAyNjA5MTMxMzA3NThfMjMxMjE%3D
R-HSA-381119,Unfolded Protein Response (UPR),0.06966533467704683,3,156,7,99,MjAyNjA5MTMxMzA3NThfMjMxMjE%3D
R-HSA-162582,Signal Transduction,0.06966533467704683,19,3056,241,2589,MjAyNjA5MTMxMzA3NThfMjMxMjE%3D
R-HSA-73929,"Base-Excision Repair, AP Site Formation",0.06966533467704683,2,62,6,64,MjAyNjA5MTMxMzA3NThfMjMxMjE%3D
R-HSA-9764725,Negative Regulation of CDH1 Gene Transcription,0.06966533467704683,2,68,3,42,MjAyNjA5MTMxMzA3NThfMjMxMjE%3D
R-HSA-9012999,RHO GTPase cycle,0.06991213949447284,5,460,4,91,MjAyNjA5MTMxMzA3NThfMjMxMjE%3D
R-HSA-2408522,Selenoamino acid metabolism,0.0706069804927889,3,182,2,33,MjAyNjA5MTMxMzA3NThfMjMxMjE%3D
R-HSA-8936459,RUNX1 regulates genes involved in megakaryocyte differentiation and platelet function,0.07283216694420425,2,76,20,33,MjAyNjA5MTMxMzA3NThfMjMxMjE%3D
R-HSA-5218859,Regulated Necrosis,0.07283216694420425,2,76,9,53,MjAyNjA5MTMxMzA3NThfMjMxMjE%3D
R-HSA-1650814,Collagen biosynthesis and modifying enzymes,0.07283216694420425,2,76,21,51,MjAyNjA5MTMxMzA3NThfMjMxMjE%3D
R-HSA-174495,"Synthesis And Processing Of GAG, GAGPOL Polyproteins",0.07578716313704192,1,18,3,5,MjAyNjA5MTMxMzA3NThfMjMxMjE%3D
R-HSA-72172,mRNA Splicing,0.07578716313704192,3,224,10,16,MjAyNjA5MTMxMzA3NThfMjMxMjE%3D
R-HSA-1358803,Downregulation of ERBB2:ERBB3 signaling,0.07578716313704192,1,16,5,8,MjAyNjA5MTMxMzA3NThfMjMxMjE%3D
R-HSA-9824878,"Regulation of TBK1, IKKε (IKBKE)-mediated activation of IRF3, IRF7 ",0.07578716313704192,1,15,2,3,MjAyNjA5MTMxMzA3NThfMjMxMjE%3D
R-HSA-9828211,"Regulation of TBK1, IKKε-mediated activation of IRF3, IRF7 upon TLR3 ligation",0.07578716313704192,1,11,2,3,MjAyNjA5MTMxMzA3NThfMjMxMjE%3D
R-HSA-8941856,RUNX3 regulates NOTCH signaling,0.07578716313704192,1,16,5,7,MjAyNjA5MTMxMzA3NThfMjMxMjE%3D
R-HSA-5696399,Global Genome Nucleotide Excision Repair (GG-NER),0.07578716313704192,2,92,15,20,MjAyNjA5MTMxMzA3NThfMjMxMjE%3D
R-HSA-174490,Membrane binding and targetting of GAG proteins,0.07578716313704192,1,17,3,4,MjAyNjA5MTMxMzA3NThfMjMxMjE%3D
R-HSA-110312,Translesion synthesis by REV1,0.07578716313704192,1,19,4,5,MjAyNjA5MTMxMzA3NThfMjMxMjE%3D
R-HSA-975163,IRAK2 mediated activation of TAK1 complex upon TLR7/8 or 9 stimulation,0.07578716313704192,1,18,4,5,MjAyNjA5MTMxMzA3NThfMjMxMjE%3D
R-HSA-192905,vRNP Assembly,0.07578716313704192,1,14,1,2,MjAyNjA5MTMxMzA3NThfMjMxMjE%3D
R-HSA-5689877,Josephin domain DUBs,0.07578716313704192,1,13,3,6,MjAyNjA5MTMxMzA3NThfMjMxMjE%3D
R-HSA-3785653,Myoclonic epilepsy of Lafora,0.07578716313704192,1,11,1,2,MjAyNjA5MTMxMzA3NThfMjMxMjE%3D
R-HSA-8948747,Regulation of PTEN localization,0.07578716313704192,1,10,2,4,MjAyNjA5MTMxMzA3NThfMjMxMjE%3D
R-HSA-1234158,Regulation of gene expression by Hypoxia-inducible Factor,0.07578716313704192,1,15,4,7,MjAyNjA5MTMxMzA3NThfMjMxMjE%3D
R-HSA-212165,Epigenetic regulation of gene expression,0.07578716313704192,4,345,68,118,MjAyNjA5MTMxMzA3NThfMjMxMjE%3D
R-HSA-390466,Chaperonin-mediated protein folding,0.07578716313704192,2,96,6,19,MjAyNjA5MTMxMzA3NThfMjMxMjE%3D
R-HSA-9975921,Assembly of the 9+0 primary cilium,0.07578716313704192,3,209,16,50,MjAyNjA5MTMxMzA3NThfMjMxMjE%3D
R-HSA-168927,"TICAM1, RIP1-mediated IKK complex recruitment",0.07578716313704192,1,19,1,3,MjAyNjA5MTMxMzA3NThfMjMxMjE%3D
R-HSA-2173791,TGF-beta receptor signaling in EMT (epithelial to mesenchymal transition),0.07578716313704192,1,19,2,6,MjAyNjA5MTMxMzA3NThfMjMxMjE%3D
R-HSA-2691230,Signaling by NOTCH1 HD Domain Mutants in Cancer,0.07578716313704192,1,16,2,6,MjAyNjA5MTMxMzA3NThfMjMxMjE%3D
R-HSA-2691232,Constitutive Signaling by NOTCH1 HD Domain Mutants,0.07578716313704192,1,16,2,6,MjAyNjA5MTMxMzA3NThfMjMxMjE%3D
R-HSA-8964041,LDL remodeling,0.07578716313704192,1,10,1,3,MjAyNjA5MTMxMzA3NThfMjMxMjE%3D
R-HSA-68877,Mitotic Prometaphase,0.07578716313704192,3,212,9,25,MjAyNjA5MTMxMzA3NThfMjMxMjE%3D
R-HSA-1236974,ER-Phagosome pathway,0.07578716313704192,2,98,4,11,MjAyNjA5MTMxMzA3NThfMjMxMjE%3D
R-HSA-8875360,InlB-mediated entry of Listeria monocytogenes into host cell,0.07578716313704192,1,19,3,8,MjAyNjA5MTMxMzA3NThfMjMxMjE%3D
R-HSA-6798695,Neutrophil degranulation,0.07578716313704192,5,478,4,10,MjAyNjA5MTMxMzA3NThfMjMxMjE%3D
R-HSA-8963888,Chylomicron assembly,0.07578716313704192,1,14,2,5,MjAyNjA5MTMxMzA3NThfMjMxMjE%3D
R-HSA-9645460,Alpha-protein kinase 1 signaling pathway,0.07578716313704192,1,14,4,10,MjAyNjA5MTMxMzA3NThfMjMxMjE%3D
R-HSA-1253288,Downregulation of ERBB4 signaling,0.07578716313704192,1,11,2,5,MjAyNjA5MTMxMzA3NThfMjMxMjE%3D
R-HSA-391251,Protein folding,0.07578716313704192,2,102,12,28,MjAyNjA5MTMxMzA3NThfMjMxMjE%3D
R-HSA-427413,NoRC negatively regulates rRNA expression,0.07578716313704192,2,79,3,7,MjAyNjA5MTMxMzA3NThfMjMxMjE%3D
R-HSA-162592,Integration of provirus,0.07578716313704192,1,15,3,14,MjAyNjA5MTMxMzA3NThfMjMxMjE%3D
R-HSA-5663202,Diseases of signal transduction by growth factor receptors and second messengers,0.07578716313704192,5,536,111,516,MjAyNjA5MTMxMzA3NThfMjMxMjE%3D
R-HSA-210744,Regulation of gene expression in late stage (branching morphogenesis) pancreatic bud precursor cells,0.07578716313704192,1,20,1,4,MjAyNjA5MTMxMzA3NThfMjMxMjE%3D
R-HSA-5684264,MAP3K8 (TPL2)-dependent MAPK1/3 activation,0.07578716313704192,1,18,2,8,MjAyNjA5MTMxMzA3NThfMjMxMjE%3D
R-HSA-8866427,VLDLR internalisation and degradation,0.07578716313704192,1,16,1,4,MjAyNjA5MTMxMzA3NThfMjMxMjE%3D
R-HSA-975144,IRAK1 recruits IKK complex upon TLR7/8 or 9 stimulation,0.07578716313704192,1,16,1,4,MjAyNjA5MTMxMzA3NThfMjMxMjE%3D
R-HSA-937039,IRAK1 recruits IKK complex,0.07578716313704192,1,16,1,4,MjAyNjA5MTMxMzA3NThfMjMxMjE%3D
R-HSA-209560,NF-kB is activated and signals survival,0.07578716313704192,1,15,1,4,MjAyNjA5MTMxMzA3NThfMjMxMjE%3D
R-HSA-8866907,Activation of the TFAP2 (AP-2) family of transcription factors,0.07578716313704192,1,12,1,4,MjAyNjA5MTMxMzA3NThfMjMxMjE%3D
R-HSA-77289,Mitochondrial Fatty Acid Beta-Oxidation,0.07578716313704192,2,105,12,47,MjAyNjA5MTMxMzA3NThfMjMxMjE%3D
R-HSA-9013973,TICAM1-dependent activation of IRF3/IRF7,0.07578716313704192,1,15,4,15,MjAyNjA5MTMxMzA3NThfMjMxMjE%3D
R-HSA-6791226,Major pathway of rRNA processing in the nucleolus and cytosol,0.07578716313704192,3,189,2,7,MjAyNjA5MTMxMzA3NThfMjMxMjE%3D
R-HSA-1474290,Collagen formation,0.07578716313704192,2,104,22,77,MjAyNjA5MTMxMzA3NThfMjMxMjE%3D
R-HSA-1679131,Trafficking and processing of endosomal TLR,0.07578716313704192,1,16,2,7,MjAyNjA5MTMxMzA3NThfMjMxMjE%3D
R-HSA-264870,Caspase-mediated cleavage of cytoskeletal proteins,0.07578716313704192,1,12,3,10,MjAyNjA5MTMxMzA3NThfMjMxMjE%3D
R-HSA-983169,Class I MHC mediated antigen processing & presentation,0.07578716313704192,4,403,16,52,MjAyNjA5MTMxMzA3NThfMjMxMjE%3D
R-HSA-9664873,Pexophagy,0.07578716313704192,1,13,2,13,MjAyNjA5MTMxMzA3NThfMjMxMjE%3D
R-HSA-5610787,Hedgehog 'off' state,0.07578716313704192,2,111,5,32,MjAyNjA5MTMxMzA3NThfMjMxMjE%3D
R-HSA-8953854,Metabolism of RNA,0.07578716313704192,7,863,40,244,MjAyNjA5MTMxMzA3NThfMjMxMjE%3D
R-HSA-69473,G2/M DNA damage checkpoint,0.07578716313704192,2,82,2,12,MjAyNjA5MTMxMzA3NThfMjMxMjE%3D
R-HSA-9933939,Formation of the polybromo-BAF (pBAF) complex,0.07578716313704192,1,18,1,6,MjAyNjA5MTMxMzA3NThfMjMxMjE%3D
R-HSA-9637628,Modulation by Mtb of host immune system,0.07578716313704192,1,11,1,6,MjAyNjA5MTMxMzA3NThfMjMxMjE%3D
R-HSA-8878159,Transcriptional regulation by RUNX3,0.07578716313704192,2,108,8,47,MjAyNjA5MTMxMzA3NThfMjMxMjE%3D
R-HSA-3000178,ECM proteoglycans,0.07578716313704192,2,79,4,23,MjAyNjA5MTMxMzA3NThfMjMxMjE%3D
R-HSA-2555396,Mitotic Metaphase and Anaphase,0.07578716313704192,3,237,6,33,MjAyNjA5MTMxMzA3NThfMjMxMjE%3D
R-HSA-9758274,Regulation of NF-kappa B signaling,0.07578716313704192,1,20,2,11,MjAyNjA5MTMxMzA3NThfMjMxMjE%3D
R-HSA-1295596,Spry regulation of FGF signaling,0.07578716313704192,1,19,2,11,MjAyNjA5MTMxMzA3NThfMjMxMjE%3D
R-HSA-68882,Mitotic Anaphase,0.07578716313704192,3,236,6,32,MjAyNjA5MTMxMzA3NThfMjMxMjE%3D
R-HSA-9933946,Formation of the embryonic stem cell BAF (esBAF) complex,0.07578716313704192,1,19,1,5,MjAyNjA5MTMxMzA3NThfMjMxMjE%3D
R-HSA-3270619,IRF3-mediated induction of type I IFN,0.07578716313704192,1,19,1,5,MjAyNjA5MTMxMzA3NThfMjMxMjE%3D
R-HSA-9933937,Formation of the canonical BAF (cBAF) complex,0.07578716313704192,1,18,1,5,MjAyNjA5MTMxMzA3NThfMjMxMjE%3D
R-HSA-8876493,InlA-mediated entry of Listeria monocytogenes into host cells,0.07578716313704192,1,14,1,5,MjAyNjA5MTMxMzA3NThfMjMxMjE%3D
R-HSA-209543,p75NTR recruits signalling complexes,0.07578716313704192,1,16,1,9,MjAyNjA5MTMxMzA3NThfMjMxMjE%3D
R-HSA-9662834,CD163 mediating an anti-inflammatory response,0.07578716313704192,1,14,1,9,MjAyNjA5MTMxMzA3NThfMjMxMjE%3D
R-HSA-1169408,ISG15 antiviral mechanism,0.07578716313704192,2,83,2,16,MjAyNjA5MTMxMzA3NThfMjMxMjE%3D
R-HSA-9708530,Regulation of BACH1 activity,0.07578716313704192,1,20,1,8,MjAyNjA5MTMxMzA3NThfMjMxMjE%3D
R-HSA-9029558,NR1H2 & NR1H3 regulate gene expression linked to lipogenesis,0.07578716313704192,1,17,1,8,MjAyNjA5MTMxMzA3NThfMjMxMjE%3D
R-HSA-9683686,Maturation of spike protein,0.07578716313704192,1,13,1,8,MjAyNjA5MTMxMzA3NThfMjMxMjE%3D
R-HSA-8849469,PTK6 Regulates RTKs and Their Effectors AKT1 and DOK1,0.07578716313704192,1,11,1,8,MjAyNjA5MTMxMzA3NThfMjMxMjE%3D
R-HSA-70268,Pyruvate metabolism,0.07578716313704192,2,96,4,31,MjAyNjA5MTMxMzA3NThfMjMxMjE%3D
R-HSA-5654738,Signaling by FGFR2,0.07578716313704192,2,88,6,46,MjAyNjA5MTMxMzA3NThfMjMxMjE%3D
R-HSA-8868773,rRNA processing in the nucleus and cytosol,0.07578716313704192,3,207,2,15,MjAyNjA5MTMxMzA3NThfMjMxMjE%3D
R-HSA-73864,RNA Polymerase I Transcription,0.07578716313704192,2,87,2,14,MjAyNjA5MTMxMzA3NThfMjMxMjE%3D
R-HSA-157579,Telomere Maintenance,0.07578716313704192,2,108,5,34,MjAyNjA5MTMxMzA3NThfMjMxMjE%3D
R-HSA-9013694,Signaling by NOTCH4,0.07578716313704192,2,82,3,20,MjAyNjA5MTMxMzA3NThfMjMxMjE%3D
R-HSA-9020956,Interleukin-27 signaling,0.07578716313704192,1,13,3,20,MjAyNjA5MTMxMzA3NThfMjMxMjE%3D
R-HSA-397014,Muscle contraction,0.07578716313704192,3,232,8,53,MjAyNjA5MTMxMzA3NThfMjMxMjE%3D
R-HSA-193639,p75NTR signals via NF-kB,0.07578716313704192,1,19,2,13,MjAyNjA5MTMxMzA3NThfMjMxMjE%3D
R-HSA-216083,Integrin cell surface interactions,0.07578716313704192,2,86,3,55,MjAyNjA5MTMxMzA3NThfMjMxMjE%3D
R-HSA-73884,Base Excision Repair,0.07578716313704192,2,99,6,107,MjAyNjA5MTMxMzA3NThfMjMxMjE%3D
R-HSA-174824,"Plasma lipoprotein assembly, remodeling, and clearance",0.07578716313704192,2,102,5,86,MjAyNjA5MTMxMzA3NThfMjMxMjE%3D
R-HSA-9684482,IFIT antiviral response,0.07578716313704192,2,93,1,17,MjAyNjA5MTMxMzA3NThfMjMxMjE%3D
R-HSA-3000171,Non-integrin membrane-ECM interactions,0.07578716313704192,2,83,2,33,MjAyNjA5MTMxMzA3NThfMjMxMjE%3D
R-HSA-2151201,Transcriptional activation of mitochondrial biogenesis,0.07578716313704192,2,89,2,32,MjAyNjA5MTMxMzA3NThfMjMxMjE%3D
R-HSA-190236,Signaling by FGFR,0.07578716313704192,2,109,9,142,MjAyNjA5MTMxMzA3NThfMjMxMjE%3D
R-HSA-71387,Metabolism of carbohydrates and carbohydrate derivatives,0.07578716313704192,5,477,18,244,MjAyNjA5MTMxMzA3NThfMjMxMjE%3D
R-HSA-1655829,Regulation of cholesterol biosynthesis by SREBP (SREBF),0.07578716313704192,2,87,4,52,MjAyNjA5MTMxMzA3NThfMjMxMjE%3D
R-HSA-8984722,Interleukin-35 Signalling,0.07578716313704192,1,16,2,26,MjAyNjA5MTMxMzA3NThfMjMxMjE%3D
R-HSA-163765,ChREBP activates metabolic gene expression,0.07578716313704192,1,14,1,13,MjAyNjA5MTMxMzA3NThfMjMxMjE%3D
R-HSA-2995410,Nuclear Envelope (NE) Reassembly,0.07578716313704192,2,88,2,24,MjAyNjA5MTMxMzA3NThfMjMxMjE%3D
R-HSA-4086400,PCP/CE pathway,0.07578716313704192,2,86,2,24,MjAyNjA5MTMxMzA3NThfMjMxMjE%3D
R-HSA-9706369,Negative regulation of FLT3,0.07578716313704192,1,20,1,12,MjAyNjA5MTMxMzA3NThfMjMxMjE%3D
R-HSA-9020933,Interleukin-23 signaling,0.07578716313704192,1,11,1,12,MjAyNjA5MTMxMzA3NThfMjMxMjE%3D
R-HSA-446353,Cell-extracellular matrix interactions,0.07578716313704192,1,19,1,10,MjAyNjA5MTMxMzA3NThfMjMxMjE%3D
R-HSA-425397,"Transport of vitamins, nucleosides, and related molecules",0.07578716313704192,2,81,1,32,MjAyNjA5MTMxMzA3NThfMjMxMjE%3D
R-HSA-6785807,Interleukin-4 and Interleukin-13 signaling,0.07578716313704192,3,211,2,47,MjAyNjA5MTMxMzA3NThfMjMxMjE%3D
R-HSA-9694635,Translation of Structural Proteins,0.07578716313704192,2,85,2,46,MjAyNjA5MTMxMzA3NThfMjMxMjE%3D
R-HSA-9764560,Regulation of CDH1 Gene Transcription,0.07578716313704192,2,78,3,56,MjAyNjA5MTMxMzA3NThfMjMxMjE%3D
R-HSA-9772573,Late SARS-CoV-2 Infection Events,0.07578716313704192,2,102,2,69,MjAyNjA5MTMxMzA3NThfMjMxMjE%3D
R-HSA-72163,mRNA Splicing - Major Pathway,0.07578716313704192,3,213,10,11,MjAyNjA5MTMxMzA3NThfMjMxMjE%3D
R-HSA-9843940,Regulation of endogenous retroelements by KRAB-ZFP proteins,0.07578716313704192,2,78,7,7,MjAyNjA5MTMxMzA3NThfMjMxMjE%3D
R-HSA-9943411,CHD1 and CHD2 subfamily,0.07578716313704192,2,78,5,5,MjAyNjA5MTMxMzA3NThfMjMxMjE%3D
R-HSA-390450,Folding of actin by CCT/TriC,0.07578716313704192,1,13,2,2,MjAyNjA5MTMxMzA3NThfMjMxMjE%3D
R-HSA-164843,2-LTR circle formation,0.07578716313704192,1,13,3,3,MjAyNjA5MTMxMzA3NThfMjMxMjE%3D
R-HSA-190873,Gap junction degradation,0.07578716313704192,1,12,4,4,MjAyNjA5MTMxMzA3NThfMjMxMjE%3D
R-HSA-9818032,NFE2L2 regulating MDR associated enzymes,0.07578716313704192,1,12,8,8,MjAyNjA5MTMxMzA3NThfMjMxMjE%3D
R-HSA-196025,Formation of annular gap junctions,0.07578716313704192,1,11,2,2,MjAyNjA5MTMxMzA3NThfMjMxMjE%3D
R-HSA-5656121,Translesion synthesis by POLI,0.07578716313704192,1,20,3,3,MjAyNjA5MTMxMzA3NThfMjMxMjE%3D
R-HSA-9820865,Z-decay: degradation of maternal mRNAs by zygotically expressed factors,0.07578716313704192,1,16,4,4,MjAyNjA5MTMxMzA3NThfMjMxMjE%3D
R-HSA-9931512,"Phosphorylation of CLOCK, acetylation of BMAL1 (ARNTL) at target gene promoters",0.07578716313704192,1,15,2,2,MjAyNjA5MTMxMzA3NThfMjMxMjE%3D
R-HSA-9933947,Formation of the non-canonical BAF (ncBAF) complex,0.07578716313704192,1,17,1,2,MjAyNjA5MTMxMzA3NThfMjMxMjE%3D
R-HSA-9634285,Constitutive Signaling by Overexpressed ERBB2,0.07578716313704192,1,16,4,8,MjAyNjA5MTMxMzA3NThfMjMxMjE%3D
R-HSA-9818028,NFE2L2 regulates pentose phosphate pathway genes,0.07578716313704192,1,15,4,8,MjAyNjA5MTMxMzA3NThfMjMxMjE%3D
R-HSA-937042,IRAK2 mediated activation of TAK1 complex,0.07578716313704192,1,12,4,5,MjAyNjA5MTMxMzA3NThfMjMxMjE%3D
R-HSA-9818030,NFE2L2 regulating tumorigenic genes,0.07578716313704192,1,17,11,12,MjAyNjA5MTMxMzA3NThfMjMxMjE%3D
R-HSA-8939246,RUNX1 regulates transcription of genes involved in differentiation of myeloid cells,0.07578716313704192,1,11,3,7,MjAyNjA5MTMxMzA3NThfMjMxMjE%3D
R-HSA-9014325,"TICAM1,TRAF6-dependent induction of TAK1 complex",0.07578716313704192,1,13,5,6,MjAyNjA5MTMxMzA3NThfMjMxMjE%3D
R-HSA-937072,TRAF6-mediated induction of TAK1 complex within TLR4 complex,0.07578716313704192,1,19,5,6,MjAyNjA5MTMxMzA3NThfMjMxMjE%3D
R-HSA-9943965,"CHD3, CHD4, CHD5 subfamily",0.07578716313704192,2,78,11,25,MjAyNjA5MTMxMzA3NThfMjMxMjE%3D
R-HSA-9617629,Regulation of FOXO transcriptional activity by acetylation,0.07578716313704192,1,16,4,9,MjAyNjA5MTMxMzA3NThfMjMxMjE%3D
R-HSA-5689603,UCH proteinases,0.07578716313704192,2,84,5,11,MjAyNjA5MTMxMzA3NThfMjMxMjE%3D
R-HSA-1980143,Signaling by NOTCH1,0.07578716313704192,2,84,17,39,MjAyNjA5MTMxMzA3NThfMjMxMjE%3D
R-HSA-5250941,Negative epigenetic regulation of rRNA expression,0.07578716313704192,2,88,6,12,MjAyNjA5MTMxMzA3NThfMjMxMjE%3D
R-HSA-9954709,Ribosome Quality Control (RQC) complex extracts and degrades nascent peptide,0.07578716313704192,2,106,13,13,MjAyNjA5MTMxMzA3NThfMjMxMjE%3D
R-HSA-205043,NRIF signals cell death from the nucleus,0.07578716313704192,1,18,3,7,MjAyNjA5MTMxMzA3NThfMjMxMjE%3D
R-HSA-9833110,RSV-host interactions,0.0768417267473337,2,116,4,27,MjAyNjA5MTMxMzA3NThfMjMxMjE%3D
R-HSA-72312,rRNA processing,0.07746803770970978,3,252,2,22,MjAyNjA5MTMxMzA3NThfMjMxMjE%3D
R-HSA-5696398,Nucleotide Excision Repair,0.07798030122386079,2,117,28,37,MjAyNjA5MTMxMzA3NThfMjMxMjE%3D
R-HSA-936964,"Activation of IRF3, IRF7 mediated by TBK1, IKKε (IKBKE)",0.07942433731609733,1,21,4,15,MjAyNjA5MTMxMzA3NThfMjMxMjE%3D
R-HSA-975110,TRAF6 mediated IRF7 activation in TLR7/8 or 9 signaling,0.07942433731609733,1,21,1,5,MjAyNjA5MTMxMzA3NThfMjMxMjE%3D
R-HSA-9931521,The CRY:PER:kinase complex represses transactivation by the BMAL:CLOCK (ARNTL:CLOCK) complex,0.07942433731609733,1,21,3,4,MjAyNjA5MTMxMzA3NThfMjMxMjE%3D
R-HSA-5655862,Translesion synthesis by POLK,0.07942433731609733,1,21,3,3,MjAyNjA5MTMxMzA3NThfMjMxMjE%3D
R-HSA-3134975,Regulation of innate immune responses to cytosolic DNA,0.07942433731609733,1,21,4,9,MjAyNjA5MTMxMzA3NThfMjMxMjE%3D
R-HSA-918233,TRAF3-dependent IRF activation pathway,0.07942433731609733,1,21,3,11,MjAyNjA5MTMxMzA3NThfMjMxMjE%3D
R-HSA-9700206,Signaling by ALK in cancer,0.08027349830190711,2,119,2,71,MjAyNjA5MTMxMzA3NThfMjMxMjE%3D
R-HSA-9725370,Signaling by ALK fusions and activated point mutants,0.08027349830190711,2,119,2,63,MjAyNjA5MTMxMzA3NThfMjMxMjE%3D
R-HSA-5617833,Cilium Assembly,0.08034299121354338,3,256,16,83,MjAyNjA5MTMxMzA3NThfMjMxMjE%3D
R-HSA-1236975,Antigen processing-Cross presentation,0.08142800485275703,2,120,4,25,MjAyNjA5MTMxMzA3NThfMjMxMjE%3D
R-HSA-2672351,Stimuli-sensing channels,0.08142800485275703,2,120,6,33,MjAyNjA5MTMxMzA3NThfMjMxMjE%3D
R-HSA-3229121,Glycogen storage diseases,0.08304742044071034,1,22,1,10,MjAyNjA5MTMxMzA3NThfMjMxMjE%3D
R-HSA-9909505,Modulation of host responses by IFN-stimulated genes,0.08304742044071034,1,22,1,6,MjAyNjA5MTMxMzA3NThfMjMxMjE%3D
R-HSA-190840,Microtubule-dependent trafficking of connexons from Golgi to the plasma membrane,0.08304742044071034,1,22,1,2,MjAyNjA5MTMxMzA3NThfMjMxMjE%3D
R-HSA-5637812,Signaling by EGFRvIII in Cancer,0.08304742044071034,1,22,18,18,MjAyNjA5MTMxMzA3NThfMjMxMjE%3D
R-HSA-1614517,Sulfide oxidation to sulfate,0.08304742044071034,1,22,3,6,MjAyNjA5MTMxMzA3NThfMjMxMjE%3D
R-HSA-5637810,Constitutive Signaling by EGFRvIII,0.08304742044071034,1,22,18,18,MjAyNjA5MTMxMzA3NThfMjMxMjE%3D
R-HSA-4641263,Regulation of FZD by ubiquitination,0.08304742044071034,1,22,3,6,MjAyNjA5MTMxMzA3NThfMjMxMjE%3D
R-HSA-190872,Transport of connexons to the plasma membrane,0.08665646623889622,1,23,1,3,MjAyNjA5MTMxMzA3NThfMjMxMjE%3D
R-HSA-9614657,FOXO-mediated transcription of cell death genes,0.08665646623889622,1,23,3,15,MjAyNjA5MTMxMzA3NThfMjMxMjE%3D
R-HSA-6804760,Regulation of TP53 Activity through Methylation,0.08665646623889622,1,23,1,12,MjAyNjA5MTMxMzA3NThfMjMxMjE%3D
R-HSA-9665348,Signaling by ERBB2 ECD mutants,0.08665646623889622,1,23,4,15,MjAyNjA5MTMxMzA3NThfMjMxMjE%3D
R-HSA-4419969,Depolymerization of the Nuclear Lamina,0.08665646623889622,1,23,2,6,MjAyNjA5MTMxMzA3NThfMjMxMjE%3D
R-HSA-1430728,Metabolism,0.08925260971336779,20,3781,113,2380,MjAyNjA5MTMxMzA3NThfMjMxMjE%3D
R-HSA-937041,IKK complex recruitment mediated by RIP1,0.09025152823710114,1,24,1,3,MjAyNjA5MTMxMzA3NThfMjMxMjE%3D
R-HSA-844456,The NLRP3 inflammasome,0.09025152823710114,1,24,4,18,MjAyNjA5MTMxMzA3NThfMjMxMjE%3D
R-HSA-912631,Regulation of signaling by CBL,0.09025152823710114,1,24,1,7,MjAyNjA5MTMxMzA3NThfMjMxMjE%3D
R-HSA-1834941,STING mediated induction of host immune responses,0.09025152823710114,1,24,1,19,MjAyNjA5MTMxMzA3NThfMjMxMjE%3D
R-HSA-174048,APC/C:Cdc20 mediated degradation of Cyclin B,0.09025152823710114,1,24,2,3,MjAyNjA5MTMxMzA3NThfMjMxMjE%3D
R-HSA-9968297,Somatic hypermutation of immunoglobulin genes by error-prone base excision repair (BER),0.09025152823710114,1,24,5,6,MjAyNjA5MTMxMzA3NThfMjMxMjE%3D
R-HSA-9956593,Enterobacterial factors antagonize host defense ,0.09025152823710114,1,24,2,6,MjAyNjA5MTMxMzA3NThfMjMxMjE%3D
R-HSA-9013422,RHOBTB1 GTPase cycle,0.09025152823710114,1,24,1,2,MjAyNjA5MTMxMzA3NThfMjMxMjE%3D
R-HSA-110320,Translesion Synthesis by POLH,0.09025152823710114,1,24,7,8,MjAyNjA5MTMxMzA3NThfMjMxMjE%3D
R-HSA-373760,L1CAM interactions,0.0932494993639329,2,130,7,54,MjAyNjA5MTMxMzA3NThfMjMxMjE%3D
R-HSA-4420097,VEGFA-VEGFR2 Pathway,0.0932494993639329,2,130,18,79,MjAyNjA5MTMxMzA3NThfMjMxMjE%3D
R-HSA-6807004,Negative regulation of MET activity,0.09383265976092725,1,25,3,12,MjAyNjA5MTMxMzA3NThfMjMxMjE%3D
R-HSA-2022857,Keratan sulfate degradation,0.09383265976092725,1,25,2,7,MjAyNjA5MTMxMzA3NThfMjMxMjE%3D
R-HSA-389977,Post-chaperonin tubulin folding pathway,0.09383265976092725,1,25,6,9,MjAyNjA5MTMxMzA3NThfMjMxMjE%3D
R-HSA-77111,Synthesis of Ketone Bodies,0.09383265976092725,1,25,1,8,MjAyNjA5MTMxMzA3NThfMjMxMjE%3D
R-HSA-3322077,Glycogen synthesis,0.09383265976092725,1,25,2,22,MjAyNjA5MTMxMzA3NThfMjMxMjE%3D
R-HSA-373753,Nephrin family interactions,0.09383265976092725,1,25,1,13,MjAyNjA5MTMxMzA3NThfMjMxMjE%3D
R-HSA-9934037,Formation of neuronal progenitor and neuronal BAF (npBAF and nBAF),0.09383265976092725,1,25,2,2,MjAyNjA5MTMxMzA3NThfMjMxMjE%3D
R-HSA-446203,Asparagine N-linked glycosylation,0.09427876329711338,4,438,9,146,MjAyNjA5MTMxMzA3NThfMjMxMjE%3D
R-HSA-69620,Cell Cycle Checkpoints,0.09696508923369351,3,278,9,63,MjAyNjA5MTMxMzA3NThfMjMxMjE%3D
R-HSA-179409,APC-Cdc20 mediated degradation of Nek2A,0.09739991393591896,1,26,2,3,MjAyNjA5MTMxMzA3NThfMjMxMjE%3D
R-HSA-450321,JNK (c-Jun kinases) phosphorylation and  activation mediated by activated human TAK1,0.09739991393591896,1,26,1,3,MjAyNjA5MTMxMzA3NThfMjMxMjE%3D
R-HSA-2979096,NOTCH2 Activation and Transmission of Signal to the Nucleus,0.09739991393591896,1,26,2,13,MjAyNjA5MTMxMzA3NThfMjMxMjE%3D
R-HSA-162594,Early Phase of HIV Life Cycle,0.09739991393591896,1,26,3,39,MjAyNjA5MTMxMzA3NThfMjMxMjE%3D
R-HSA-9013695,NOTCH4 Intracellular Domain Regulates Transcription,0.09739991393591896,1,26,1,9,MjAyNjA5MTMxMzA3NThfMjMxMjE%3D
R-HSA-9819196,Zygotic genome activation (ZGA),0.09739991393591896,1,26,2,17,MjAyNjA5MTMxMzA3NThfMjMxMjE%3D
R-HSA-9931295,PD-L1(CD274) glycosylation and translocation to plasma membrane,0.09739991393591896,1,26,1,7,MjAyNjA5MTMxMzA3NThfMjMxMjE%3D
R-HSA-9759194,Nuclear events mediated by NFE2L2,0.09933768108150387,2,135,53,85,MjAyNjA5MTMxMzA3NThfMjMxMjE%3D
R-HSA-73886,Chromosome Maintenance,0.09933768108150387,2,135,8,38,MjAyNjA5MTMxMzA3NThfMjMxMjE%3D
R-HSA-5696397,Gap-filling DNA repair synthesis and ligation in GG-NER,0.10095334368825015,1,27,2,2,MjAyNjA5MTMxMzA3NThfMjMxMjE%3D
R-HSA-450302,activated TAK1 mediates p38 MAPK activation,0.10095334368825015,1,27,1,5,MjAyNjA5MTMxMzA3NThfMjMxMjE%3D
R-HSA-9968295,Somatic hypermutation of immunoglobulin genes by error-prone mismatch repair (MMR),0.10095334368825015,1,27,2,8,MjAyNjA5MTMxMzA3NThfMjMxMjE%3D
R-HSA-9636383,Prevention of phagosomal-lysosomal fusion,0.10095334368825015,1,27,2,11,MjAyNjA5MTMxMzA3NThfMjMxMjE%3D
R-HSA-9705462,Inactivation of CSF3 (G-CSF) signaling,0.10095334368825015,1,27,1,9,MjAyNjA5MTMxMzA3NThfMjMxMjE%3D
R-HSA-2995383,Initiation of Nuclear Envelope (NE) Reformation,0.10095334368825015,1,27,1,7,MjAyNjA5MTMxMzA3NThfMjMxMjE%3D
R-HSA-175474,Assembly Of The HIV Virion,0.10095334368825015,1,27,4,16,MjAyNjA5MTMxMzA3NThfMjMxMjE%3D
R-HSA-8876384,Listeria monocytogenes entry into host cells,0.10095334368825015,1,27,4,13,MjAyNjA5MTMxMzA3NThfMjMxMjE%3D
R-HSA-2132295,MHC class II antigen presentation,0.10180394652199332,2,137,4,26,MjAyNjA5MTMxMzA3NThfMjMxMjE%3D
R-HSA-9006934,Signaling by Receptor Tyrosine Kinases,0.10437132502637325,5,634,51,759,MjAyNjA5MTMxMzA3NThfMjMxMjE%3D
R-HSA-350054,Notch-HLH transcription pathway,0.10449300174550413,1,28,1,2,MjAyNjA5MTMxMzA3NThfMjMxMjE%3D
R-HSA-166208,mTORC1-mediated signalling,0.10449300174550413,1,28,2,8,MjAyNjA5MTMxMzA3NThfMjMxMjE%3D
R-HSA-9013507,NOTCH3 Activation and Transmission of Signal to the Nucleus,0.10449300174550413,1,28,2,15,MjAyNjA5MTMxMzA3NThfMjMxMjE%3D
R-HSA-9953170,GBP-mediated host defense,0.10449300174550413,1,28,1,15,MjAyNjA5MTMxMzA3NThfMjMxMjE%3D
R-HSA-2173788,Downregulation of TGF-beta receptor signaling,0.10449300174550413,1,28,8,28,MjAyNjA5MTMxMzA3NThfMjMxMjE%3D
R-HSA-6803529,FGFR2 alternative splicing,0.10449300174550413,1,28,3,4,MjAyNjA5MTMxMzA3NThfMjMxMjE%3D
R-HSA-194138,Signaling by VEGF,0.10678732441869965,2,141,18,86,MjAyNjA5MTMxMzA3NThfMjMxMjE%3D
R-HSA-9958810,"SRC activates STAT3 in a quantitative manner, through Cadherin-11 (CDH11), RAC1 and gp130 (IL6ST)",0.10801894063738837,1,29,1,9,MjAyNjA5MTMxMzA3NThfMjMxMjE%3D
R-HSA-74182,Ketone body metabolism,0.10801894063738837,1,29,1,11,MjAyNjA5MTMxMzA3NThfMjMxMjE%3D
R-HSA-8862803,Deregulated CDK5 triggers multiple neurodegenerative pathways in Alzheimer's disease models,0.1115312126964455,1,30,1,22,MjAyNjA5MTMxMzA3NThfMjMxMjE%3D
R-HSA-389960,Formation of tubulin folding intermediates by CCT/TriC,0.1115312126964455,1,30,2,2,MjAyNjA5MTMxMzA3NThfMjMxMjE%3D
R-HSA-8863678,Neurodegenerative Diseases,0.1115312126964455,1,30,1,22,MjAyNjA5MTMxMzA3NThfMjMxMjE%3D
R-HSA-9665686,Signaling by ERBB2 TMD/JMD mutants,0.1115312126964455,1,30,4,13,MjAyNjA5MTMxMzA3NThfMjMxMjE%3D
R-HSA-5621575,CD209 (DC-SIGN) signaling,0.1115312126964455,1,30,2,11,MjAyNjA5MTMxMzA3NThfMjMxMjE%3D
R-HSA-8963898,Plasma lipoprotein assembly,0.1115312126964455,1,30,3,19,MjAyNjA5MTMxMzA3NThfMjMxMjE%3D
R-HSA-110314,Recognition of DNA damage by PCNA-containing replication complex,0.1115312126964455,1,30,3,6,MjAyNjA5MTMxMzA3NThfMjMxMjE%3D
R-HSA-429947,Deadenylation of mRNA,0.1115312126964455,1,30,4,4,MjAyNjA5MTMxMzA3NThfMjMxMjE%3D
R-HSA-9843745,Adipogenesis,0.11438344749460327,2,147,23,33,MjAyNjA5MTMxMzA3NThfMjMxMjE%3D
R-HSA-5601884,PIWI-interacting RNA (piRNA) biogenesis,0.11502987005882548,1,31,1,15,MjAyNjA5MTMxMzA3NThfMjMxMjE%3D
R-HSA-3214842,HDMs demethylate histones,0.11502987005882548,1,31,3,17,MjAyNjA5MTMxMzA3NThfMjMxMjE%3D
R-HSA-9909396,Circadian clock,0.11566295634859236,2,148,28,78,MjAyNjA5MTMxMzA3NThfMjMxMjE%3D
R-HSA-2122948,Activated NOTCH1 Transmits Signal to the Nucleus,0.11851496466496036,1,32,5,21,MjAyNjA5MTMxMzA3NThfMjMxMjE%3D
R-HSA-9931510,Phosphorylated BMAL1:CLOCK (ARNTL:CLOCK) activates expression of core clock genes,0.11851496466496036,1,32,14,18,MjAyNjA5MTMxMzA3NThfMjMxMjE%3D
R-HSA-5689901,Metalloprotease DUBs,0.11851496466496036,1,32,5,6,MjAyNjA5MTMxMzA3NThfMjMxMjE%3D
R-HSA-901032,ER Quality Control Compartment (ERQC),0.11851496466496036,1,32,2,8,MjAyNjA5MTMxMzA3NThfMjMxMjE%3D
R-HSA-9932451,SWI/SNF chromatin remodelers,0.11851496466496036,1,32,7,21,MjAyNjA5MTMxMzA3NThfMjMxMjE%3D
R-HSA-597592,Post-translational protein modification,0.11958026671699151,10,1676,110,605,MjAyNjA5MTMxMzA3NThfMjMxMjE%3D
R-HSA-9734009,Defective Intrinsic Pathway for Apoptosis,0.12198654826033095,1,33,1,24,MjAyNjA5MTMxMzA3NThfMjMxMjE%3D
R-HSA-6803204,TP53 Regulates Transcription of Genes Involved in Cytochrome C Release,0.12198654826033095,1,33,2,25,MjAyNjA5MTMxMzA3NThfMjMxMjE%3D
R-HSA-9637687,Suppression of phagosomal maturation,0.12198654826033095,1,33,2,17,MjAyNjA5MTMxMzA3NThfMjMxMjE%3D
R-HSA-5357956,TNFR1-induced NF-kappa-B signaling pathway,0.12198654826033095,1,33,1,5,MjAyNjA5MTMxMzA3NThfMjMxMjE%3D
R-HSA-445095,Interaction between L1 and Ankyrins,0.12198654826033095,1,33,2,4,MjAyNjA5MTMxMzA3NThfMjMxMjE%3D
R-HSA-264876,Insulin processing,0.12198654826033095,1,33,2,17,MjAyNjA5MTMxMzA3NThfMjMxMjE%3D
R-HSA-8866652,Synthesis of active ubiquitin: roles of E1 and E2 enzymes,0.12198654826033095,1,33,13,16,MjAyNjA5MTMxMzA3NThfMjMxMjE%3D
R-HSA-9841251,Mitochondrial unfolded protein response (UPRmt),0.12198654826033095,1,33,1,21,MjAyNjA5MTMxMzA3NThfMjMxMjE%3D
R-HSA-3858494,Beta-catenin independent WNT signaling,0.12211541481174304,2,153,2,51,MjAyNjA5MTMxMzA3NThfMjMxMjE%3D
R-HSA-622312,Inflammasomes,0.12544467239616763,1,34,4,28,MjAyNjA5MTMxMzA3NThfMjMxMjE%3D
R-HSA-5205685,PINK1-PRKN Mediated Mitophagy,0.12544467239616763,1,34,1,16,MjAyNjA5MTMxMzA3NThfMjMxMjE%3D
R-HSA-5654732,Negative regulation of FGFR3 signaling,0.12544467239616763,1,34,3,14,MjAyNjA5MTMxMzA3NThfMjMxMjE%3D
R-HSA-9619483,Activation of AMPK downstream of NMDARs,0.12544467239616763,1,34,1,3,MjAyNjA5MTMxMzA3NThfMjMxMjE%3D
R-HSA-5656169,Termination of translesion DNA synthesis,0.1288893884301492,1,35,6,9,MjAyNjA5MTMxMzA3NThfMjMxMjE%3D
R-HSA-9674555,Signaling by CSF3 (G-CSF),0.1288893884301492,1,35,1,21,MjAyNjA5MTMxMzA3NThfMjMxMjE%3D
R-HSA-9664565,Signaling by ERBB2 KD Mutants,0.1288893884301492,1,35,4,17,MjAyNjA5MTMxMzA3NThfMjMxMjE%3D
R-HSA-5654733,Negative regulation of FGFR4 signaling,0.1288893884301492,1,35,3,14,MjAyNjA5MTMxMzA3NThfMjMxMjE%3D
R-HSA-917729,Endosomal Sorting Complex Required For Transport (ESCRT),0.1288893884301492,1,35,4,4,MjAyNjA5MTMxMzA3NThfMjMxMjE%3D
R-HSA-9013508,NOTCH3 Intracellular Domain Regulates Transcription,0.13232074752716083,1,36,3,22,MjAyNjA5MTMxMzA3NThfMjMxMjE%3D
R-HSA-1227990,Signaling by ERBB2 in Cancer,0.13232074752716083,1,36,25,62,MjAyNjA5MTMxMzA3NThfMjMxMjE%3D
R-HSA-9933387,"RORA,B,C and NR1D1 (REV-ERBA) regulate gene expression",0.13232074752716083,1,36,1,9,MjAyNjA5MTMxMzA3NThfMjMxMjE%3D
R-HSA-8856828,Clathrin-mediated endocytosis,0.13261838830506267,2,161,16,35,MjAyNjA5MTMxMzA3NThfMjMxMjE%3D
R-HSA-2871837,FCERI mediated NF-kB activation,0.13394579698611364,2,162,4,19,MjAyNjA5MTMxMzA3NThfMjMxMjE%3D
R-HSA-182971,EGFR downregulation,0.13573880065995692,1,37,6,22,MjAyNjA5MTMxMzA3NThfMjMxMjE%3D
R-HSA-1474151,"Tetrahydrobiopterin (BH4) synthesis, recycling, salvage and regulation",0.13573880065995692,1,37,2,16,MjAyNjA5MTMxMzA3NThfMjMxMjE%3D
R-HSA-936440,Negative regulators of DDX58/IFIH1 signaling,0.13573880065995692,1,37,4,13,MjAyNjA5MTMxMzA3NThfMjMxMjE%3D
R-HSA-211733,Regulation of activated PAK-2p34 by proteasome mediated degradation,0.13573880065995692,1,37,2,2,MjAyNjA5MTMxMzA3NThfMjMxMjE%3D
R-HSA-162588,Budding and maturation of HIV virion,0.13573880065995692,1,37,2,4,MjAyNjA5MTMxMzA3NThfMjMxMjE%3D
R-HSA-2173795,Downregulation of SMAD2/3:SMAD4 transcriptional activity,0.13914359860991354,1,38,7,27,MjAyNjA5MTMxMzA3NThfMjMxMjE%3D
R-HSA-2022854,Keratan sulfate biosynthesis,0.14253519196771713,1,39,8,9,MjAyNjA5MTMxMzA3NThfMjMxMjE%3D
R-HSA-9668328,Sealing of the nuclear envelope (NE) by ESCRT-III,0.14253519196771713,1,39,1,7,MjAyNjA5MTMxMzA3NThfMjMxMjE%3D
R-HSA-159227,Transport of the SLBP independent Mature mRNA,0.14253519196771713,1,39,1,3,MjAyNjA5MTMxMzA3NThfMjMxMjE%3D
R-HSA-5654726,Negative regulation of FGFR1 signaling,0.14253519196771713,1,39,3,15,MjAyNjA5MTMxMzA3NThfMjMxMjE%3D
R-HSA-9755511,KEAP1-NFE2L2 pathway,0.14332153516176782,2,169,61,117,MjAyNjA5MTMxMzA3NThfMjMxMjE%3D
R-HSA-180534,Vpu mediated degradation of CD4,0.1459136311340502,1,40,2,5,MjAyNjA5MTMxMzA3NThfMjMxMjE%3D
R-HSA-9818027,NFE2L2 regulating anti-oxidant/detoxification enzymes,0.1459136311340502,1,40,16,28,MjAyNjA5MTMxMzA3NThfMjMxMjE%3D
R-HSA-199220,Vitamin B5 (pantothenate) metabolism,0.1459136311340502,1,40,1,16,MjAyNjA5MTMxMzA3NThfMjMxMjE%3D
R-HSA-9768727,Regulation of CDH1 posttranslational processing and trafficking to plasma membrane,0.1459136311340502,1,40,2,14,MjAyNjA5MTMxMzA3NThfMjMxMjE%3D
R-HSA-189483,Heme degradation,0.1459136311340502,1,40,2,22,MjAyNjA5MTMxMzA3NThfMjMxMjE%3D
R-HSA-159230,Transport of the SLBP Dependant Mature mRNA,0.1459136311340502,1,40,1,3,MjAyNjA5MTMxMzA3NThfMjMxMjE%3D
R-HSA-1989781,PPARA activates gene expression,0.14874125425170037,2,173,41,41,MjAyNjA5MTMxMzA3NThfMjMxMjE%3D
R-HSA-1368108,"BMAL1:CLOCK,NPAS2 activates circadian expression",0.14927896632033644,1,41,1,18,MjAyNjA5MTMxMzA3NThfMjMxMjE%3D
R-HSA-9680350,Signaling by CSF1 (M-CSF) in myeloid cells,0.14927896632033644,1,41,1,14,MjAyNjA5MTMxMzA3NThfMjMxMjE%3D
R-HSA-168638,NOD1/2 Signaling Pathway,0.14927896632033644,1,41,5,18,MjAyNjA5MTMxMzA3NThfMjMxMjE%3D
R-HSA-190861,Gap junction assembly,0.14927896632033644,1,41,3,16,MjAyNjA5MTMxMzA3NThfMjMxMjE%3D
R-HSA-5654727,Negative regulation of FGFR2 signaling,0.14927896632033644,1,41,3,14,MjAyNjA5MTMxMzA3NThfMjMxMjE%3D
R-HSA-5696400,Dual Incision in GG-NER,0.14927896632033644,1,41,2,3,MjAyNjA5MTMxMzA3NThfMjMxMjE%3D
R-HSA-9927426,Developmental Lineage of Mammary Gland Alveolar Cells,0.14927896632033644,1,41,2,2,MjAyNjA5MTMxMzA3NThfMjMxMjE%3D
R-HSA-75815,Ubiquitin-dependent degradation of Cyclin D,0.14927896632033644,1,41,2,5,MjAyNjA5MTMxMzA3NThfMjMxMjE%3D
R-HSA-1980145,Signaling by NOTCH2,0.14927896632033644,1,41,2,22,MjAyNjA5MTMxMzA3NThfMjMxMjE%3D
R-HSA-5205647,Mitophagy,0.14927896632033644,1,41,1,23,MjAyNjA5MTMxMzA3NThfMjMxMjE%3D
R-HSA-9768919,NPAS4 regulates expression of target genes,0.14927896632033644,1,41,1,35,MjAyNjA5MTMxMzA3NThfMjMxMjE%3D
R-HSA-349425,Autodegradation of the E3 ubiquitin ligase COP1,0.14927896632033644,1,41,2,5,MjAyNjA5MTMxMzA3NThfMjMxMjE%3D
R-HSA-5663213,RHO GTPases Activate WASPs and WAVEs,0.14927896632033644,1,41,4,10,MjAyNjA5MTMxMzA3NThfMjMxMjE%3D
R-HSA-9734767,Developmental Cell Lineages,0.15029740880156783,3,340,7,26,MjAyNjA5MTMxMzA3NThfMjMxMjE%3D
R-HSA-400206,Regulation of lipid metabolism by PPARalpha,0.1514669825793873,2,175,43,46,MjAyNjA5MTMxMzA3NThfMjMxMjE%3D
R-HSA-8854050,FBXL7 down-regulates AURKA during mitotic entry and in early mitosis,0.1526312475493904,1,42,4,6,MjAyNjA5MTMxMzA3NThfMjMxMjE%3D
R-HSA-2559585,Oncogene Induced Senescence,0.1526312475493904,1,42,1,19,MjAyNjA5MTMxMzA3NThfMjMxMjE%3D
R-HSA-381042,PERK regulates gene expression,0.1526312475493904,1,42,1,11,MjAyNjA5MTMxMzA3NThfMjMxMjE%3D
R-HSA-169911,Regulation of Apoptosis,0.1526312475493904,1,42,2,5,MjAyNjA5MTMxMzA3NThfMjMxMjE%3D
R-HSA-203615,eNOS activation,0.1526312475493904,1,42,8,19,MjAyNjA5MTMxMzA3NThfMjMxMjE%3D
R-HSA-174113,SCF-beta-TrCP mediated degradation of Emi1,0.1526312475493904,1,42,2,3,MjAyNjA5MTMxMzA3NThfMjMxMjE%3D
R-HSA-162587,HIV Life Cycle,0.15283367158179906,2,176,9,117,MjAyNjA5MTMxMzA3NThfMjMxMjE%3D
R-HSA-983705,Signaling by the B Cell Receptor (BCR),0.15283367158179906,2,176,16,45,MjAyNjA5MTMxMzA3NThfMjMxMjE%3D
R-HSA-180585,Vif-mediated degradation of APOBEC3G,0.15597052465615746,1,43,2,4,MjAyNjA5MTMxMzA3NThfMjMxMjE%3D
R-HSA-6804757,Regulation of TP53 Degradation,0.15597052465615746,1,43,7,30,MjAyNjA5MTMxMzA3NThfMjMxMjE%3D
R-HSA-450408,AUF1 (hnRNP D0) binds and destabilizes mRNA,0.15597052465615746,1,43,2,4,MjAyNjA5MTMxMzA3NThfMjMxMjE%3D
R-HSA-9682385,FLT3 signaling in disease,0.15597052465615746,1,43,1,52,MjAyNjA5MTMxMzA3NThfMjMxMjE%3D
R-HSA-163560,Triglyceride catabolism,0.15597052465615746,1,43,1,17,MjAyNjA5MTMxMzA3NThfMjMxMjE%3D
R-HSA-2173796,SMAD2/SMAD3:SMAD4 heterotrimer regulates transcription,0.15929684728838978,1,44,2,24,MjAyNjA5MTMxMzA3NThfMjMxMjE%3D
R-HSA-3899300,SUMOylation of transcription cofactors,0.15929684728838978,1,44,1,27,MjAyNjA5MTMxMzA3NThfMjMxMjE%3D
R-HSA-8948216,Collagen chain trimerization,0.15929684728838978,1,44,1,28,MjAyNjA5MTMxMzA3NThfMjMxMjE%3D
R-HSA-9974237,Negative Regulation of DNA Double Strand Break Response,0.15929684728838978,1,44,2,3,MjAyNjA5MTMxMzA3NThfMjMxMjE%3D
R-HSA-4641257,Degradation of AXIN,0.15929684728838978,1,44,4,8,MjAyNjA5MTMxMzA3NThfMjMxMjE%3D
R-HSA-9762114,GSK3B and BTRC:CUL1-mediated-degradation of NFE2L2,0.15929684728838978,1,44,2,4,MjAyNjA5MTMxMzA3NThfMjMxMjE%3D
R-HSA-933541,TRAF6 mediated IRF7 activation,0.15929684728838978,1,44,4,13,MjAyNjA5MTMxMzA3NThfMjMxMjE%3D
R-HSA-419037,NCAM1 interactions,0.15929684728838978,1,44,1,10,MjAyNjA5MTMxMzA3NThfMjMxMjE%3D
R-HSA-5689896,Ovarian tumor domain proteases,0.15929684728838978,1,44,7,14,MjAyNjA5MTMxMzA3NThfMjMxMjE%3D
R-HSA-4641258,Degradation of DVL,0.15929684728838978,1,44,4,7,MjAyNjA5MTMxMzA3NThfMjMxMjE%3D
R-HSA-6802948,Signaling by high-kinase activity BRAF mutants,0.15929684728838978,1,44,4,6,MjAyNjA5MTMxMzA3NThfMjMxMjE%3D
R-HSA-2467813,Separation of Sister Chromatids,0.16108484577668136,2,182,4,8,MjAyNjA5MTMxMzA3NThfMjMxMjE%3D
R-HSA-3108232,SUMO E3 ligases SUMOylate target proteins,0.16385374319764712,2,184,3,132,MjAyNjA5MTMxMzA3NThfMjMxMjE%3D
R-HSA-9929356,GSK3B-mediated proteasomal degradation of PD-L1(CD274),0.16591082678838953,1,46,3,7,MjAyNjA5MTMxMzA3NThfMjMxMjE%3D
R-HSA-159231,Transport of Mature mRNA Derived from an Intronless Transcript,0.16591082678838953,1,46,1,3,MjAyNjA5MTMxMzA3NThfMjMxMjE%3D
R-HSA-8964043,Plasma lipoprotein clearance,0.16591082678838953,1,46,1,36,MjAyNjA5MTMxMzA3NThfMjMxMjE%3D
R-HSA-9648002,RAS processing,0.16591082678838953,1,46,1,21,MjAyNjA5MTMxMzA3NThfMjMxMjE%3D
R-HSA-6806003,Regulation of TP53 Expression and Degradation,0.16591082678838953,1,46,7,35,MjAyNjA5MTMxMzA3NThfMjMxMjE%3D
R-HSA-9931509,"Expression of BMAL (ARNTL), CLOCK, and NPAS2",0.16591082678838953,1,46,1,10,MjAyNjA5MTMxMzA3NThfMjMxMjE%3D
R-HSA-3769402,Deactivation of the beta-catenin transactivating complex,0.16591082678838953,1,46,1,14,MjAyNjA5MTMxMzA3NThfMjMxMjE%3D
R-HSA-202131,Metabolism of nitric oxide: NOS3 activation and regulation,0.16591082678838953,1,46,8,25,MjAyNjA5MTMxMzA3NThfMjMxMjE%3D
R-HSA-69541,Stabilization of p53,0.16591082678838953,1,46,4,15,MjAyNjA5MTMxMzA3NThfMjMxMjE%3D
R-HSA-9844594,Transcriptional regulation of brown and beige adipocyte differentiation by EBF2,0.1691985820218943,1,47,13,14,MjAyNjA5MTMxMzA3NThfMjMxMjE%3D
R-HSA-8941858,Regulation of RUNX3 expression and activity,0.1691985820218943,1,47,3,9,MjAyNjA5MTMxMzA3NThfMjMxMjE%3D
R-HSA-159234,Transport of Mature mRNAs Derived from Intronless Transcripts,0.1691985820218943,1,47,3,9,MjAyNjA5MTMxMzA3NThfMjMxMjE%3D
R-HSA-8982491,Glycogen metabolism,0.1691985820218943,1,47,2,38,MjAyNjA5MTMxMzA3NThfMjMxMjE%3D
R-HSA-5696395,Formation of Incision Complex in GG-NER,0.1691985820218943,1,47,7,10,MjAyNjA5MTMxMzA3NThfMjMxMjE%3D
R-HSA-9843743,Transcriptional regulation of brown and beige adipocyte differentiation,0.1691985820218943,1,47,13,14,MjAyNjA5MTMxMzA3NThfMjMxMjE%3D
R-HSA-9604323,Negative regulation of NOTCH4 signaling,0.1691985820218943,1,47,2,6,MjAyNjA5MTMxMzA3NThfMjMxMjE%3D
R-HSA-5621481,C-type lectin receptors (CLRs),0.1722116856344087,2,190,8,68,MjAyNjA5MTMxMzA3NThfMjMxMjE%3D
R-HSA-110313,Translesion synthesis by Y family DNA polymerases bypasses lesions on DNA template,0.17247357951370312,1,48,23,28,MjAyNjA5MTMxMzA3NThfMjMxMjE%3D
R-HSA-5362768,Hh mutants are degraded by ERAD,0.17247357951370312,1,48,2,6,MjAyNjA5MTMxMzA3NThfMjMxMjE%3D
R-HSA-5676590,NIK-->noncanonical NF-kB signaling,0.17247357951370312,1,48,2,9,MjAyNjA5MTMxMzA3NThfMjMxMjE%3D
R-HSA-9820841,M-decay: degradation of maternal mRNAs by maternally stored factors,0.17247357951370312,1,48,2,7,MjAyNjA5MTMxMzA3NThfMjMxMjE%3D
R-HSA-9607240,FLT3 Signaling,0.17247357951370312,1,48,1,43,MjAyNjA5MTMxMzA3NThfMjMxMjE%3D
R-HSA-9694548,Maturation of spike protein,0.17247357951370312,1,48,1,12,MjAyNjA5MTMxMzA3NThfMjMxMjE%3D
R-HSA-3214841,PKMTs methylate histone lysines,0.17247357951370312,1,48,3,22,MjAyNjA5MTMxMzA3NThfMjMxMjE%3D
R-HSA-5218920,VEGFR2 mediated vascular permeability,0.17247357951370312,1,48,6,15,MjAyNjA5MTMxMzA3NThfMjMxMjE%3D
R-HSA-9929491,SPOP-mediated proteasomal degradation of PD-L1(CD274),0.17247357951370312,1,48,2,6,MjAyNjA5MTMxMzA3NThfMjMxMjE%3D
R-HSA-9664433,Leishmania parasite growth and survival,0.175013760796486,2,192,10,40,MjAyNjA5MTMxMzA3NThfMjMxMjE%3D
R-HSA-9662851,Anti-inflammatory response favouring Leishmania parasite infection,0.175013760796486,2,192,10,40,MjAyNjA5MTMxMzA3NThfMjMxMjE%3D
R-HSA-5610780,Degradation of GLI1 by the proteasome,0.17573586798592578,1,49,1,6,MjAyNjA5MTMxMzA3NThfMjMxMjE%3D
R-HSA-5610785,GLI3 is processed to GLI3R by the proteasome,0.17573586798592578,1,49,1,5,MjAyNjA5MTMxMzA3NThfMjMxMjE%3D
R-HSA-5674135,MAP2K and MAPK activation,0.17573586798592578,1,49,8,12,MjAyNjA5MTMxMzA3NThfMjMxMjE%3D
R-HSA-9656223,Signaling by RAF1 mutants,0.17573586798592578,1,49,4,7,MjAyNjA5MTMxMzA3NThfMjMxMjE%3D
R-HSA-5610783,Degradation of GLI2 by the proteasome,0.17573586798592578,1,49,1,5,MjAyNjA5MTMxMzA3NThfMjMxMjE%3D
R-HSA-9932298,Degradation of CRY and PER proteins,0.17573586798592578,1,49,6,9,MjAyNjA5MTMxMzA3NThfMjMxMjE%3D
R-HSA-5675221,Negative regulation of MAPK pathway,0.17573586798592578,1,49,1,17,MjAyNjA5MTMxMzA3NThfMjMxMjE%3D
R-HSA-9609736,Assembly and cell surface presentation of NMDA receptors,0.17573586798592578,1,49,2,23,MjAyNjA5MTMxMzA3NThfMjMxMjE%3D
R-HSA-2990846,SUMOylation,0.1764176522570755,2,193,3,141,MjAyNjA5MTMxMzA3NThfMjMxMjE%3D
R-HSA-983231,Factors involved in megakaryocyte development and platelet production,0.17782339858897867,2,194,3,43,MjAyNjA5MTMxMzA3NThfMjMxMjE%3D
R-HSA-9927418,Developmental Lineage of Mammary Gland Luminal Epithelial Cells,0.17898549597757307,1,50,3,3,MjAyNjA5MTMxMzA3NThfMjMxMjE%3D
R-HSA-9918485,Dengue Virus Attachment and Entry,0.17898549597757307,1,50,1,10,MjAyNjA5MTMxMzA3NThfMjMxMjE%3D
R-HSA-512988,"Interleukin-3, Interleukin-5 and GM-CSF signaling",0.17898549597757307,1,50,1,38,MjAyNjA5MTMxMzA3NThfMjMxMjE%3D
R-HSA-5387390,Hh mutants abrogate ligand secretion,0.18222251184527516,1,51,2,7,MjAyNjA5MTMxMzA3NThfMjMxMjE%3D
R-HSA-2173789,TGF-beta receptor signaling activates SMADs,0.18222251184527516,1,51,8,44,MjAyNjA5MTMxMzA3NThfMjMxMjE%3D
R-HSA-5654743,Signaling by FGFR4,0.18222251184527516,1,51,3,41,MjAyNjA5MTMxMzA3NThfMjMxMjE%3D
R-HSA-69236,G1 Phase,0.1854469637639088,1,52,1,17,MjAyNjA5MTMxMzA3NThfMjMxMjE%3D
R-HSA-69231,Cyclin D associated events in G1,0.1854469637639088,1,52,1,17,MjAyNjA5MTMxMzA3NThfMjMxMjE%3D
R-HSA-9637690,Response of Mtb to phagocytosis,0.1854469637639088,1,52,2,30,MjAyNjA5MTMxMzA3NThfMjMxMjE%3D
R-HSA-187577,SCF(Skp2)-mediated degradation of p27/p21,0.1854469637639088,1,52,2,7,MjAyNjA5MTMxMzA3NThfMjMxMjE%3D
R-HSA-5654741,Signaling by FGFR3,0.18865889972731031,1,53,3,43,MjAyNjA5MTMxMzA3NThfMjMxMjE%3D
R-HSA-9824585,Regulation of MITF-M-dependent genes involved in pigmentation,0.18865889972731031,1,53,4,23,MjAyNjA5MTMxMzA3NThfMjMxMjE%3D
R-HSA-4608870,Asymmetric localization of PCP proteins,0.18865889972731031,1,53,1,7,MjAyNjA5MTMxMzA3NThfMjMxMjE%3D
R-HSA-69601,Ubiquitin-Mediated Degradation of Phosphorylated Cdc25A,0.18865889972731031,1,53,2,11,MjAyNjA5MTMxMzA3NThfMjMxMjE%3D
R-HSA-5678895,Defective CFTR causes cystic fibrosis,0.18865889972731031,1,53,3,8,MjAyNjA5MTMxMzA3NThfMjMxMjE%3D
R-HSA-3560782,Diseases associated with glycosaminoglycan metabolism,0.18865889972731031,1,53,5,23,MjAyNjA5MTMxMzA3NThfMjMxMjE%3D
R-HSA-5607761,Dectin-1 mediated noncanonical NF-kB signaling,0.18865889972731031,1,53,2,9,MjAyNjA5MTMxMzA3NThfMjMxMjE%3D
R-HSA-6783310,Fanconi Anemia Pathway,0.18865889972731031,1,53,6,15,MjAyNjA5MTMxMzA3NThfMjMxMjE%3D
R-HSA-69613,p53-Independent G1/S DNA Damage Checkpoint,0.18865889972731031,1,53,2,11,MjAyNjA5MTMxMzA3NThfMjMxMjE%3D
R-HSA-1614558,Degradation of cysteine and homocysteine,0.18865889972731031,1,53,3,22,MjAyNjA5MTMxMzA3NThfMjMxMjE%3D
R-HSA-6802949,Signaling by RAS mutants,0.19185836754892682,1,54,4,9,MjAyNjA5MTMxMzA3NThfMjMxMjE%3D
R-HSA-6802946,Signaling by moderate kinase activity BRAF mutants,0.19185836754892682,1,54,4,7,MjAyNjA5MTMxMzA3NThfMjMxMjE%3D
R-HSA-9660826,Purinergic signaling in leishmaniasis infection,0.19185836754892682,1,54,3,23,MjAyNjA5MTMxMzA3NThfMjMxMjE%3D
R-HSA-9649948,Signaling downstream of RAS mutants,0.19185836754892682,1,54,4,7,MjAyNjA5MTMxMzA3NThfMjMxMjE%3D
R-HSA-174084,Autodegradation of Cdh1 by Cdh1:APC/C,0.19185836754892682,1,54,2,2,MjAyNjA5MTMxMzA3NThfMjMxMjE%3D
R-HSA-5357905,Regulation of TNFR1 signaling,0.19185836754892682,1,54,16,41,MjAyNjA5MTMxMzA3NThfMjMxMjE%3D
R-HSA-9664424,Cell recruitment (pro-inflammatory response),0.19185836754892682,1,54,3,23,MjAyNjA5MTMxMzA3NThfMjMxMjE%3D
R-HSA-6802955,Paradoxical activation of RAF signaling by kinase inactive BRAF,0.19185836754892682,1,54,4,7,MjAyNjA5MTMxMzA3NThfMjMxMjE%3D
R-HSA-6781823,Formation of TC-NER Pre-Incision Complex,0.19185836754892682,1,54,3,7,MjAyNjA5MTMxMzA3NThfMjMxMjE%3D
R-HSA-445989,TAK1-dependent IKK and NF-kappa-B activation  ,0.19504541486246663,1,55,4,17,MjAyNjA5MTMxMzA3NThfMjMxMjE%3D
R-HSA-8955332,Carboxyterminal post-translational modifications of tubulin,0.19504541486246663,1,55,6,6,MjAyNjA5MTMxMzA3NThfMjMxMjE%3D
R-HSA-174154,APC/C:Cdc20 mediated degradation of Securin,0.19504541486246663,1,55,2,3,MjAyNjA5MTMxMzA3NThfMjMxMjE%3D
R-HSA-3928665,EPH-ephrin mediated repulsion of cells,0.19504541486246663,1,55,1,9,MjAyNjA5MTMxMzA3NThfMjMxMjE%3D
R-HSA-983712,Ion channel transport,0.19625107637070183,2,207,6,51,MjAyNjA5MTMxMzA3NThfMjMxMjE%3D
R-HSA-8963899,Plasma lipoprotein remodeling,0.19822008912260325,1,56,1,31,MjAyNjA5MTMxMzA3NThfMjMxMjE%3D
R-HSA-5620924,Intraflagellar transport,0.19822008912260325,1,56,6,12,MjAyNjA5MTMxMzA3NThfMjMxMjE%3D
R-HSA-168898,Toll-like Receptor Cascades,0.20053937861446425,2,210,40,217,MjAyNjA5MTMxMzA3NThfMjMxMjE%3D
R-HSA-9766229,Degradation of CDH1,0.2013824376055925,1,57,3,10,MjAyNjA5MTMxMzA3NThfMjMxMjE%3D
R-HSA-73893,DNA Damage Bypass,0.2013824376055925,1,57,26,34,MjAyNjA5MTMxMzA3NThfMjMxMjE%3D
R-HSA-1638074,Keratan sulfate/keratin metabolism,0.2013824376055925,1,57,10,16,MjAyNjA5MTMxMzA3NThfMjMxMjE%3D
R-HSA-9013405,RHOD GTPase cycle,0.2013824376055925,1,57,1,9,MjAyNjA5MTMxMzA3NThfMjMxMjE%3D
R-HSA-69563,p53-Dependent G1 DNA Damage Response,0.2013824376055925,1,57,4,22,MjAyNjA5MTMxMzA3NThfMjMxMjE%3D
R-HSA-69580,p53-Dependent G1/S DNA damage checkpoint,0.2013824376055925,1,57,4,22,MjAyNjA5MTMxMzA3NThfMjMxMjE%3D
R-HSA-5658442,Regulation of RAS by GAPs,0.20453250740997708,1,58,1,5,MjAyNjA5MTMxMzA3NThfMjMxMjE%3D
R-HSA-1234176,Oxygen-dependent proline hydroxylation of Hypoxia-inducible Factor Alpha,0.20767034545719876,1,59,4,12,MjAyNjA5MTMxMzA3NThfMjMxMjE%3D
R-HSA-1169091,Activation of NF-kappaB in B cells,0.20767034545719876,1,59,2,10,MjAyNjA5MTMxMzA3NThfMjMxMjE%3D
R-HSA-9864848,Complex IV assembly,0.20767034545719876,1,59,5,9,MjAyNjA5MTMxMzA3NThfMjMxMjE%3D
R-HSA-9609690,HCMV Early Events,0.2077118079759701,2,215,7,12,MjAyNjA5MTMxMzA3NThfMjMxMjE%3D
R-HSA-174184,Cdc20:Phospho-APC/C mediated degradation of Cyclin A,0.21079599849229314,1,60,2,3,MjAyNjA5MTMxMzA3NThfMjMxMjE%3D
R-HSA-9634815,Transcriptional Regulation by NPAS4,0.21079599849229314,1,60,1,46,MjAyNjA5MTMxMzA3NThfMjMxMjE%3D
R-HSA-68949,Orc1 removal from chromatin,0.21079599849229314,1,60,2,4,MjAyNjA5MTMxMzA3NThfMjMxMjE%3D
R-HSA-9931269,AMPK-induced ERAD and lysosome mediated degradation of PD-L1(CD274),0.21079599849229314,1,60,3,5,MjAyNjA5MTMxMzA3NThfMjMxMjE%3D
R-HSA-8866654,E3 ubiquitin ligases ubiquitinate target proteins,0.21079599849229314,1,60,16,16,MjAyNjA5MTMxMzA3NThfMjMxMjE%3D
R-HSA-445355,Smooth Muscle Contraction,0.21390951308452444,1,61,4,16,MjAyNjA5MTMxMzA3NThfMjMxMjE%3D
R-HSA-179419,APC:Cdc20 mediated degradation of cell cycle proteins prior to satisfation of the cell cycle checkpoint,0.21390951308452444,1,61,4,6,MjAyNjA5MTMxMzA3NThfMjMxMjE%3D
R-HSA-174178,APC/C:Cdh1 mediated degradation of Cdc20 and other APC/C:Cdh1 targeted proteins in late mitosis/early G1,0.21390951308452444,1,61,4,6,MjAyNjA5MTMxMzA3NThfMjMxMjE%3D
R-HSA-8948751,Regulation of PTEN stability and activity,0.21390951308452444,1,61,6,13,MjAyNjA5MTMxMzA3NThfMjMxMjE%3D
R-HSA-69017,CDK-mediated phosphorylation and removal of Cdc6,0.21701093562801965,1,62,2,4,MjAyNjA5MTMxMzA3NThfMjMxMjE%3D
R-HSA-4551638,SUMOylation of chromatin organization proteins,0.21701093562801965,1,62,2,15,MjAyNjA5MTMxMzA3NThfMjMxMjE%3D
R-HSA-2454202,Fc epsilon receptor (FCERI) signaling,0.21779976670907464,2,222,17,65,MjAyNjA5MTMxMzA3NThfMjMxMjE%3D
R-HSA-1483206,Glycerophospholipid biosynthesis,0.21779976670907464,2,222,1,133,MjAyNjA5MTMxMzA3NThfMjMxMjE%3D
R-HSA-3214815,HDACs deacetylate histones,0.22010031234245508,1,63,4,5,MjAyNjA5MTMxMzA3NThfMjMxMjE%3D
R-HSA-176409,APC/C:Cdc20 mediated degradation of mitotic proteins,0.22010031234245508,1,63,8,13,MjAyNjA5MTMxMzA3NThfMjMxMjE%3D
R-HSA-6811436,COPI-independent Golgi-to-ER retrograde traffic,0.22010031234245508,1,63,2,7,MjAyNjA5MTMxMzA3NThfMjMxMjE%3D
R-HSA-5654736,Signaling by FGFR1,0.223177689273657,1,64,3,48,MjAyNjA5MTMxMzA3NThfMjMxMjE%3D
R-HSA-177929,Signaling by EGFR,0.223177689273657,1,64,6,50,MjAyNjA5MTMxMzA3NThfMjMxMjE%3D
R-HSA-2173793,Transcriptional activity of SMAD2/SMAD3:SMAD4 heterotrimer,0.223177689273657,1,64,9,51,MjAyNjA5MTMxMzA3NThfMjMxMjE%3D
R-HSA-176814,Activation of APC/C and APC/C:Cdc20 mediated degradation of mitotic proteins,0.223177689273657,1,64,8,15,MjAyNjA5MTMxMzA3NThfMjMxMjE%3D
R-HSA-6782210,Gap-filling DNA repair synthesis and ligation in TC-NER,0.223177689273657,1,64,2,2,MjAyNjA5MTMxMzA3NThfMjMxMjE%3D
R-HSA-75893,TNF signaling,0.223177689273657,1,64,17,58,MjAyNjA5MTMxMzA3NThfMjMxMjE%3D
R-HSA-165159,MTOR signalling,0.223177689273657,1,64,2,33,MjAyNjA5MTMxMzA3NThfMjMxMjE%3D
R-HSA-3299685,Detoxification of Reactive Oxygen Species,0.223177689273657,1,64,1,34,MjAyNjA5MTMxMzA3NThfMjMxMjE%3D
R-HSA-9824439,Bacterial Infection Pathways,0.22326558901073945,3,414,9,234,MjAyNjA5MTMxMzA3NThfMjMxMjE%3D
R-HSA-2980766,Nuclear Envelope Breakdown,0.2262431122942843,1,65,3,13,MjAyNjA5MTMxMzA3NThfMjMxMjE%3D
R-HSA-6782135,Dual incision in TC-NER,0.22929662710445153,1,66,7,7,MjAyNjA5MTMxMzA3NThfMjMxMjE%3D
R-HSA-9692916,SARS-CoV-1 activates/modulates innate immune responses,0.22929662710445153,1,66,4,32,MjAyNjA5MTMxMzA3NThfMjMxMjE%3D
R-HSA-8979227,Triglyceride metabolism,0.23233827923235184,1,67,1,24,MjAyNjA5MTMxMzA3NThfMjMxMjE%3D
R-HSA-186712,Regulation of beta-cell development,0.23233827923235184,1,67,1,26,MjAyNjA5MTMxMzA3NThfMjMxMjE%3D
R-HSA-429914,Deadenylation-dependent mRNA decay,0.23233827923235184,1,67,4,10,MjAyNjA5MTMxMzA3NThfMjMxMjE%3D
R-HSA-2022090,Assembly of collagen fibrils and other multimeric structures,0.23233827923235184,1,67,1,26,MjAyNjA5MTMxMzA3NThfMjMxMjE%3D
R-HSA-9730414,MITF-M-regulated melanocyte development,0.23373962474015098,2,233,8,150,MjAyNjA5MTMxMzA3NThfMjMxMjE%3D
R-HSA-983189,Kinesins,0.23536811403493074,1,68,2,14,MjAyNjA5MTMxMzA3NThfMjMxMjE%3D
R-HSA-450294,MAP kinase activation,0.23838617669847662,1,69,4,32,MjAyNjA5MTMxMzA3NThfMjMxMjE%3D
R-HSA-1442490,Collagen degradation,0.23838617669847662,1,69,1,34,MjAyNjA5MTMxMzA3NThfMjMxMjE%3D
R-HSA-9793380,Formation of paraxial mesoderm,0.23838617669847662,1,69,2,29,MjAyNjA5MTMxMzA3NThfMjMxMjE%3D
R-HSA-8939902,Regulation of RUNX2 expression and activity,0.23838617669847662,1,69,7,29,MjAyNjA5MTMxMzA3NThfMjMxMjE%3D
R-HSA-8978868,Fatty acid metabolism,0.23888620991917708,3,429,15,232,MjAyNjA5MTMxMzA3NThfMjMxMjE%3D
R-HSA-186797,Signaling by PDGF,0.2413925122392898,1,70,1,31,MjAyNjA5MTMxMzA3NThfMjMxMjE%3D
R-HSA-375165,NCAM signaling for neurite out-growth,0.2413925122392898,1,70,1,23,MjAyNjA5MTMxMzA3NThfMjMxMjE%3D
R-HSA-9707616,Heme signaling,0.2413925122392898,1,70,1,25,MjAyNjA5MTMxMzA3NThfMjMxMjE%3D
R-HSA-176408,Regulation of APC/C activators between G1/S and early anaphase,0.2413925122392898,1,70,2,14,MjAyNjA5MTMxMzA3NThfMjMxMjE%3D
R-HSA-69615,G1/S DNA Damage Checkpoints,0.24438716550429607,1,71,6,33,MjAyNjA5MTMxMzA3NThfMjMxMjE%3D
R-HSA-8848021,Signaling by PTK6,0.24438716550429607,1,71,1,53,MjAyNjA5MTMxMzA3NThfMjMxMjE%3D
R-HSA-9006927,Signaling by Non-Receptor Tyrosine Kinases,0.24438716550429607,1,71,1,53,MjAyNjA5MTMxMzA3NThfMjMxMjE%3D
R-HSA-5690714,CD22 mediated BCR regulation,0.24737018117165677,1,72,3,4,MjAyNjA5MTMxMzA3NThfMjMxMjE%3D
R-HSA-6802952,Signaling by BRAF and RAF1 fusions,0.2503416037514312,1,73,4,5,MjAyNjA5MTMxMzA3NThfMjMxMjE%3D
R-HSA-5685942,HDR through Homologous Recombination (HRR),0.2562498468515043,1,75,1,24,MjAyNjA5MTMxMzA3NThfMjMxMjE%3D
R-HSA-71291,Metabolism of amino acids and derivatives,0.26283847580594166,4,661,5,302,MjAyNjA5MTMxMzA3NThfMjMxMjE%3D
R-HSA-69202,Cyclin E associated events during G1/S transition ,0.2650263664977006,1,78,2,20,MjAyNjA5MTMxMzA3NThfMjMxMjE%3D
R-HSA-448424,Interleukin-17 signaling,0.2650263664977006,1,78,4,35,MjAyNjA5MTMxMzA3NThfMjMxMjE%3D
R-HSA-75105,Fatty acyl-CoA biosynthesis,0.2650263664977006,1,78,3,25,MjAyNjA5MTMxMzA3NThfMjMxMjE%3D
R-HSA-1168372,Downstream signaling events of B Cell Receptor (BCR),0.2650263664977006,1,78,2,15,MjAyNjA5MTMxMzA3NThfMjMxMjE%3D
R-HSA-195253,Degradation of beta-catenin by the destruction complex,0.2650263664977006,1,78,3,23,MjAyNjA5MTMxMzA3NThfMjMxMjE%3D
R-HSA-5632684,Hedgehog 'on' state,0.2679291559261576,1,79,5,37,MjAyNjA5MTMxMzA3NThfMjMxMjE%3D
R-HSA-453276,Regulation of mitotic cell cycle,0.2679291559261576,1,79,16,40,MjAyNjA5MTMxMzA3NThfMjMxMjE%3D
R-HSA-9856649,Transcriptional and post-translational regulation of MITF-M expression and activity,0.2679291559261576,1,79,4,37,MjAyNjA5MTMxMzA3NThfMjMxMjE%3D
R-HSA-189445,Metabolism of porphyrins,0.2679291559261576,1,79,2,42,MjAyNjA5MTMxMzA3NThfMjMxMjE%3D
R-HSA-5620920,Cargo trafficking to the periciliary membrane,0.2679291559261576,1,79,2,29,MjAyNjA5MTMxMzA3NThfMjMxMjE%3D
R-HSA-174143,APC/C-mediated degradation of cell cycle proteins,0.2679291559261576,1,79,16,40,MjAyNjA5MTMxMzA3NThfMjMxMjE%3D
R-HSA-199991,Membrane Trafficking,0.2698271149995002,4,669,36,219,MjAyNjA5MTMxMzA3NThfMjMxMjE%3D
R-HSA-69656,Cyclin A:Cdk2-associated events at S phase entry,0.2708206591818977,1,80,2,19,MjAyNjA5MTMxMzA3NThfMjMxMjE%3D
R-HSA-8978934,Metabolism of cofactors,0.2708206591818977,1,80,2,34,MjAyNjA5MTMxMzA3NThfMjMxMjE%3D
R-HSA-450531,Regulation of mRNA stability by proteins that bind AU-rich elements,0.2708206591818977,1,80,2,26,MjAyNjA5MTMxMzA3NThfMjMxMjE%3D
R-HSA-69052,Switching of origins to a post-replicative state,0.273700919452201,1,81,4,10,MjAyNjA5MTMxMzA3NThfMjMxMjE%3D
R-HSA-5663084,Diseases of carbohydrate metabolism,0.273700919452201,1,81,1,44,MjAyNjA5MTMxMzA3NThfMjMxMjE%3D
R-HSA-204998,"Cell death signalling via NRAGE, NRIF and NADE",0.273700919452201,1,81,3,17,MjAyNjA5MTMxMzA3NThfMjMxMjE%3D
R-HSA-9976102,Differentiation of naive CD4+ T cells to T helper 2 cells (Th2 cells),0.27656997976172903,1,82,2,12,MjAyNjA5MTMxMzA3NThfMjMxMjE%3D
R-HSA-1236394,Signaling by ERBB4,0.27656997976172903,1,82,2,52,MjAyNjA5MTMxMzA3NThfMjMxMjE%3D
R-HSA-6781827,Transcription-Coupled Nucleotide Excision Repair (TC-NER),0.27942788297316246,1,83,13,17,MjAyNjA5MTMxMzA3NThfMjMxMjE%3D
R-HSA-8852135,Protein ubiquitination,0.27942788297316246,1,83,29,32,MjAyNjA5MTMxMzA3NThfMjMxMjE%3D
R-HSA-917937,Iron uptake and transport,0.27942788297316246,1,83,1,33,MjAyNjA5MTMxMzA3NThfMjMxMjE%3D
R-HSA-5633008,TP53 Regulates Transcription of Cell Death Genes,0.27942788297316246,1,83,2,68,MjAyNjA5MTMxMzA3NThfMjMxMjE%3D
R-HSA-9024446,NR1H2 and NR1H3-mediated signaling,0.2851103887459928,1,85,1,60,MjAyNjA5MTMxMzA3NThfMjMxMjE%3D
R-HSA-9609646,HCMV Infection,0.2877073427525775,2,270,8,31,MjAyNjA5MTMxMzA3NThfMjMxMjE%3D
R-HSA-5619084,ABC transporter disorders,0.28793507622812375,1,86,3,23,MjAyNjA5MTMxMzA3NThfMjMxMjE%3D
R-HSA-6806834,Signaling by MET,0.2935515314876115,1,88,3,51,MjAyNjA5MTMxMzA3NThfMjMxMjE%3D
R-HSA-9833482,PKR-mediated signaling,0.2935515314876115,1,88,1,40,MjAyNjA5MTMxMzA3NThfMjMxMjE%3D
R-HSA-5688426,Deubiquitination,0.2949978459786481,2,275,55,77,MjAyNjA5MTMxMzA3NThfMjMxMjE%3D
R-HSA-72202,Transport of Mature Transcript to Cytoplasm,0.2991243734266257,1,90,3,13,MjAyNjA5MTMxMzA3NThfMjMxMjE%3D
R-HSA-3700989,Transcriptional Regulation by TP53,0.3007559322079567,3,487,12,258,MjAyNjA5MTMxMzA3NThfMjMxMjE%3D
R-HSA-5668541,TNFR2 non-canonical NF-kB pathway,0.30189454366624324,1,91,5,44,MjAyNjA5MTMxMzA3NThfMjMxMjE%3D
R-HSA-6802957,Oncogenic MAPK signaling,0.3074025898432614,1,93,24,46,MjAyNjA5MTMxMzA3NThfMjMxMjE%3D
R-HSA-5687128,MAPK6/MAPK4 signaling,0.3074025898432614,1,93,2,40,MjAyNjA5MTMxMzA3NThfMjMxMjE%3D
R-HSA-9909615,Regulation of PD-L1(CD274) Post-translational modification,0.3101405481757439,1,94,9,25,MjAyNjA5MTMxMzA3NThfMjMxMjE%3D
R-HSA-1614635,Sulfur amino acid metabolism,0.31286785134231265,1,95,3,36,MjAyNjA5MTMxMzA3NThfMjMxMjE%3D
R-HSA-6804756,Regulation of TP53 Activity through Phosphorylation,0.3155845401534261,1,96,1,26,MjAyNjA5MTMxMzA3NThfMjMxMjE%3D
R-HSA-438064,Post NMDA receptor activation events,0.3155845401534261,1,96,1,39,MjAyNjA5MTMxMzA3NThfMjMxMjE%3D
R-HSA-173623,Classical antibody-mediated complement activation,0.31829065526576017,1,97,2,2,MjAyNjA5MTMxMzA3NThfMjMxMjE%3D
R-HSA-202424,Downstream TCR signaling,0.3236713262552131,1,99,3,24,MjAyNjA5MTMxMzA3NThfMjMxMjE%3D
R-HSA-9945266,Differentiation of T cells,0.3263459626818096,1,100,2,28,MjAyNjA5MTMxMzA3NThfMjMxMjE%3D
R-HSA-381070,IRE1alpha activates chaperones,0.3290101865097076,1,101,1,53,MjAyNjA5MTMxMzA3NThfMjMxMjE%3D
R-HSA-9979719,Processing of antigen in germinal center B cells,0.3316640376351081,1,102,1,4,MjAyNjA5MTMxMzA3NThfMjMxMjE%3D
R-HSA-2029481,FCGR activation,0.33430755580380533,1,103,6,6,MjAyNjA5MTMxMzA3NThfMjMxMjE%3D
R-HSA-983695,Antigen activates B Cell Receptor (BCR) leading to generation of second messengers,0.33430755580380533,1,103,11,26,MjAyNjA5MTMxMzA3NThfMjMxMjE%3D
R-HSA-2168880,Scavenging of heme from plasma,0.3421765077831195,1,106,1,12,MjAyNjA5MTMxMzA3NThfMjMxMjE%3D
R-HSA-5673001,RAF/MAP kinase cascade,0.34422016926202603,2,309,11,75,MjAyNjA5MTMxMzA3NThfMjMxMjE%3D
R-HSA-5607764,CLEC7A (Dectin-1) signaling,0.34477908859420436,1,107,6,45,MjAyNjA5MTMxMzA3NThfMjMxMjE%3D
R-HSA-6807878,COPI-mediated anterograde transport,0.34477908859420436,1,107,2,12,MjAyNjA5MTMxMzA3NThfMjMxMjE%3D
R-HSA-6811434,COPI-dependent Golgi-to-ER retrograde traffic,0.34477908859420436,1,107,2,11,MjAyNjA5MTMxMzA3NThfMjMxMjE%3D
R-HSA-381340,Transcriptional regulation of white adipocyte differentiation,0.34477908859420436,1,107,10,19,MjAyNjA5MTMxMzA3NThfMjMxMjE%3D
R-HSA-2730905,Role of LAT2/NTAL/LAB on calcium mobilization,0.34477908859420436,1,107,2,7,MjAyNjA5MTMxMzA3NThfMjMxMjE%3D
R-HSA-170834,Signaling by TGF-beta Receptor Complex,0.3473715329408734,1,108,19,100,MjAyNjA5MTMxMzA3NThfMjMxMjE%3D
R-HSA-975871,MyD88 cascade initiated on plasma membrane,0.3499538796781049,1,109,13,70,MjAyNjA5MTMxMzA3NThfMjMxMjE%3D
R-HSA-168176,Toll Like Receptor 5 (TLR5) Cascade,0.3499538796781049,1,109,13,71,MjAyNjA5MTMxMzA3NThfMjMxMjE%3D
R-HSA-168142,Toll Like Receptor 10 (TLR10) Cascade,0.3499538796781049,1,109,13,71,MjAyNjA5MTMxMzA3NThfMjMxMjE%3D
R-HSA-193704,p75 NTR receptor-mediated signalling,0.3525261675143504,1,110,5,50,MjAyNjA5MTMxMzA3NThfMjMxMjE%3D
R-HSA-9614085,FOXO-mediated transcription,0.3525261675143504,1,110,7,85,MjAyNjA5MTMxMzA3NThfMjMxMjE%3D
R-HSA-1483257,Phospholipid metabolism,0.3528118953186369,2,315,1,218,MjAyNjA5MTMxMzA3NThfMjMxMjE%3D
R-HSA-5684996,MAPK1/MAPK3 signaling,0.3542403517522399,2,316,11,82,MjAyNjA5MTMxMzA3NThfMjMxMjE%3D
R-HSA-382556,ABC-family protein mediated transport,0.35508843501204135,1,111,3,27,MjAyNjA5MTMxMzA3NThfMjMxMjE%3D
R-HSA-9020702,Interleukin-1 signaling,0.3576407205881632,1,112,12,59,MjAyNjA5MTMxMzA3NThfMjMxMjE%3D
R-HSA-9009391,Extra-nuclear estrogen signaling,0.3576407205881632,1,112,1,39,MjAyNjA5MTMxMzA3NThfMjMxMjE%3D
R-HSA-382551,Transport of small molecules,0.3578458268263782,5,999,16,463,MjAyNjA5MTMxMzA3NThfMjMxMjE%3D
R-HSA-3371453,Regulation of HSF1-mediated heat shock response,0.36018306251478094,1,113,5,14,MjAyNjA5MTMxMzA3NThfMjMxMjE%3D
R-HSA-442755,Activation of NMDA receptors and postsynaptic events,0.36018306251478094,1,113,3,71,MjAyNjA5MTMxMzA3NThfMjMxMjE%3D
R-HSA-8856825,Cargo recognition for clathrin-mediated endocytosis,0.36523806778635093,1,115,1,15,MjAyNjA5MTMxMzA3NThfMjMxMjE%3D
R-HSA-168164,Toll Like Receptor 3 (TLR3) Cascade,0.3702537541252111,1,117,18,79,MjAyNjA5MTMxMzA3NThfMjMxMjE%3D
R-HSA-166786,Creation of C4 and C2 activators,0.3727469468505167,1,118,2,8,MjAyNjA5MTMxMzA3NThfMjMxMjE%3D
R-HSA-69239,Synthesis of DNA,0.3752304225453237,1,119,4,27,MjAyNjA5MTMxMzA3NThfMjMxMjE%3D
R-HSA-975138,TRAF6 mediated induction of NFkB and MAP kinases upon TLR7/8 or 9 activation,0.3777042184822077,1,120,13,60,MjAyNjA5MTMxMzA3NThfMjMxMjE%3D
R-HSA-9648025,EML4 and NUDC in mitotic spindle formation,0.3801683717930534,1,121,2,5,MjAyNjA5MTMxMzA3NThfMjMxMjE%3D
R-HSA-975155,MyD88 dependent cascade initiated on endosome,0.3801683717930534,1,121,14,75,MjAyNjA5MTMxMzA3NThfMjMxMjE%3D
R-HSA-937061,TRIF (TICAM1)-mediated TLR4 signaling ,0.38262291946960836,1,122,18,76,MjAyNjA5MTMxMzA3NThfMjMxMjE%3D
R-HSA-166166,MyD88-independent TLR4 cascade ,0.38262291946960836,1,122,18,78,MjAyNjA5MTMxMzA3NThfMjMxMjE%3D
R-HSA-202403,TCR signaling,0.38262291946960836,1,122,3,52,MjAyNjA5MTMxMzA3NThfMjMxMjE%3D
R-HSA-8957322,Metabolism of steroids,0.3867818849129516,2,339,4,245,MjAyNjA5MTMxMzA3NThfMjMxMjE%3D
R-HSA-2871796,FCERI mediated MAPK activation,0.3875033451891904,1,124,2,20,MjAyNjA5MTMxMzA3NThfMjMxMjE%3D
R-HSA-168181,Toll Like Receptor 7/8 (TLR7/8) Cascade,0.3899292965196247,1,125,14,85,MjAyNjA5MTMxMzA3NThfMjMxMjE%3D
R-HSA-166663,Initial triggering of complement,0.39475285830391127,1,127,4,21,MjAyNjA5MTMxMzA3NThfMjMxMjE%3D
R-HSA-168138,Toll Like Receptor 9 (TLR9) Cascade,0.39715054121822235,1,128,14,86,MjAyNjA5MTMxMzA3NThfMjMxMjE%3D
R-HSA-5628897,TP53 Regulates Metabolic Genes,0.39715054121822235,1,128,1,34,MjAyNjA5MTMxMzA3NThfMjMxMjE%3D
R-HSA-2871809,FCERI mediated Ca+2 mobilization,0.3995388735597002,1,129,2,11,MjAyNjA5MTMxMzA3NThfMjMxMjE%3D
R-HSA-909733,Interferon alpha/beta signaling,0.3995388735597002,1,129,1,25,MjAyNjA5MTMxMzA3NThfMjMxMjE%3D
R-HSA-2029485,Role of phospholipids in phagocytosis,0.4042876299450756,1,131,5,12,MjAyNjA5MTMxMzA3NThfMjMxMjE%3D
R-HSA-2980736,Peptide hormone metabolism,0.4042876299450756,1,131,2,67,MjAyNjA5MTMxMzA3NThfMjMxMjE%3D
R-HSA-8878166,Transcriptional regulation by RUNX2,0.40899941294953,1,133,7,81,MjAyNjA5MTMxMzA3NThfMjMxMjE%3D
R-HSA-168188,Toll Like Receptor TLR6:TLR2 Cascade,0.40899941294953,1,133,13,78,MjAyNjA5MTMxMzA3NThfMjMxMjE%3D
R-HSA-166058,MyD88:MAL(TIRAP) cascade initiated on plasma membrane,0.40899941294953,1,133,13,76,MjAyNjA5MTMxMzA3NThfMjMxMjE%3D
R-HSA-2500257,Resolution of Sister Chromatid Cohesion,0.4136745059100636,1,135,4,13,MjAyNjA5MTMxMzA3NThfMjMxMjE%3D
R-HSA-168179,Toll Like Receptor TLR1:TLR2 Cascade,0.4159983815820286,1,136,13,78,MjAyNjA5MTMxMzA3NThfMjMxMjE%3D
R-HSA-9635486,Infection with Mycobacterium tuberculosis,0.4159983815820286,1,136,2,73,MjAyNjA5MTMxMzA3NThfMjMxMjE%3D
R-HSA-181438,Toll Like Receptor 2 (TLR2) Cascade,0.4159983815820286,1,136,13,80,MjAyNjA5MTMxMzA3NThfMjMxMjE%3D
R-HSA-6809371,Formation of the cornified envelope,0.420618966064231,1,138,8,27,MjAyNjA5MTMxMzA3NThfMjMxMjE%3D
R-HSA-977606,Regulation of Complement cascade,0.4229157443805571,1,139,3,44,MjAyNjA5MTMxMzA3NThfMjMxMjE%3D
R-HSA-69206,G1/S Transition,0.4252035595323257,1,140,2,61,MjAyNjA5MTMxMzA3NThfMjMxMjE%3D
R-HSA-5683057,MAPK family signaling cascades,0.4254417890558978,2,367,13,122,MjAyNjA5MTMxMzA3NThfMjMxMjE%3D
R-HSA-9664323,FCGR3A-mediated IL10 synthesis,0.4274824459451436,1,141,9,20,MjAyNjA5MTMxMzA3NThfMjMxMjE%3D
R-HSA-196854,Metabolism of vitamins and cofactors,0.44163782768568205,2,379,3,213,MjAyNjA5MTMxMzA3NThfMjMxMjE%3D
R-HSA-8856688,Golgi-to-ER retrograde transport,0.4431875106972193,1,148,4,18,MjAyNjA5MTMxMzA3NThfMjMxMjE%3D
R-HSA-1474228,Degradation of the extracellular matrix,0.4431875106972193,1,148,1,105,MjAyNjA5MTMxMzA3NThfMjMxMjE%3D
R-HSA-163685,Integration of energy metabolism,0.4541449960463282,1,153,1,72,MjAyNjA5MTMxMzA3NThfMjMxMjE%3D
R-HSA-6807070,PTEN Regulation,0.4606173088966926,1,156,8,56,MjAyNjA5MTMxMzA3NThfMjMxMjE%3D
R-HSA-162599,Late Phase of HIV Life Cycle,0.47123701855832545,1,161,6,78,MjAyNjA5MTMxMzA3NThfMjMxMjE%3D
R-HSA-166658,Complement cascade,0.4754270331773852,1,163,7,75,MjAyNjA5MTMxMzA3NThfMjMxMjE%3D
R-HSA-453279,Mitotic G1 phase and G1/S transition,0.47750976686623636,1,164,3,101,MjAyNjA5MTMxMzA3NThfMjMxMjE%3D
R-HSA-199977,ER to Golgi Anterograde Transport,0.4795843600921166,1,165,2,39,MjAyNjA5MTMxMzA3NThfMjMxMjE%3D
R-HSA-166016,Toll Like Receptor 4 (TLR4) Cascade,0.4816508441693078,1,166,23,113,MjAyNjA5MTMxMzA3NThfMjMxMjE%3D
R-HSA-69242,S Phase,0.4816508441693078,1,166,8,55,MjAyNjA5MTMxMzA3NThfMjMxMjE%3D
R-HSA-9758941,Gastrulation,0.4837092502935847,1,167,2,104,MjAyNjA5MTMxMzA3NThfMjMxMjE%3D
R-HSA-9856651,MITF-M-dependent gene expression,0.4857596095426252,1,168,4,113,MjAyNjA5MTMxMzA3NThfMjMxMjE%3D
R-HSA-446652,Interleukin-1 family signaling,0.4898363111379843,1,170,12,92,MjAyNjA5MTMxMzA3NThfMjMxMjE%3D
R-HSA-425407,SLC-mediated transmembrane transport,0.4899858243102577,2,416,1,193,MjAyNjA5MTMxMzA3NThfMjMxMjE%3D
R-HSA-74160,Gene expression (Transcription),0.4906832645004022,8,1922,147,1139,MjAyNjA5MTMxMzA3NThfMjMxMjE%3D
R-HSA-73887,Death Receptor Signaling,0.49388119523191076,1,172,22,119,MjAyNjA5MTMxMzA3NThfMjMxMjE%3D
R-HSA-9610379,HCMV Late Events,0.4998893977103033,1,175,1,19,MjAyNjA5MTMxMzA3NThfMjMxMjE%3D
R-HSA-9006936,Signaling by TGFB family members,0.5058273774333298,1,178,19,148,MjAyNjA5MTMxMzA3NThfMjMxMjE%3D
R-HSA-5633007,Regulation of TP53 Activity,0.5077912388477026,1,179,9,97,MjAyNjA5MTMxMzA3NThfMjMxMjE%3D
R-HSA-5689880,Ub-specific processing proteases,0.5326329412153236,1,192,35,40,MjAyNjA5MTMxMzA3NThfMjMxMjE%3D
R-HSA-611105,Respiratory electron transport,0.5418551876196722,1,197,6,47,MjAyNjA5MTMxMzA3NThfMjMxMjE%3D
R-HSA-5668914,Diseases of metabolism,0.5452328493181456,2,461,6,209,MjAyNjA5MTMxMzA3NThfMjMxMjE%3D
R-HSA-556833,Metabolism of lipids,0.5478675056137146,6,1502,62,987,MjAyNjA5MTMxMzA3NThfMjMxMjE%3D
R-HSA-3781865,Diseases of glycosylation,0.549103803590176,1,201,5,72,MjAyNjA5MTMxMzA3NThfMjMxMjE%3D
R-HSA-1630316,Glycosaminoglycan metabolism,0.5684604412069005,1,212,10,98,MjAyNjA5MTMxMzA3NThfMjMxMjE%3D
R-HSA-6811442,Intra-Golgi and retrograde Golgi-to-ER traffic,0.5803499411639759,1,219,4,48,MjAyNjA5MTMxMzA3NThfMjMxMjE%3D
R-HSA-948021,Transport to the Golgi and subsequent modification,0.5820219035741443,1,220,2,60,MjAyNjA5MTMxMzA3NThfMjMxMjE%3D
R-HSA-6805567,Keratinization,0.5919168483898072,1,226,15,34,MjAyNjA5MTMxMzA3NThfMjMxMjE%3D
R-HSA-212436,Generic Transcription Pathway,0.5952202789508834,6,1574,75,879,MjAyNjA5MTMxMzA3NThfMjMxMjE%3D
R-HSA-9640148,Infection with Enterobacteria,0.5967774851009535,1,229,2,82,MjAyNjA5MTMxMzA3NThfMjMxMjE%3D
R-HSA-112314,Neurotransmitter receptors and postsynaptic signal transmission,0.6015811212483635,1,232,3,110,MjAyNjA5MTMxMzA3NThfMjMxMjE%3D
R-HSA-8951664,Neddylation,0.6156565685887183,1,241,7,44,MjAyNjA5MTMxMzA3NThfMjMxMjE%3D
R-HSA-198933,Immunoregulatory interactions between a Lymphoid and a non-Lymphoid cell,0.6277563919251016,1,249,1,44,MjAyNjA5MTMxMzA3NThfMjMxMjE%3D
R-HSA-196849,Metabolism of water-soluble vitamins and cofactors,0.6292422533545534,1,250,1,146,MjAyNjA5MTMxMzA3NThfMjMxMjE%3D
R-HSA-202733,Cell surface interactions at the vascular wall,0.6394810579419232,1,257,1,65,MjAyNjA5MTMxMzA3NThfMjMxMjE%3D
R-HSA-5619115,Disorders of transmembrane transporters,0.6536267402571037,1,267,3,87,MjAyNjA5MTMxMzA3NThfMjMxMjE%3D
R-HSA-73857,RNA Polymerase II Transcription,0.6589976858257427,6,1678,75,939,MjAyNjA5MTMxMzA3NThfMjMxMjE%3D
R-HSA-211945,Phase I - Functionalization of compounds,0.6965404688279876,1,300,3,104,MjAyNjA5MTMxMzA3NThfMjMxMjE%3D
R-HSA-983168,Antigen processing: Ubiquitination & Proteasome degradation,0.6989660097554617,1,302,6,9,MjAyNjA5MTMxMzA3NThfMjMxMjE%3D
R-HSA-1257604,PIP3 activates AKT signaling,0.7142733367630154,1,315,8,89,MjAyNjA5MTMxMzA3NThfMjMxMjE%3D
R-HSA-9709957,Sensory Perception,0.7362459291303671,4,1252,2,138,MjAyNjA5MTMxMzA3NThfMjMxMjE%3D
R-HSA-112315,Transmission across Chemical Synapses,0.7446878467068715,1,343,3,167,MjAyNjA5MTMxMzA3NThfMjMxMjE%3D
R-HSA-9006925,Intracellular signaling by second messengers,0.7644381187447796,1,363,8,117,MjAyNjA5MTMxMzA3NThfMjMxMjE%3D
R-HSA-112316,Neuronal System,0.8584861640897361,1,489,3,221,MjAyNjA5MTMxMzA3NThfMjMxMjE%3D
R-HSA-211859,Biological oxidations,0.8891355022464165,1,549,3,194,MjAyNjA5MTMxMzA3NThfMjMxMjE%3D
