stId,name,FDR,entities_found,entities_tot,reactions_found,reactions_tot,token
R-HSA-9839923,Dengue Virus Infection,6.307430133745129e-10,25,411,15,142,MjAyNjA5MTMxMzA0NTZfMjMwOTg%3D
R-HSA-9918481,Dengue Virus-Host Interactions,3.0534152983818785e-09,20,273,7,59,MjAyNjA5MTMxMzA0NTZfMjMwOTg%3D
R-HSA-8953854,Metabolism of RNA,8.414738572604108e-09,33,863,70,244,MjAyNjA5MTMxMzA0NTZfMjMwOTg%3D
R-HSA-156842,Eukaryotic Translation Elongation,1.3214731531263624e-08,13,102,8,9,MjAyNjA5MTMxMzA0NTZfMjMwOTg%3D
R-HSA-9824446,Viral Infection Pathways,1.4400018955029736e-08,42,1407,75,899,MjAyNjA5MTMxMzA0NTZfMjMwOTg%3D
R-HSA-72187,mRNA 3'-end processing,2.6405530428874613e-08,15,164,14,21,MjAyNjA5MTMxMzA0NTZfMjMwOTg%3D
R-HSA-9770562,mRNA Polyadenylation,2.7940618707589238e-08,14,139,13,20,MjAyNjA5MTMxMzA0NTZfMjMwOTg%3D
R-HSA-114608,Platelet degranulation ,3.2140146100090305e-08,14,142,4,11,MjAyNjA5MTMxMzA0NTZfMjMwOTg%3D
R-HSA-76005,Response to elevated platelet cytosolic Ca2+,5.2623984281297e-08,14,149,4,14,MjAyNjA5MTMxMzA0NTZfMjMwOTg%3D
R-HSA-72163,mRNA Splicing - Major Pathway,6.370036587100003e-08,16,213,11,11,MjAyNjA5MTMxMzA0NTZfMjMwOTg%3D
R-HSA-8953897,Cellular responses to stimuli,8.641360760286432e-08,36,1166,86,613,MjAyNjA5MTMxMzA0NTZfMjMwOTg%3D
R-HSA-72172,mRNA Splicing,1.078845209834256e-07,16,224,16,16,MjAyNjA5MTMxMzA0NTZfMjMwOTg%3D
R-HSA-5663205,Infectious disease,1.479485796096469e-07,48,1965,103,1227,MjAyNjA5MTMxMzA0NTZfMjMwOTg%3D
R-HSA-156902,Peptide chain elongation,4.0159044978338443e-07,11,97,5,5,MjAyNjA5MTMxMzA0NTZfMjMwOTg%3D
R-HSA-376176,Signaling by ROBO receptors,5.713307027477299e-07,15,222,9,60,MjAyNjA5MTMxMzA0NTZfMjMwOTg%3D
R-HSA-9675108,Nervous system development,5.713307027477299e-07,24,603,39,322,MjAyNjA5MTMxMzA0NTZfMjMwOTg%3D
R-HSA-1643685,Disease,1.2626117251723912e-06,61,3093,198,2176,MjAyNjA5MTMxMzA0NTZfMjMwOTg%3D
R-HSA-72203,Processing of Capped Intron-Containing Pre-mRNA,1.4216008379364098e-06,17,317,44,52,MjAyNjA5MTMxMzA0NTZfMjMwOTg%3D
R-HSA-2262752,Cellular responses to stress,2.050672481601623e-06,31,1039,67,521,MjAyNjA5MTMxMzA0NTZfMjMwOTg%3D
R-HSA-9692914,SARS-CoV-1-host interactions,3.333446401576623e-06,11,124,8,50,MjAyNjA5MTMxMzA0NTZfMjMwOTg%3D
R-HSA-9948299,Ribosome-associated quality control,3.364896225988012e-06,12,155,20,20,MjAyNjA5MTMxMzA0NTZfMjMwOTg%3D
R-HSA-9954714,PELO:HBS1L and ABCE1 dissociate a ribosome on a non-stop mRNA,4.057765312648343e-06,10,100,3,3,MjAyNjA5MTMxMzA0NTZfMjMwOTg%3D
R-HSA-975956,Nonsense Mediated Decay (NMD) independent of the Exon Junction Complex (EJC),4.266880464953715e-06,10,101,1,1,MjAyNjA5MTMxMzA0NTZfMjMwOTg%3D
R-HSA-9954716,ZNF598 and the Ribosome-associated Quality Trigger (RQT) complex dissociate a ribosome stalled on a no-go mRNA,5.829906070564661e-06,10,105,4,4,MjAyNjA5MTMxMzA0NTZfMjMwOTg%3D
R-HSA-72764,Eukaryotic Translation Termination,5.941237072870642e-06,10,106,3,5,MjAyNjA5MTMxMzA0NTZfMjMwOTg%3D
R-HSA-72689,Formation of a pool of free 40S subunits,5.941237072870642e-06,10,106,2,2,MjAyNjA5MTMxMzA0NTZfMjMwOTg%3D
R-HSA-9010553,Regulation of expression of SLITs and ROBOs,6.946099753268875e-06,12,170,6,20,MjAyNjA5MTMxMzA0NTZfMjMwOTg%3D
R-HSA-9735869,SARS-CoV-1 modulates host translation machinery,8.65664885196793e-06,7,41,2,3,MjAyNjA5MTMxMzA0NTZfMjMwOTg%3D
R-HSA-2408557,Selenocysteine synthesis,8.65664885196793e-06,10,112,2,7,MjAyNjA5MTMxMzA0NTZfMjMwOTg%3D
R-HSA-422475,Axon guidance,8.867240215315597e-06,21,566,36,295,MjAyNjA5MTMxMzA0NTZfMjMwOTg%3D
R-HSA-192823,Viral mRNA Translation,9.625349049802168e-06,10,114,2,2,MjAyNjA5MTMxMzA0NTZfMjMwOTg%3D
R-HSA-9633012,Response of EIF2AK4 (GCN2) to amino acid deficiency,9.896860532099261e-06,10,115,4,16,MjAyNjA5MTMxMzA0NTZfMjMwOTg%3D
R-HSA-76002,"Platelet activation, signaling and aggregation",9.896860532099261e-06,15,294,32,119,MjAyNjA5MTMxMzA0NTZfMjMwOTg%3D
R-HSA-1799339,SRP-dependent cotranslational protein targeting to membrane,1.0816681388803318e-05,10,117,5,5,MjAyNjA5MTMxMzA0NTZfMjMwOTg%3D
R-HSA-72706,GTP hydrolysis and joining of the 60S ribosomal subunit,1.3160744117612921e-05,10,120,3,3,MjAyNjA5MTMxMzA0NTZfMjMwOTg%3D
R-HSA-156827,L13a-mediated translational silencing of Ceruloplasmin expression,1.3160744117612921e-05,10,120,2,3,MjAyNjA5MTMxMzA0NTZfMjMwOTg%3D
R-HSA-927802,Nonsense-Mediated Decay (NMD),1.652280066632983e-05,10,124,5,6,MjAyNjA5MTMxMzA0NTZfMjMwOTg%3D
R-HSA-975957,Nonsense Mediated Decay (NMD) enhanced by the Exon Junction Complex (EJC),1.652280066632983e-05,10,124,4,5,MjAyNjA5MTMxMzA0NTZfMjMwOTg%3D
R-HSA-194315,Signaling by Rho GTPases,1.7193101123247345e-05,23,708,58,203,MjAyNjA5MTMxMzA0NTZfMjMwOTg%3D
R-HSA-9716542,"Signaling by Rho GTPases, Miro GTPases and RHOBTB3",2.3343947975762447e-05,23,724,58,212,MjAyNjA5MTMxMzA0NTZfMjMwOTg%3D
R-HSA-72737,Cap-dependent Translation Initiation,2.3343947975762447e-05,10,130,10,18,MjAyNjA5MTMxMzA0NTZfMjMwOTg%3D
R-HSA-72613,Eukaryotic Translation Initiation,2.3343947975762447e-05,10,130,12,21,MjAyNjA5MTMxMzA0NTZfMjMwOTg%3D
R-HSA-195258,RHO GTPase Effectors,2.6973855991263562e-05,15,325,31,113,MjAyNjA5MTMxMzA0NTZfMjMwOTg%3D
R-HSA-1445148,Translocation of SLC2A4 (GLUT4) to the plasma membrane,4.543432869097419e-05,8,81,6,15,MjAyNjA5MTMxMzA0NTZfMjMwOTg%3D
R-HSA-109582,Hemostasis,5.16399717653826e-05,24,821,55,366,MjAyNjA5MTMxMzA0NTZfMjMwOTg%3D
R-HSA-6791226,Major pathway of rRNA processing in the nucleolus and cytosol,8.307604778357014e-05,11,189,6,7,MjAyNjA5MTMxMzA0NTZfMjMwOTg%3D
R-HSA-977225,Amyloid fiber formation,8.307604778357014e-05,8,89,10,33,MjAyNjA5MTMxMzA0NTZfMjMwOTg%3D
R-HSA-9613829,Chaperone Mediated Autophagy,9.203316132888606e-05,5,23,16,19,MjAyNjA5MTMxMzA0NTZfMjMwOTg%3D
R-HSA-9678108,SARS-CoV-1 Infection,0.0001263854657029828,11,199,9,161,MjAyNjA5MTMxMzA0NTZfMjMwOTg%3D
R-HSA-1169410,Antimicrobial mechanism of IFN-stimulated genes,0.0001282238720701212,13,284,6,103,MjAyNjA5MTMxMzA0NTZfMjMwOTg%3D
R-HSA-168255,Influenza Infection,0.0001282238720701212,11,200,3,61,MjAyNjA5MTMxMzA0NTZfMjMwOTg%3D
R-HSA-8868773,rRNA processing in the nucleus and cytosol,0.00017396180260675909,11,207,7,15,MjAyNjA5MTMxMzA0NTZfMjMwOTg%3D
R-HSA-9646399,Aggrephagy,0.0001844250915057355,6,47,13,15,MjAyNjA5MTMxMzA0NTZfMjMwOTg%3D
R-HSA-168273,Influenza Viral RNA Transcription and Replication,0.0002107612133217529,10,173,2,14,MjAyNjA5MTMxMzA0NTZfMjMwOTg%3D
R-HSA-9711097,Cellular response to starvation,0.00024405959036188918,10,176,4,28,MjAyNjA5MTMxMzA0NTZfMjMwOTg%3D
R-HSA-2408522,Selenoamino acid metabolism,0.0003244632795573743,10,182,2,33,MjAyNjA5MTMxMzA0NTZfMjMwOTg%3D
R-HSA-450531,Regulation of mRNA stability by proteins that bind AU-rich elements,0.00033497949209027045,7,80,13,26,MjAyNjA5MTMxMzA0NTZfMjMwOTg%3D
R-HSA-72695,"Formation of the ternary complex, and subsequently, the 43S complex",0.00036260373511032284,6,54,1,3,MjAyNjA5MTMxMzA0NTZfMjMwOTg%3D
R-HSA-72649,Translation initiation complex formation,0.0007374652502327717,6,62,2,2,MjAyNjA5MTMxMzA0NTZfMjMwOTg%3D
R-HSA-9754678,SARS-CoV-2 modulates host translation machinery,0.0007374652502327717,6,62,1,6,MjAyNjA5MTMxMzA0NTZfMjMwOTg%3D
R-HSA-72766,Translation,0.0008115431316058075,15,448,48,126,MjAyNjA5MTMxMzA0NTZfMjMwOTg%3D
R-HSA-6802957,Oncogenic MAPK signaling,0.0008181367576090004,7,93,37,46,MjAyNjA5MTMxMzA0NTZfMjMwOTg%3D
R-HSA-72702,Ribosomal scanning and start codon recognition,0.0008290929004172165,6,64,2,2,MjAyNjA5MTMxMzA0NTZfMjMwOTg%3D
R-HSA-72312,rRNA processing,0.0008385632416286759,11,252,7,22,MjAyNjA5MTMxMzA0NTZfMjMwOTg%3D
R-HSA-9663891,Selective autophagy,0.0009449545970490192,7,97,21,56,MjAyNjA5MTMxMzA0NTZfMjMwOTg%3D
R-HSA-72662,"Activation of the mRNA upon binding of the cap-binding complex and eIFs, and subsequent binding to 43S",0.0009449545970490192,6,66,2,6,MjAyNjA5MTMxMzA0NTZfMjMwOTg%3D
R-HSA-9970672,FXIIa activates plasma kallikrein-kinin system,0.0011177062738969568,5,42,13,18,MjAyNjA5MTMxMzA0NTZfMjMwOTg%3D
R-HSA-2028269,Signaling by Hippo,0.0012230903871923715,4,22,15,30,MjAyNjA5MTMxMzA0NTZfMjMwOTg%3D
R-HSA-450408,AUF1 (hnRNP D0) binds and destabilizes mRNA,0.0012473165662534313,5,43,3,4,MjAyNjA5MTMxMzA0NTZfMjMwOTg%3D
R-HSA-5653656,Vesicle-mediated transport,0.0013261110528917097,21,833,71,254,MjAyNjA5MTMxMzA0NTZfMjMwOTg%3D
R-HSA-109581,Apoptosis,0.0013261110528917097,9,180,11,142,MjAyNjA5MTMxMzA0NTZfMjMwOTg%3D
R-HSA-6802952,Signaling by BRAF and RAF1 fusions,0.0014977069387273056,6,73,5,5,MjAyNjA5MTMxMzA0NTZfMjMwOTg%3D
R-HSA-9954709,Ribosome Quality Control (RQC) complex extracts and degrades nascent peptide,0.0015078392160521314,7,106,13,13,MjAyNjA5MTMxMzA0NTZfMjMwOTg%3D
R-HSA-1266738,Developmental Biology,0.0015078392160521314,38,2061,118,996,MjAyNjA5MTMxMzA0NTZfMjMwOTg%3D
R-HSA-168256,Immune System,0.0015078392160521314,50,3033,205,1895,MjAyNjA5MTMxMzA0NTZfMjMwOTg%3D
R-HSA-3371497,HSP90 chaperone cycle for steroid hormone receptors (SHR) in the presence of ligand,0.0017372336688195045,6,76,9,22,MjAyNjA5MTMxMzA0NTZfMjMwOTg%3D
R-HSA-9656223,Signaling by RAF1 mutants,0.0019996600830085587,5,49,6,7,MjAyNjA5MTMxMzA0NTZfMjMwOTg%3D
R-HSA-5602498,MyD88 deficiency (TLR2/4),0.00202456952939567,4,26,2,2,MjAyNjA5MTMxMzA0NTZfMjMwOTg%3D
R-HSA-3371453,Regulation of HSF1-mediated heat shock response,0.0021110013962886143,7,113,8,14,MjAyNjA5MTMxMzA0NTZfMjMwOTg%3D
R-HSA-5625740,RHO GTPases activate PKNs,0.0021389171387748984,6,79,9,20,MjAyNjA5MTMxMzA0NTZfMjMwOTg%3D
R-HSA-5603041,IRAK4 deficiency (TLR2/4),0.0021695913251821297,4,27,1,1,MjAyNjA5MTMxMzA0NTZfMjMwOTg%3D
R-HSA-913531,Interferon Signaling,0.0022731084271079283,15,507,9,157,MjAyNjA5MTMxMzA0NTZfMjMwOTg%3D
R-HSA-9705683,SARS-CoV-2-host interactions,0.0025894831023709486,10,247,5,68,MjAyNjA5MTMxMzA0NTZfMjMwOTg%3D
R-HSA-9649948,Signaling downstream of RAS mutants,0.002677900212970652,5,54,7,7,MjAyNjA5MTMxMzA0NTZfMjMwOTg%3D
R-HSA-6802955,Paradoxical activation of RAF signaling by kinase inactive BRAF,0.002677900212970652,5,54,6,7,MjAyNjA5MTMxMzA0NTZfMjMwOTg%3D
R-HSA-6802946,Signaling by moderate kinase activity BRAF mutants,0.002677900212970652,5,54,6,7,MjAyNjA5MTMxMzA0NTZfMjMwOTg%3D
R-HSA-6802949,Signaling by RAS mutants,0.002677900212970652,5,54,7,9,MjAyNjA5MTMxMzA0NTZfMjMwOTg%3D
R-HSA-168249,Innate Immune System,0.0028667843164926765,28,1387,123,782,MjAyNjA5MTMxMzA0NTZfMjMwOTg%3D
R-HSA-2995410,Nuclear Envelope (NE) Reassembly,0.003256658243471211,6,88,2,24,MjAyNjA5MTMxMzA0NTZfMjMwOTg%3D
R-HSA-9833482,PKR-mediated signaling,0.003256658243471211,6,88,3,40,MjAyNjA5MTMxMzA0NTZfMjMwOTg%3D
R-HSA-392499,Metabolism of proteins,0.004096804500744344,41,2427,226,928,MjAyNjA5MTMxMzA0NTZfMjMwOTg%3D
R-HSA-8939236,RUNX1 regulates transcription of genes involved in differentiation of HSCs,0.004116880339277262,6,92,10,15,MjAyNjA5MTMxMzA0NTZfMjMwOTg%3D
R-HSA-199991,Membrane Trafficking,0.004179674186391202,17,669,66,219,MjAyNjA5MTMxMzA0NTZfMjMwOTg%3D
R-HSA-9684482,IFIT antiviral response,0.004179674186391202,6,93,1,17,MjAyNjA5MTMxMzA0NTZfMjMwOTg%3D
R-HSA-9612973,Autophagy,0.004187726662822855,8,174,39,117,MjAyNjA5MTMxMzA0NTZfMjMwOTg%3D
R-HSA-9619483,Activation of AMPK downstream of NMDARs,0.004375148868267509,4,34,2,3,MjAyNjA5MTMxMzA0NTZfMjMwOTg%3D
R-HSA-3371556,Cellular response to heat stress,0.0048107959951235735,7,135,13,29,MjAyNjA5MTMxMzA0NTZfMjMwOTg%3D
R-HSA-9615710,Late endosomal microautophagy,0.004875569868863061,4,35,3,3,MjAyNjA5MTMxMzA0NTZfMjMwOTg%3D
R-HSA-5357801,Programmed Cell Death,0.004977466742196901,9,225,18,194,MjAyNjA5MTMxMzA0NTZfMjMwOTg%3D
R-HSA-1236974,ER-Phagosome pathway,0.005252577724865759,6,98,2,11,MjAyNjA5MTMxMzA0NTZfMjMwOTg%3D
R-HSA-5626467,RHO GTPases activate IQGAPs,0.005415520857869782,4,36,3,5,MjAyNjA5MTMxMzA0NTZfMjMwOTg%3D
R-HSA-69481,G2/M Checkpoints,0.005883354528372076,7,142,4,24,MjAyNjA5MTMxMzA0NTZfMjMwOTg%3D
R-HSA-75035,Chk1/Chk2(Cds1) mediated inactivation of Cyclin B:Cdk1 complex,0.006906605603093086,3,17,1,5,MjAyNjA5MTMxMzA0NTZfMjMwOTg%3D
R-HSA-8852276,The role of GTSE1 in G2/M progression after G2 checkpoint,0.0071978237742420514,5,70,4,10,MjAyNjA5MTMxMzA0NTZfMjMwOTg%3D
R-HSA-68886,M Phase,0.007445716222058696,12,403,26,96,MjAyNjA5MTMxMzA0NTZfMjMwOTg%3D
R-HSA-5686938,Regulation of TLR by endogenous ligand,0.007972102921014468,4,41,2,13,MjAyNjA5MTMxMzA0NTZfMjMwOTg%3D
R-HSA-9909649,Regulation of PD-L1(CD274) transcription,0.009207989134544237,5,74,8,18,MjAyNjA5MTMxMzA0NTZfMjMwOTg%3D
R-HSA-6798695,Neutrophil degranulation,0.009301276771055855,13,478,7,10,MjAyNjA5MTMxMzA0NTZfMjMwOTg%3D
R-HSA-6802948,Signaling by high-kinase activity BRAF mutants,0.009301276771055855,4,44,4,6,MjAyNjA5MTMxMzA0NTZfMjMwOTg%3D
R-HSA-111447,Activation of BAD and translocation to mitochondria ,0.009301276771055855,3,19,2,5,MjAyNjA5MTMxMzA0NTZfMjMwOTg%3D
R-HSA-8876725,Protein methylation,0.009301276771055855,3,19,3,9,MjAyNjA5MTMxMzA0NTZfMjMwOTg%3D
R-HSA-9755779,SARS-CoV-2 targets host intracellular signalling and regulatory pathways,0.009301276771055855,3,19,1,5,MjAyNjA5MTMxMzA0NTZfMjMwOTg%3D
R-HSA-9735871,SARS-CoV-1 targets host intracellular signalling and regulatory pathways,0.009301276771055855,3,19,1,7,MjAyNjA5MTMxMzA0NTZfMjMwOTg%3D
R-HSA-1632852,Macroautophagy,0.009809621737301155,7,158,21,96,MjAyNjA5MTMxMzA0NTZfMjMwOTg%3D
R-HSA-354194,GRB2:SOS provides linkage to MAPK signaling for Integrins ,0.009904400865652807,3,20,2,2,MjAyNjA5MTMxMzA0NTZfMjMwOTg%3D
R-HSA-9943411,CHD1 and CHD2 subfamily,0.010447888550101592,5,78,5,5,MjAyNjA5MTMxMzA0NTZfMjMwOTg%3D
R-HSA-5683057,MAPK family signaling cascades,0.010541192430903124,11,367,39,122,MjAyNjA5MTMxMzA0NTZfMjMwOTg%3D
R-HSA-9936686,Aggregated β-amyloid interacts with fibrinogen,0.010621887564624233,2,5,1,2,MjAyNjA5MTMxMzA0NTZfMjMwOTg%3D
R-HSA-372708,p130Cas linkage to MAPK signaling for integrins,0.011549933657491351,3,22,3,3,MjAyNjA5MTMxMzA0NTZfMjMwOTg%3D
R-HSA-190840,Microtubule-dependent trafficking of connexons from Golgi to the plasma membrane,0.011549933657491351,3,22,1,2,MjAyNjA5MTMxMzA0NTZfMjMwOTg%3D
R-HSA-199977,ER to Golgi Anterograde Transport,0.011549933657491351,7,165,18,39,MjAyNjA5MTMxMzA0NTZfMjMwOTg%3D
R-HSA-5602358,Diseases associated with the TLR signaling cascade,0.011549933657491351,4,47,3,14,MjAyNjA5MTMxMzA0NTZfMjMwOTg%3D
R-HSA-1236975,Antigen processing-Cross presentation,0.011549933657491351,6,120,3,25,MjAyNjA5MTMxMzA0NTZfMjMwOTg%3D
R-HSA-69473,G2/M DNA damage checkpoint,0.011555554511096133,5,82,3,12,MjAyNjA5MTMxMzA0NTZfMjMwOTg%3D
R-HSA-5674135,MAP2K and MAPK activation,0.01224062318634278,4,49,8,12,MjAyNjA5MTMxMzA0NTZfMjMwOTg%3D
R-HSA-4419969,Depolymerization of the Nuclear Lamina,0.013102675865000357,3,23,2,6,MjAyNjA5MTMxMzA0NTZfMjMwOTg%3D
R-HSA-190872,Transport of connexons to the plasma membrane,0.013102675865000357,3,23,1,3,MjAyNjA5MTMxMzA0NTZfMjMwOTg%3D
R-HSA-76009,Platelet Aggregation (Plug Formation),0.016251475557109707,4,53,16,27,MjAyNjA5MTMxMzA0NTZfMjMwOTg%3D
R-HSA-5260271,Diseases of Immune System,0.016251475557109707,4,53,3,21,MjAyNjA5MTMxMzA0NTZfMjMwOTg%3D
R-HSA-163210,Formation of ATP by chemiosmotic coupling,0.016585591017024726,3,25,3,3,MjAyNjA5MTMxMzA0NTZfMjMwOTg%3D
R-HSA-75153,Apoptotic execution phase,0.017380386744853205,4,54,7,57,MjAyNjA5MTMxMzA0NTZfMjMwOTg%3D
R-HSA-68875,Mitotic Prophase,0.0186866060573303,6,134,11,34,MjAyNjA5MTMxMzA0NTZfMjMwOTg%3D
R-HSA-70263,Gluconeogenesis,0.01979838340601514,4,56,4,17,MjAyNjA5MTMxMzA0NTZfMjMwOTg%3D
R-HSA-2555396,Mitotic Metaphase and Anaphase,0.019920236197907726,8,237,6,33,MjAyNjA5MTMxMzA0NTZfMjMwOTg%3D
R-HSA-438064,Post NMDA receptor activation events,0.019920236197907726,5,96,29,39,MjAyNjA5MTMxMzA0NTZfMjMwOTg%3D
R-HSA-68882,Mitotic Anaphase,0.019920236197907726,8,236,6,32,MjAyNjA5MTMxMzA0NTZfMjMwOTg%3D
R-HSA-2995383,Initiation of Nuclear Envelope (NE) Reformation,0.019920236197907726,3,27,1,7,MjAyNjA5MTMxMzA0NTZfMjMwOTg%3D
R-HSA-1280218,Adaptive Immune System,0.019920236197907726,23,1237,55,361,MjAyNjA5MTMxMzA0NTZfMjMwOTg%3D
R-HSA-9645723,Diseases of programmed cell death,0.020815602954061263,5,97,3,37,MjAyNjA5MTMxMzA0NTZfMjMwOTg%3D
R-HSA-9909648,Regulation of PD-L1(CD274) expression,0.02199602533479783,7,191,17,56,MjAyNjA5MTMxMzA0NTZfMjMwOTg%3D
R-HSA-1221632,Meiotic synapsis,0.02348043340063355,4,61,4,6,MjAyNjA5MTMxMzA0NTZfMjMwOTg%3D
R-HSA-5250924,B-WICH complex positively regulates rRNA expression,0.02348043340063355,4,61,3,3,MjAyNjA5MTMxMzA0NTZfMjMwOTg%3D
R-HSA-1280215,Cytokine Signaling in Immune system,0.025360527614301853,22,1193,41,823,MjAyNjA5MTMxMzA0NTZfMjMwOTg%3D
R-HSA-8951671,RUNX3 regulates YAP1-mediated transcription,0.026081499361000793,2,9,3,3,MjAyNjA5MTMxMzA0NTZfMjMwOTg%3D
R-HSA-9694516,SARS-CoV-2 Infection,0.026804769028421993,10,367,6,211,MjAyNjA5MTMxMzA0NTZfMjMwOTg%3D
R-HSA-68867,Assembly of the pre-replicative complex,0.026809245925380587,5,103,4,23,MjAyNjA5MTMxMzA0NTZfMjMwOTg%3D
R-HSA-5673001,RAF/MAP kinase cascade,0.02739212410945213,9,309,35,75,MjAyNjA5MTMxMzA0NTZfMjMwOTg%3D
R-HSA-9671793,Diseases of hemostasis,0.028939127884048288,3,32,6,23,MjAyNjA5MTMxMzA0NTZfMjMwOTg%3D
R-HSA-9940465,ChAHP complex assembly,0.028939127884048288,3,32,1,4,MjAyNjA5MTMxMzA0NTZfMjMwOTg%3D
R-HSA-8949613,Cristae formation,0.029328258915624295,3,33,1,2,MjAyNjA5MTMxMzA0NTZfMjMwOTg%3D
R-HSA-171306,Packaging Of Telomere Ends,0.029328258915624295,3,33,2,2,MjAyNjA5MTMxMzA0NTZfMjMwOTg%3D
R-HSA-8957275,Post-translational protein phosphorylation,0.029328258915624295,5,109,1,1,MjAyNjA5MTMxMzA0NTZfMjMwOTg%3D
R-HSA-9841251,Mitochondrial unfolded protein response (UPRmt),0.029328258915624295,3,33,3,21,MjAyNjA5MTMxMzA0NTZfMjMwOTg%3D
R-HSA-8940973,RUNX2 regulates osteoblast differentiation,0.029328258915624295,3,34,9,24,MjAyNjA5MTMxMzA0NTZfMjMwOTg%3D
R-HSA-5684996,MAPK1/MAPK3 signaling,0.029328258915624295,9,316,35,82,MjAyNjA5MTMxMzA0NTZfMjMwOTg%3D
R-HSA-6807878,COPI-mediated anterograde transport,0.029328258915624295,5,107,6,12,MjAyNjA5MTMxMzA0NTZfMjMwOTg%3D
R-HSA-983189,Kinesins,0.029472763845329153,4,68,2,14,MjAyNjA5MTMxMzA0NTZfMjMwOTg%3D
R-HSA-201722,Formation of the beta-catenin:TCF transactivating complex,0.029472763845329153,4,68,3,13,MjAyNjA5MTMxMzA0NTZfMjMwOTg%3D
R-HSA-162582,Signal Transduction,0.03124445970138434,44,3056,350,2589,MjAyNjA5MTMxMzA0NTZfMjMwOTg%3D
R-HSA-70171,Glycolysis,0.031373832413360336,5,111,5,23,MjAyNjA5MTMxMzA0NTZfMjMwOTg%3D
R-HSA-73728,RNA Polymerase I Promoter Opening,0.03176408082236892,3,35,1,3,MjAyNjA5MTMxMzA0NTZfMjMwOTg%3D
R-HSA-5334118,DNA methylation,0.03176408082236892,3,35,7,7,MjAyNjA5MTMxMzA0NTZfMjMwOTg%3D
R-HSA-2559586,DNA Damage/Telomere Stress Induced Senescence,0.03259866054856264,4,70,2,18,MjAyNjA5MTMxMzA0NTZfMjMwOTg%3D
R-HSA-442755,Activation of NMDA receptors and postsynaptic events,0.033771705719738865,5,113,36,71,MjAyNjA5MTMxMzA0NTZfMjMwOTg%3D
R-HSA-114452,Activation of BH3-only proteins,0.03431814262234534,3,36,2,19,MjAyNjA5MTMxMzA0NTZfMjMwOTg%3D
R-HSA-9860931,Response of endothelial cells to shear stress,0.03629620753773377,5,115,19,51,MjAyNjA5MTMxMzA0NTZfMjMwOTg%3D
R-HSA-9918487,Dengue Virus Genome Translation and Replication,0.037607011323826045,5,116,6,64,MjAyNjA5MTMxMzA0NTZfMjMwOTg%3D
R-HSA-389948,Co-inhibition by PD-1,0.03787667798494876,7,219,17,61,MjAyNjA5MTMxMzA0NTZfMjMwOTg%3D
R-HSA-5689877,Josephin domain DUBs,0.03787667798494876,2,13,6,6,MjAyNjA5MTMxMzA0NTZfMjMwOTg%3D
R-HSA-948021,Transport to the Golgi and subsequent modification,0.03787667798494876,7,220,18,60,MjAyNjA5MTMxMzA0NTZfMjMwOTg%3D
R-HSA-6799990,Metal sequestration by antimicrobial proteins,0.03787667798494876,2,13,2,5,MjAyNjA5MTMxMzA0NTZfMjMwOTg%3D
R-HSA-264870,Caspase-mediated cleavage of cytoskeletal proteins,0.03787667798494876,2,12,4,10,MjAyNjA5MTMxMzA0NTZfMjMwOTg%3D
R-HSA-9734767,Developmental Cell Lineages,0.03787667798494876,9,340,14,26,MjAyNjA5MTMxMzA0NTZfMjMwOTg%3D
R-HSA-354192,Integrin signaling,0.03787667798494876,3,39,15,24,MjAyNjA5MTMxMzA0NTZfMjMwOTg%3D
R-HSA-430116,GP1b-IX-V activation signalling,0.03787667798494876,2,12,7,9,MjAyNjA5MTMxMzA0NTZfMjMwOTg%3D
R-HSA-9925563,Developmental Lineage of Pancreatic Ductal Cells,0.03787667798494876,4,77,2,2,MjAyNjA5MTMxMzA0NTZfMjMwOTg%3D
R-HSA-110330,Recognition and association of DNA glycosylase with site containing an affected purine,0.03787667798494876,3,38,2,10,MjAyNjA5MTMxMzA0NTZfMjMwOTg%3D
R-HSA-68616,Assembly of the ORC complex at the origin of replication,0.03787667798494876,3,39,2,11,MjAyNjA5MTMxMzA0NTZfMjMwOTg%3D
R-HSA-5663202,Diseases of signal transduction by growth factor receptors and second messengers,0.03787667798494876,12,536,76,516,MjAyNjA5MTMxMzA0NTZfMjMwOTg%3D
R-HSA-9668328,Sealing of the nuclear envelope (NE) by ESCRT-III,0.03787667798494876,3,39,1,7,MjAyNjA5MTMxMzA0NTZfMjMwOTg%3D
R-HSA-111465,Apoptotic cleavage of cellular proteins,0.03787667798494876,3,38,5,38,MjAyNjA5MTMxMzA0NTZfMjMwOTg%3D
R-HSA-69002,DNA Replication Pre-Initiation,0.03787667798494876,5,121,4,32,MjAyNjA5MTMxMzA0NTZfMjMwOTg%3D
R-HSA-9619665,EGR2 and SOX10-mediated initiation of Schwann cell myelination,0.038121181669675264,3,40,3,27,MjAyNjA5MTMxMzA0NTZfMjMwOTg%3D
R-HSA-9013408,RHOG GTPase cycle,0.03942183441766667,4,78,2,6,MjAyNjA5MTMxMzA0NTZfMjMwOTg%3D
R-HSA-9843970,Regulation of endogenous retroelements by the Human Silencing Hub (HUSH) complex,0.04075956390730606,3,41,5,8,MjAyNjA5MTMxMzA0NTZfMjMwOTg%3D
R-HSA-190861,Gap junction assembly,0.04075956390730606,3,41,3,16,MjAyNjA5MTMxMzA0NTZfMjMwOTg%3D
R-HSA-110328,Recognition and association of DNA glycosylase with site containing an affected pyrimidine,0.04075956390730606,3,41,1,21,MjAyNjA5MTMxMzA0NTZfMjMwOTg%3D
R-HSA-5250913,Positive epigenetic regulation of rRNA expression,0.041170687118154414,4,79,5,7,MjAyNjA5MTMxMzA0NTZfMjMwOTg%3D
R-HSA-9860927,"Turbulent (oscillatory, disturbed) flow shear stress activates signaling by PIEZO1 and integrins in endothelial cells",0.04350297020522753,3,42,13,23,MjAyNjA5MTMxMzA0NTZfMjMwOTg%3D
R-HSA-9614399,Regulation of localization of FOXO transcription factors,0.043645373989710246,2,14,2,5,MjAyNjA5MTMxMzA0NTZfMjMwOTg%3D
R-HSA-75205,Dissolution of Fibrin Clot,0.043645373989710246,2,14,1,21,MjAyNjA5MTMxMzA0NTZfMjMwOTg%3D
R-HSA-9855142,Cellular responses to mechanical stimuli,0.0438291215481329,5,126,19,61,MjAyNjA5MTMxMzA0NTZfMjMwOTg%3D
R-HSA-204998,"Cell death signalling via NRAGE, NRIF and NADE",0.04481936798673147,4,81,6,17,MjAyNjA5MTMxMzA0NTZfMjMwOTg%3D
R-HSA-381426,Regulation of Insulin-like Growth Factor (IGF) transport and uptake by Insulin-like Growth Factor Binding Proteins (IGFBPs),0.04524226502699347,5,127,1,14,MjAyNjA5MTMxMzA0NTZfMjMwOTg%3D
R-HSA-180585,Vif-mediated degradation of APOBEC3G,0.04635226811948723,3,43,3,4,MjAyNjA5MTMxMzA0NTZfMjMwOTg%3D
R-HSA-8941326,RUNX2 regulates bone development,0.04635226811948723,3,43,9,32,MjAyNjA5MTMxMzA0NTZfMjMwOTg%3D
R-HSA-3371568,Attenuation phase,0.04891259495747535,3,47,3,5,MjAyNjA5MTMxMzA0NTZfMjMwOTg%3D
R-HSA-5689603,UCH proteinases,0.04891259495747535,4,84,6,11,MjAyNjA5MTMxMzA0NTZfMjMwOTg%3D
R-HSA-9981148,Developmental Lineage of Pancreatic Endocrine Mid Progenitor Cells,0.04891259495747535,3,45,1,2,MjAyNjA5MTMxMzA0NTZfMjMwOTg%3D
R-HSA-427389,ERCC6 (CSB) and EHMT2 (G9a) positively regulate rRNA expression,0.04891259495747535,3,47,2,4,MjAyNjA5MTMxMzA0NTZfMjMwOTg%3D
R-HSA-373760,L1CAM interactions,0.04891259495747535,5,130,4,54,MjAyNjA5MTMxMzA0NTZfMjMwOTg%3D
R-HSA-9816359,Maternal to zygotic transition (MZT),0.04891259495747535,5,137,13,46,MjAyNjA5MTMxMzA0NTZfMjMwOTg%3D
R-HSA-70326,Glucose metabolism,0.04891259495747535,5,131,9,40,MjAyNjA5MTMxMzA0NTZfMjMwOTg%3D
R-HSA-110331,Cleavage of the damaged purine,0.04891259495747535,3,44,2,9,MjAyNjA5MTMxMzA0NTZfMjMwOTg%3D
R-HSA-212300,PRC2 methylates histones and DNA,0.04891259495747535,3,46,4,4,MjAyNjA5MTMxMzA0NTZfMjMwOTg%3D
R-HSA-9769733,Fibrin formation,0.04891259495747535,2,16,6,7,MjAyNjA5MTMxMzA0NTZfMjMwOTg%3D
R-HSA-9670095,Inhibition of DNA recombination at telomere,0.04891259495747535,3,47,3,4,MjAyNjA5MTMxMzA0NTZfMjMwOTg%3D
R-HSA-181438,Toll Like Receptor 2 (TLR2) Cascade,0.04891259495747535,5,136,29,80,MjAyNjA5MTMxMzA0NTZfMjMwOTg%3D
R-HSA-381183,ATF6 (ATF6-alpha) activates chaperone genes,0.04891259495747535,2,15,2,5,MjAyNjA5MTMxMzA0NTZfMjMwOTg%3D
R-HSA-166058,MyD88:MAL(TIRAP) cascade initiated on plasma membrane,0.04891259495747535,5,133,29,76,MjAyNjA5MTMxMzA0NTZfMjMwOTg%3D
R-HSA-168188,Toll Like Receptor TLR6:TLR2 Cascade,0.04891259495747535,5,133,29,78,MjAyNjA5MTMxMzA0NTZfMjMwOTg%3D
R-HSA-168179,Toll Like Receptor TLR1:TLR2 Cascade,0.04891259495747535,5,136,29,78,MjAyNjA5MTMxMzA0NTZfMjMwOTg%3D
R-HSA-73927,Depurination,0.04891259495747535,3,45,4,19,MjAyNjA5MTMxMzA0NTZfMjMwOTg%3D
R-HSA-5578749,Transcriptional regulation by small RNAs,0.04891259495747535,3,46,1,5,MjAyNjA5MTMxMzA0NTZfMjMwOTg%3D
R-HSA-8878166,Transcriptional regulation by RUNX2,0.04891259495747535,5,133,16,81,MjAyNjA5MTMxMzA0NTZfMjMwOTg%3D
R-HSA-427359,SIRT1 negatively regulates rRNA expression,0.04891259495747535,3,44,3,5,MjAyNjA5MTMxMzA0NTZfMjMwOTg%3D
R-HSA-216083,Integrin cell surface interactions,0.04891259495747535,4,86,7,55,MjAyNjA5MTMxMzA0NTZfMjMwOTg%3D
R-HSA-5625886,Activated PKN1 stimulates transcription of AR (androgen receptor) regulated genes KLK2 and KLK3,0.04977083377667624,3,48,8,11,MjAyNjA5MTMxMzA0NTZfMjMwOTg%3D
R-HSA-9821002,Chromatin modifications during the maternal to zygotic transition (MZT),0.04977083377667624,3,48,6,12,MjAyNjA5MTMxMzA0NTZfMjMwOTg%3D
R-HSA-442720,CREB1 phosphorylation through the activation of Adenylate Cyclase,0.05049801047014624,2,17,6,6,MjAyNjA5MTMxMzA0NTZfMjMwOTg%3D
R-HSA-381033,ATF6 (ATF6-alpha) activates chaperones,0.05049801047014624,2,17,3,10,MjAyNjA5MTMxMzA0NTZfMjMwOTg%3D
R-HSA-9764265,Regulation of CDH1 Expression and Function,0.05088326986322622,6,192,9,92,MjAyNjA5MTMxMzA0NTZfMjMwOTg%3D
R-HSA-9764274,Regulation of Expression and Function of Type I Classical Cadherins,0.05088326986322622,6,192,9,92,MjAyNjA5MTMxMzA0NTZfMjMwOTg%3D
R-HSA-2559582,Senescence-Associated Secretory Phenotype (SASP),0.0510676815834481,4,90,3,22,MjAyNjA5MTMxMzA0NTZfMjMwOTg%3D
R-HSA-5610780,Degradation of GLI1 by the proteasome,0.05257062223258613,3,49,4,6,MjAyNjA5MTMxMzA0NTZfMjMwOTg%3D
R-HSA-5610783,Degradation of GLI2 by the proteasome,0.05257062223258613,3,49,3,5,MjAyNjA5MTMxMzA0NTZfMjMwOTg%3D
R-HSA-5610785,GLI3 is processed to GLI3R by the proteasome,0.05257062223258613,3,49,3,5,MjAyNjA5MTMxMzA0NTZfMjMwOTg%3D
R-HSA-9609736,Assembly and cell surface presentation of NMDA receptors,0.05257062223258613,3,49,2,23,MjAyNjA5MTMxMzA0NTZfMjMwOTg%3D
R-HSA-9679506,SARS-CoV Infections,0.0531246851543008,12,580,15,404,MjAyNjA5MTMxMzA0NTZfMjMwOTg%3D
R-HSA-73928,Depyrimidination,0.05545875150555846,3,50,2,41,MjAyNjA5MTMxMzA0NTZfMjMwOTg%3D
R-HSA-110329,Cleavage of the damaged pyrimidine ,0.05545875150555846,3,50,1,20,MjAyNjA5MTMxMzA0NTZfMjMwOTg%3D
R-HSA-9932444,ATP-dependent chromatin remodelers,0.055784407573543415,6,196,20,65,MjAyNjA5MTMxMzA0NTZfMjMwOTg%3D
R-HSA-2032785,YAP1- and WWTR1 (TAZ)-stimulated gene expression,0.05625062294010208,2,18,9,9,MjAyNjA5MTMxMzA0NTZfMjMwOTg%3D
R-HSA-1640170,Cell Cycle,0.05639383175304813,14,729,94,474,MjAyNjA5MTMxMzA0NTZfMjMwOTg%3D
R-HSA-5687128,MAPK6/MAPK4 signaling,0.05692650363328422,4,93,4,40,MjAyNjA5MTMxMzA0NTZfMjMwOTg%3D
R-HSA-1500620,Meiosis,0.05692650363328422,4,93,8,16,MjAyNjA5MTMxMzA0NTZfMjMwOTg%3D
R-HSA-69278,"Cell Cycle, Mitotic",0.05785882620444527,12,587,70,367,MjAyNjA5MTMxMzA0NTZfMjMwOTg%3D
R-HSA-9710421,Defective pyroptosis,0.058435576058874616,3,51,1,3,MjAyNjA5MTMxMzA0NTZfMjMwOTg%3D
R-HSA-195721,Signaling by WNT,0.060045439608195306,8,320,28,157,MjAyNjA5MTMxMzA0NTZfMjMwOTg%3D
R-HSA-190828,Gap junction trafficking,0.061501412305133396,3,52,3,20,MjAyNjA5MTMxMzA0NTZfMjMwOTg%3D
R-HSA-774815,Nucleosome assembly,0.0646565395269576,3,53,2,4,MjAyNjA5MTMxMzA0NTZfMjMwOTg%3D
R-HSA-606279,Deposition of new CENPA-containing nucleosomes at the centromere,0.0646565395269576,3,53,2,4,MjAyNjA5MTMxMzA0NTZfMjMwOTg%3D
R-HSA-380320,Recruitment of NuMA to mitotic centrosomes,0.06537735796218458,4,97,2,2,MjAyNjA5MTMxMzA0NTZfMjMwOTg%3D
R-HSA-201681,TCF dependent signaling in response to WNT,0.0665589868656542,6,204,16,71,MjAyNjA5MTMxMzA0NTZfMjMwOTg%3D
R-HSA-446728,Cell junction organization,0.06743609771758274,8,327,19,185,MjAyNjA5MTMxMzA0NTZfMjMwOTg%3D
R-HSA-2299718,Condensation of Prophase Chromosomes,0.06790120078141326,3,54,8,10,MjAyNjA5MTMxMzA0NTZfMjMwOTg%3D
R-HSA-69275,G2/M Transition,0.0679998626495304,6,205,21,88,MjAyNjA5MTMxMzA0NTZfMjMwOTg%3D
R-HSA-453274,Mitotic G2-G2/M phases,0.07094590053356686,6,207,21,90,MjAyNjA5MTMxMzA0NTZfMjMwOTg%3D
R-HSA-8955332,Carboxyterminal post-translational modifications of tubulin,0.07123560378842919,3,55,6,6,MjAyNjA5MTMxMzA0NTZfMjMwOTg%3D
R-HSA-437239,Recycling pathway of L1,0.07123560378842919,3,55,2,14,MjAyNjA5MTMxMzA0NTZfMjMwOTg%3D
R-HSA-8866654,E3 ubiquitin ligases ubiquitinate target proteins,0.07216866262394661,3,60,16,16,MjAyNjA5MTMxMzA0NTZfMjMwOTg%3D
R-HSA-1566977,Fibronectin matrix formation,0.07216866262394661,2,21,4,4,MjAyNjA5MTMxMzA0NTZfMjMwOTg%3D
R-HSA-1234176,Oxygen-dependent proline hydroxylation of Hypoxia-inducible Factor Alpha,0.07216866262394661,3,59,9,12,MjAyNjA5MTMxMzA0NTZfMjMwOTg%3D
R-HSA-163615,PKA activation,0.07216866262394661,2,23,3,4,MjAyNjA5MTMxMzA0NTZfMjMwOTg%3D
R-HSA-9013409,RHOJ GTPase cycle,0.07216866262394661,3,59,2,3,MjAyNjA5MTMxMzA0NTZfMjMwOTg%3D
R-HSA-5658442,Regulation of RAS by GAPs,0.07216866262394661,3,58,5,5,MjAyNjA5MTMxMzA0NTZfMjMwOTg%3D
R-HSA-157858,Gap junction trafficking and regulation,0.07216866262394661,3,57,3,24,MjAyNjA5MTMxMzA0NTZfMjMwOTg%3D
R-HSA-9759476,Regulation of Homotypic Cell-Cell Adhesion,0.07216866262394661,6,215,9,125,MjAyNjA5MTMxMzA0NTZfMjMwOTg%3D
R-HSA-69620,Cell Cycle Checkpoints,0.07216866262394661,7,278,10,63,MjAyNjA5MTMxMzA0NTZfMjMwOTg%3D
R-HSA-8878159,Transcriptional regulation by RUNX3,0.07216866262394661,4,108,6,47,MjAyNjA5MTMxMzA0NTZfMjMwOTg%3D
R-HSA-6811434,COPI-dependent Golgi-to-ER retrograde traffic,0.07216866262394661,4,107,2,11,MjAyNjA5MTMxMzA0NTZfMjMwOTg%3D
R-HSA-388841,Regulation of T cell activation by CD28 family,0.07216866262394661,7,276,17,91,MjAyNjA5MTMxMzA0NTZfMjMwOTg%3D
R-HSA-112315,Transmission across Chemical Synapses,0.07216866262394661,8,343,46,167,MjAyNjA5MTMxMzA0NTZfMjMwOTg%3D
R-HSA-168898,Toll-like Receptor Cascades,0.07216866262394661,6,210,58,217,MjAyNjA5MTMxMzA0NTZfMjMwOTg%3D
R-HSA-75955,RNA Polymerase II Transcription Elongation,0.07216866262394661,3,61,4,8,MjAyNjA5MTMxMzA0NTZfMjMwOTg%3D
R-HSA-112382,Formation of RNA Pol II elongation complex ,0.07216866262394661,3,60,1,2,MjAyNjA5MTMxMzA0NTZfMjMwOTg%3D
R-HSA-912446,Meiotic recombination,0.07216866262394661,3,59,4,10,MjAyNjA5MTMxMzA0NTZfMjMwOTg%3D
R-HSA-392517,Rap1 signalling,0.07216866262394661,2,24,3,7,MjAyNjA5MTMxMzA0NTZfMjMwOTg%3D
R-HSA-3371571,HSF1-dependent transactivation,0.07216866262394661,3,59,4,8,MjAyNjA5MTMxMzA0NTZfMjMwOTg%3D
R-HSA-9013422,RHOBTB1 GTPase cycle,0.07216866262394661,2,24,1,2,MjAyNjA5MTMxMzA0NTZfMjMwOTg%3D
R-HSA-9956593,Enterobacterial factors antagonize host defense ,0.07216866262394661,2,24,5,6,MjAyNjA5MTMxMzA0NTZfMjMwOTg%3D
R-HSA-73772,RNA Polymerase I Promoter Escape,0.07282471326238682,3,62,1,2,MjAyNjA5MTMxMzA0NTZfMjMwOTg%3D
R-HSA-73929,"Base-Excision Repair, AP Site Formation",0.07282471326238682,3,62,6,64,MjAyNjA5MTMxMzA0NTZfMjMwOTg%3D
R-HSA-193704,p75 NTR receptor-mediated signalling,0.07357148289979965,4,110,8,50,MjAyNjA5MTMxMzA0NTZfMjMwOTg%3D
R-HSA-9937848,CHD chromatin remodelers,0.07483668017058731,5,165,17,44,MjAyNjA5MTMxMzA0NTZfMjMwOTg%3D
R-HSA-5610787,Hedgehog 'off' state,0.075716001994233,4,111,13,32,MjAyNjA5MTMxMzA0NTZfMjMwOTg%3D
R-HSA-6811436,COPI-independent Golgi-to-ER retrograde traffic,0.07586660482759389,3,63,2,7,MjAyNjA5MTMxMzA0NTZfMjMwOTg%3D
R-HSA-166016,Toll Like Receptor 4 (TLR4) Cascade,0.0765392324880565,5,166,39,113,MjAyNjA5MTMxMzA0NTZfMjMwOTg%3D
R-HSA-389977,Post-chaperonin tubulin folding pathway,0.07780864456202896,2,25,9,9,MjAyNjA5MTMxMzA0NTZfMjMwOTg%3D
R-HSA-109606,Intrinsic Pathway for Apoptosis,0.0789761164258026,3,64,2,63,MjAyNjA5MTMxMzA0NTZfMjMwOTg%3D
R-HSA-9940951,Interaction of NuRD complexes with transcription factors,0.0789761164258026,3,64,8,11,MjAyNjA5MTMxMzA0NTZfMjMwOTg%3D
R-HSA-165159,MTOR signalling,0.0789761164258026,3,64,3,33,MjAyNjA5MTMxMzA0NTZfMjMwOTg%3D
R-HSA-2559580,Oxidative Stress Induced Senescence,0.08011742282880385,4,113,6,40,MjAyNjA5MTMxMzA0NTZfMjMwOTg%3D
R-HSA-9764561,Regulation of CDH1 Function,0.08215317295463831,3,65,6,16,MjAyNjA5MTMxMzA0NTZfMjMwOTg%3D
R-HSA-2980766,Nuclear Envelope Breakdown,0.08215317295463831,3,65,3,13,MjAyNjA5MTMxMzA0NTZfMjMwOTg%3D
R-HSA-5693606,DNA Double Strand Break Response,0.08237454995928573,4,114,33,53,MjAyNjA5MTMxMzA0NTZfMjMwOTg%3D
R-HSA-111931,PKA-mediated phosphorylation of CREB,0.08362159588784113,2,26,5,7,MjAyNjA5MTMxMzA0NTZfMjMwOTg%3D
R-HSA-69306,DNA Replication,0.08542439438826,5,171,8,73,MjAyNjA5MTMxMzA0NTZfMjMwOTg%3D
R-HSA-73887,Death Receptor Signaling,0.08727659840875157,5,172,27,119,MjAyNjA5MTMxMzA0NTZfMjMwOTg%3D
R-HSA-9845622,Defective VWF binding to collagen type I ,0.0878597350698106,1,3,1,1,MjAyNjA5MTMxMzA0NTZfMjMwOTg%3D
R-HSA-9636667,Manipulation of host energy metabolism,0.0878597350698106,1,3,1,2,MjAyNjA5MTMxMzA0NTZfMjMwOTg%3D
R-HSA-352238,Breakdown of the nuclear lamina,0.0878597350698106,1,3,1,3,MjAyNjA5MTMxMzA0NTZfMjMwOTg%3D
R-HSA-1500931,Cell-Cell communication,0.08950266385131533,8,365,19,208,MjAyNjA5MTMxMzA0NTZfMjMwOTg%3D
R-HSA-5627123,RHO GTPases activate PAKs,0.0896036033726284,2,27,4,15,MjAyNjA5MTMxMzA0NTZfMjMwOTg%3D
R-HSA-9705462,Inactivation of CSF3 (G-CSF) signaling,0.0896036033726284,2,27,2,9,MjAyNjA5MTMxMzA0NTZfMjMwOTg%3D
R-HSA-9764725,Negative Regulation of CDH1 Gene Transcription,0.09208856558656875,3,68,3,42,MjAyNjA5MTMxMzA0NTZfMjMwOTg%3D
R-HSA-5693565,Recruitment and ATM-mediated phosphorylation of repair and signaling proteins at DNA double strand breaks,0.09208856558656875,3,68,30,41,MjAyNjA5MTMxMzA0NTZfMjMwOTg%3D
R-HSA-9845323,Regulation of endogenous retroelements by Piwi-interacting RNAs (piRNAs),0.09208856558656875,3,68,1,2,MjAyNjA5MTMxMzA0NTZfMjMwOTg%3D
R-HSA-9725370,Signaling by ALK fusions and activated point mutants,0.09422826390478589,4,119,16,63,MjAyNjA5MTMxMzA0NTZfMjMwOTg%3D
R-HSA-9700206,Signaling by ALK in cancer,0.09422826390478589,4,119,17,71,MjAyNjA5MTMxMzA0NTZfMjMwOTg%3D
R-HSA-9769740,Coagulation pathway,0.09553466050007686,3,69,9,85,MjAyNjA5MTMxMzA0NTZfMjMwOTg%3D
R-HSA-6803529,FGFR2 alternative splicing,0.09575081328797008,2,28,4,4,MjAyNjA5MTMxMzA0NTZfMjMwOTg%3D
R-HSA-71291,Metabolism of amino acids and derivatives,0.09723119773363509,12,661,4,302,MjAyNjA5MTMxMzA0NTZfMjMwOTg%3D
R-HSA-1268020,Mitochondrial protein import,0.09904763668326677,3,70,8,14,MjAyNjA5MTMxMzA0NTZfMjMwOTg%3D
R-HSA-9616222,Transcriptional regulation of granulopoiesis,0.09904763668326677,3,70,1,27,MjAyNjA5MTMxMzA0NTZfMjMwOTg%3D
R-HSA-9734779,Developmental Cell Lineages of the Integumentary System,0.10179782782932378,4,122,9,12,MjAyNjA5MTMxMzA0NTZfMjMwOTg%3D
R-HSA-3000170,Syndecan interactions,0.10205943062494804,2,29,2,15,MjAyNjA5MTMxMzA0NTZfMjMwOTg%3D
R-HSA-9769726,Defects of Coagulation cascade,0.10205943062494804,2,29,1,18,MjAyNjA5MTMxMzA0NTZfMjMwOTg%3D
R-HSA-2467813,Separation of Sister Chromatids,0.10720237890184436,5,182,4,8,MjAyNjA5MTMxMzA0NTZfMjMwOTg%3D
R-HSA-8862803,Deregulated CDK5 triggers multiple neurodegenerative pathways in Alzheimer's disease models,0.1085257183227698,2,30,2,22,MjAyNjA5MTMxMzA0NTZfMjMwOTg%3D
R-HSA-9821993,Replacement of protamines by nucleosomes in the male pronucleus,0.1085257183227698,2,30,1,6,MjAyNjA5MTMxMzA0NTZfMjMwOTg%3D
R-HSA-8863678,Neurodegenerative Diseases,0.1085257183227698,2,30,2,22,MjAyNjA5MTMxMzA0NTZfMjMwOTg%3D
R-HSA-389960,Formation of tubulin folding intermediates by CCT/TriC,0.1085257183227698,2,30,2,2,MjAyNjA5MTMxMzA0NTZfMjMwOTg%3D
R-HSA-1234174,Cellular response to hypoxia,0.10998590164567257,3,73,9,20,MjAyNjA5MTMxMzA0NTZfMjMwOTg%3D
R-HSA-8878171,Transcriptional regulation by RUNX1,0.11019951072683087,6,246,30,132,MjAyNjA5MTMxMzA0NTZfMjMwOTg%3D
R-HSA-9845619,Enhanced cleavage of VWF variant by ADAMTS13,0.11033482230605962,1,4,1,1,MjAyNjA5MTMxMzA0NTZfMjMwOTg%3D
R-HSA-211733,Regulation of activated PAK-2p34 by proteasome mediated degradation,0.11033482230605962,2,37,2,2,MjAyNjA5MTMxMzA0NTZfMjMwOTg%3D
R-HSA-9843940,Regulation of endogenous retroelements by KRAB-ZFP proteins,0.11033482230605962,3,78,7,7,MjAyNjA5MTMxMzA0NTZfMjMwOTg%3D
R-HSA-5660862,Defective amino acid transport by SLC7A7 causes lysinuric protein intolerance (LPI),0.11033482230605962,1,5,1,1,MjAyNjA5MTMxMzA0NTZfMjMwOTg%3D
R-HSA-9845621,Defective VWF cleavage by ADAMTS13 variant,0.11033482230605962,1,4,1,1,MjAyNjA5MTMxMzA0NTZfMjMwOTg%3D
R-HSA-9734009,Defective Intrinsic Pathway for Apoptosis,0.11033482230605962,2,33,2,24,MjAyNjA5MTMxMzA0NTZfMjMwOTg%3D
R-HSA-9674555,Signaling by CSF3 (G-CSF),0.11033482230605962,2,35,2,21,MjAyNjA5MTMxMzA0NTZfMjMwOTg%3D
R-HSA-1236394,Signaling by ERBB4,0.11033482230605962,3,82,5,52,MjAyNjA5MTMxMzA0NTZfMjMwOTg%3D
R-HSA-2559583,Cellular Senescence,0.11033482230605962,5,199,11,90,MjAyNjA5MTMxMzA0NTZfMjMwOTg%3D
R-HSA-4086400,PCP/CE pathway,0.11033482230605962,3,86,3,24,MjAyNjA5MTMxMzA0NTZfMjMwOTg%3D
R-HSA-5668599,RHO GTPases Activate NADPH Oxidases,0.11033482230605962,2,38,2,14,MjAyNjA5MTMxMzA0NTZfMjMwOTg%3D
R-HSA-1852241,Organelle biogenesis and maintenance,0.11033482230605962,8,387,19,119,MjAyNjA5MTMxMzA0NTZfMjMwOTg%3D
R-HSA-8874081,MET activates PTK2 signaling,0.11033482230605962,2,32,1,5,MjAyNjA5MTMxMzA0NTZfMjMwOTg%3D
R-HSA-8874177,ATF6B (ATF6-beta) activates chaperones,0.11033482230605962,1,4,1,5,MjAyNjA5MTMxMzA0NTZfMjMwOTg%3D
R-HSA-3000171,Non-integrin membrane-ECM interactions,0.11033482230605962,3,83,7,33,MjAyNjA5MTMxMzA0NTZfMjMwOTg%3D
R-HSA-597592,Post-translational protein modification,0.11033482230605962,24,1676,149,605,MjAyNjA5MTMxMzA0NTZfMjMwOTg%3D
R-HSA-983169,Class I MHC mediated antigen processing & presentation,0.11033482230605962,8,403,13,52,MjAyNjA5MTMxMzA0NTZfMjMwOTg%3D
R-HSA-9833109,Evasion by RSV of host interferon responses,0.11033482230605962,2,37,3,12,MjAyNjA5MTMxMzA0NTZfMjMwOTg%3D
R-HSA-5694530,Cargo concentration in the ER,0.11033482230605962,2,37,3,12,MjAyNjA5MTMxMzA0NTZfMjMwOTg%3D
R-HSA-1168372,Downstream signaling events of B Cell Receptor (BCR),0.11033482230605962,3,78,4,15,MjAyNjA5MTMxMzA0NTZfMjMwOTg%3D
R-HSA-8853336,Signaling by plasma membrane FGFR1 fusions,0.11033482230605962,1,5,2,2,MjAyNjA5MTMxMzA0NTZfMjMwOTg%3D
R-HSA-9013407,RHOH GTPase cycle,0.11033482230605962,2,38,1,3,MjAyNjA5MTMxMzA0NTZfMjMwOTg%3D
R-HSA-2173795,Downregulation of SMAD2/3:SMAD4 transcriptional activity,0.11033482230605962,2,38,9,27,MjAyNjA5MTMxMzA0NTZfMjMwOTg%3D
R-HSA-3000178,ECM proteoglycans,0.11033482230605962,3,79,8,23,MjAyNjA5MTMxMzA0NTZfMjMwOTg%3D
R-HSA-936440,Negative regulators of DDX58/IFIH1 signaling,0.11033482230605962,2,37,5,13,MjAyNjA5MTMxMzA0NTZfMjMwOTg%3D
R-HSA-427413,NoRC negatively regulates rRNA expression,0.11033482230605962,3,79,3,7,MjAyNjA5MTMxMzA0NTZfMjMwOTg%3D
R-HSA-9943965,"CHD3, CHD4, CHD5 subfamily",0.11033482230605962,3,78,11,25,MjAyNjA5MTMxMzA0NTZfMjMwOTg%3D
R-HSA-674695,RNA Polymerase II Pre-transcription Events,0.11033482230605962,3,83,8,17,MjAyNjA5MTMxMzA0NTZfMjMwOTg%3D
R-HSA-9937850,NuRD complex assembly,0.11033482230605962,3,74,10,21,MjAyNjA5MTMxMzA0NTZfMjMwOTg%3D
R-HSA-9706574,RHOBTB GTPase Cycle,0.11033482230605962,2,36,2,4,MjAyNjA5MTMxMzA0NTZfMjMwOTg%3D
R-HSA-180024,DARPP-32 events,0.11033482230605962,2,35,6,12,MjAyNjA5MTMxMzA0NTZfMjMwOTg%3D
R-HSA-8936459,RUNX1 regulates genes involved in megakaryocyte differentiation and platelet function,0.11033482230605962,3,76,20,33,MjAyNjA5MTMxMzA0NTZfMjMwOTg%3D
R-HSA-204005,COPII-mediated vesicle transport,0.11033482230605962,3,78,10,16,MjAyNjA5MTMxMzA0NTZfMjMwOTg%3D
R-HSA-389958,Cooperation of Prefoldin and TriC/CCT  in actin and tubulin folding,0.11033482230605962,2,37,4,6,MjAyNjA5MTMxMzA0NTZfMjMwOTg%3D
R-HSA-5689901,Metalloprotease DUBs,0.11033482230605962,2,32,5,6,MjAyNjA5MTMxMzA0NTZfMjMwOTg%3D
R-HSA-8852135,Protein ubiquitination,0.11033482230605962,3,83,29,32,MjAyNjA5MTMxMzA0NTZfMjMwOTg%3D
R-HSA-159236,Transport of Mature mRNA derived from an Intron-Containing Transcript,0.11033482230605962,3,81,4,4,MjAyNjA5MTMxMzA0NTZfMjMwOTg%3D
R-HSA-9013106,RHOC GTPase cycle,0.11033482230605962,3,79,2,6,MjAyNjA5MTMxMzA0NTZfMjMwOTg%3D
R-HSA-9764560,Regulation of CDH1 Gene Transcription,0.11033482230605962,3,78,3,56,MjAyNjA5MTMxMzA0NTZfMjMwOTg%3D
R-HSA-9006934,Signaling by Receptor Tyrosine Kinases,0.11033482230605962,11,634,50,759,MjAyNjA5MTMxMzA0NTZfMjMwOTg%3D
R-HSA-5620920,Cargo trafficking to the periciliary membrane,0.11033482230605962,3,79,2,29,MjAyNjA5MTMxMzA0NTZfMjMwOTg%3D
R-HSA-983231,Factors involved in megakaryocyte development and platelet production,0.11033482230605962,5,194,3,43,MjAyNjA5MTMxMzA0NTZfMjMwOTg%3D
R-HSA-9943962,"CHD6, CHD7, CHD8, CHD9 subfamily",0.11033482230605962,3,75,1,14,MjAyNjA5MTMxMzA0NTZfMjMwOTg%3D
R-HSA-418990,Adherens junctions interactions,0.11033482230605962,6,267,12,164,MjAyNjA5MTMxMzA0NTZfMjMwOTg%3D
R-HSA-1592230,Mitochondrial biogenesis,0.11033482230605962,4,131,3,36,MjAyNjA5MTMxMzA0NTZfMjMwOTg%3D
R-HSA-211000,Gene Silencing by RNA,0.11033482230605962,3,85,1,40,MjAyNjA5MTMxMzA0NTZfMjMwOTg%3D
R-HSA-112316,Neuronal System,0.11114866563221937,9,489,48,221,MjAyNjA5MTMxMzA0NTZfMjMwOTg%3D
R-HSA-73864,RNA Polymerase I Transcription,0.11250677206373783,3,87,2,14,MjAyNjA5MTMxMzA0NTZfMjMwOTg%3D
R-HSA-9958825,Activation of STAT3 by cadherin engagement,0.11250677206373783,3,87,7,33,MjAyNjA5MTMxMzA0NTZfMjMwOTg%3D
R-HSA-5688426,Deubiquitination,0.11424893890944521,6,275,60,77,MjAyNjA5MTMxMzA0NTZfMjMwOTg%3D
R-HSA-205025,NADE modulates death signalling,0.11544124986678317,1,6,1,3,MjAyNjA5MTMxMzA0NTZfMjMwOTg%3D
R-HSA-5654738,Signaling by FGFR2,0.11562033251998471,3,88,7,46,MjAyNjA5MTMxMzA0NTZfMjMwOTg%3D
R-HSA-5250941,Negative epigenetic regulation of rRNA expression,0.11562033251998471,3,88,6,12,MjAyNjA5MTMxMzA0NTZfMjMwOTg%3D
R-HSA-6806834,Signaling by MET,0.11562033251998471,3,88,4,51,MjAyNjA5MTMxMzA0NTZfMjMwOTg%3D
R-HSA-1474165,Reproduction,0.11653406205849248,4,146,8,44,MjAyNjA5MTMxMzA0NTZfMjMwOTg%3D
R-HSA-5693607,Processing of DNA double-strand break ends,0.11877448231811538,3,89,2,17,MjAyNjA5MTMxMzA0NTZfMjMwOTg%3D
R-HSA-180534,Vpu mediated degradation of CD4,0.12071883107268011,2,40,2,5,MjAyNjA5MTMxMzA0NTZfMjMwOTg%3D
R-HSA-390522,Striated Muscle Contraction,0.12071883107268011,2,40,4,4,MjAyNjA5MTMxMzA0NTZfMjMwOTg%3D
R-HSA-8856688,Golgi-to-ER retrograde transport,0.12125213903306031,4,148,4,18,MjAyNjA5MTMxMzA0NTZfMjMwOTg%3D
R-HSA-72202,Transport of Mature Transcript to Cytoplasm,0.12196893279845833,3,90,13,13,MjAyNjA5MTMxMzA0NTZfMjMwOTg%3D
R-HSA-1474244,Extracellular matrix organization,0.12294262350055618,7,351,74,330,MjAyNjA5MTMxMzA0NTZfMjMwOTg%3D
R-HSA-5663220,RHO GTPases Activate Formins,0.12364883237792146,4,149,9,27,MjAyNjA5MTMxMzA0NTZfMjMwOTg%3D
R-HSA-349425,Autodegradation of the E3 ubiquitin ligase COP1,0.1260320605859504,2,41,2,5,MjAyNjA5MTMxMzA0NTZfMjMwOTg%3D
R-HSA-5673000,RAF activation,0.1260320605859504,2,41,11,12,MjAyNjA5MTMxMzA0NTZfMjMwOTg%3D
R-HSA-75815,Ubiquitin-dependent degradation of Cyclin D,0.1260320605859504,2,41,2,5,MjAyNjA5MTMxMzA0NTZfMjMwOTg%3D
R-HSA-9609690,HCMV Early Events,0.12775047923335192,5,215,7,12,MjAyNjA5MTMxMzA0NTZfMjMwOTg%3D
R-HSA-9013404,RAC2 GTPase cycle,0.1284775509168663,3,92,2,10,MjAyNjA5MTMxMzA0NTZfMjMwOTg%3D
R-HSA-174113,SCF-beta-TrCP mediated degradation of Emi1,0.13142334161096625,2,42,2,3,MjAyNjA5MTMxMzA0NTZfMjMwOTg%3D
R-HSA-169911,Regulation of Apoptosis,0.13142334161096625,2,42,2,5,MjAyNjA5MTMxMzA0NTZfMjMwOTg%3D
R-HSA-8854050,FBXL7 down-regulates AURKA during mitotic entry and in early mitosis,0.13142334161096625,2,42,4,6,MjAyNjA5MTMxMzA0NTZfMjMwOTg%3D
R-HSA-937042,IRAK2 mediated activation of TAK1 complex,0.13299323148156228,1,12,4,5,MjAyNjA5MTMxMzA0NTZfMjMwOTg%3D
R-HSA-442729,CREB1 phosphorylation through the activation of CaMKII/CaMKK/CaMKIV cascasde,0.13299323148156228,1,11,8,10,MjAyNjA5MTMxMzA0NTZfMjMwOTg%3D
R-HSA-9014325,"TICAM1,TRAF6-dependent induction of TAK1 complex",0.13299323148156228,1,13,5,6,MjAyNjA5MTMxMzA0NTZfMjMwOTg%3D
R-HSA-9619229,Activation of RAC1 downstream of NMDARs,0.13299323148156228,1,12,5,6,MjAyNjA5MTMxMzA0NTZfMjMwOTg%3D
R-HSA-5689880,Ub-specific processing proteases,0.13299323148156228,4,192,36,40,MjAyNjA5MTMxMzA0NTZfMjMwOTg%3D
R-HSA-6782210,Gap-filling DNA repair synthesis and ligation in TC-NER,0.13299323148156228,2,64,2,2,MjAyNjA5MTMxMzA0NTZfMjMwOTg%3D
R-HSA-174084,Autodegradation of Cdh1 by Cdh1:APC/C,0.13299323148156228,2,54,2,2,MjAyNjA5MTMxMzA0NTZfMjMwOTg%3D
R-HSA-72165,mRNA Splicing - Minor Pathway,0.13299323148156228,2,54,5,5,MjAyNjA5MTMxMzA0NTZfMjMwOTg%3D
R-HSA-9968734,Differentiation of Circulating Monocytes,0.13299323148156228,2,49,2,2,MjAyNjA5MTMxMzA0NTZfMjMwOTg%3D
R-HSA-5617472,Activation of anterior HOX genes in hindbrain development during early embryogenesis,0.13299323148156228,3,116,31,43,MjAyNjA5MTMxMzA0NTZfMjMwOTg%3D
R-HSA-5619507,Activation of HOX genes during differentiation,0.13299323148156228,3,116,31,43,MjAyNjA5MTMxMzA0NTZfMjMwOTg%3D
R-HSA-111933,Calmodulin induced events,0.13299323148156228,2,44,17,23,MjAyNjA5MTMxMzA0NTZfMjMwOTg%3D
R-HSA-111997,CaM pathway,0.13299323148156228,2,44,18,24,MjAyNjA5MTMxMzA0NTZfMjMwOTg%3D
R-HSA-9842860,Regulation of endogenous retroelements,0.13299323148156228,3,113,13,17,MjAyNjA5MTMxMzA0NTZfMjMwOTg%3D
R-HSA-111932,CaMK IV-mediated phosphorylation of CREB,0.13299323148156228,1,13,10,13,MjAyNjA5MTMxMzA0NTZfMjMwOTg%3D
R-HSA-3214815,HDACs deacetylate histones,0.13299323148156228,2,63,4,5,MjAyNjA5MTMxMzA0NTZfMjMwOTg%3D
R-HSA-69017,CDK-mediated phosphorylation and removal of Cdc6,0.13299323148156228,2,62,2,4,MjAyNjA5MTMxMzA0NTZfMjMwOTg%3D
R-HSA-68949,Orc1 removal from chromatin,0.13299323148156228,2,60,2,4,MjAyNjA5MTMxMzA0NTZfMjMwOTg%3D
R-HSA-9725554,Differentiation of Keratinocytes in Interfollicular Epidermis in Mammalian Skin,0.13299323148156228,2,47,2,4,MjAyNjA5MTMxMzA0NTZfMjMwOTg%3D
R-HSA-9762114,GSK3B and BTRC:CUL1-mediated-degradation of NFE2L2,0.13299323148156228,2,44,2,4,MjAyNjA5MTMxMzA0NTZfMjMwOTg%3D
R-HSA-4641257,Degradation of AXIN,0.13299323148156228,2,44,4,8,MjAyNjA5MTMxMzA0NTZfMjMwOTg%3D
R-HSA-451306,Ionotropic activity of kainate receptors,0.13299323148156228,1,14,2,4,MjAyNjA5MTMxMzA0NTZfMjMwOTg%3D
R-HSA-3785653,Myoclonic epilepsy of Lafora,0.13299323148156228,1,11,1,2,MjAyNjA5MTMxMzA0NTZfMjMwOTg%3D
R-HSA-8948747,Regulation of PTEN localization,0.13299323148156228,1,10,2,4,MjAyNjA5MTMxMzA0NTZfMjMwOTg%3D
R-HSA-111957,Cam-PDE 1 activation,0.13299323148156228,1,9,1,2,MjAyNjA5MTMxMzA0NTZfMjMwOTg%3D
R-HSA-176814,Activation of APC/C and APC/C:Cdc20 mediated degradation of mitotic proteins,0.13299323148156228,2,64,8,15,MjAyNjA5MTMxMzA0NTZfMjMwOTg%3D
R-HSA-432722,Golgi Associated Vesicle Biogenesis,0.13299323148156228,2,61,4,7,MjAyNjA5MTMxMzA0NTZfMjMwOTg%3D
R-HSA-4641258,Degradation of DVL,0.13299323148156228,2,44,4,7,MjAyNjA5MTMxMzA0NTZfMjMwOTg%3D
R-HSA-9931269,AMPK-induced ERAD and lysosome mediated degradation of PD-L1(CD274),0.13299323148156228,2,60,3,5,MjAyNjA5MTMxMzA0NTZfMjMwOTg%3D
R-HSA-9935598,"FXIIa, PKa-dependent activation of coagulation pathway",0.13299323148156228,1,9,3,5,MjAyNjA5MTMxMzA0NTZfMjMwOTg%3D
R-HSA-163358,PKA-mediated phosphorylation of key metabolic factors,0.13299323148156228,1,8,3,5,MjAyNjA5MTMxMzA0NTZfMjMwOTg%3D
R-HSA-176409,APC/C:Cdc20 mediated degradation of mitotic proteins,0.13299323148156228,2,63,8,13,MjAyNjA5MTMxMzA0NTZfMjMwOTg%3D
R-HSA-8941858,Regulation of RUNX3 expression and activity,0.13299323148156228,2,47,3,9,MjAyNjA5MTMxMzA0NTZfMjMwOTg%3D
R-HSA-9035034,RHOF GTPase cycle,0.13299323148156228,2,46,1,3,MjAyNjA5MTMxMzA0NTZfMjMwOTg%3D
R-HSA-170984,ARMS-mediated activation,0.13299323148156228,1,12,2,6,MjAyNjA5MTMxMzA0NTZfMjMwOTg%3D
R-HSA-210455,Astrocytic Glutamate-Glutamine Uptake And Metabolism,0.13299323148156228,1,11,1,3,MjAyNjA5MTMxMzA0NTZfMjMwOTg%3D
R-HSA-112313,Neurotransmitter uptake and metabolism In glial cells,0.13299323148156228,1,11,1,3,MjAyNjA5MTMxMzA0NTZfMjMwOTg%3D
R-HSA-112314,Neurotransmitter receptors and postsynaptic signal transmission,0.13299323148156228,5,232,38,110,MjAyNjA5MTMxMzA0NTZfMjMwOTg%3D
R-HSA-5678895,Defective CFTR causes cystic fibrosis,0.13299323148156228,2,53,3,8,MjAyNjA5MTMxMzA0NTZfMjMwOTg%3D
R-HSA-9609507,Protein localization,0.13299323148156228,4,171,20,53,MjAyNjA5MTMxMzA0NTZfMjMwOTg%3D
R-HSA-9648025,EML4 and NUDC in mitotic spindle formation,0.13299323148156228,3,121,2,5,MjAyNjA5MTMxMzA0NTZfMjMwOTg%3D
R-HSA-9013406,RHOQ GTPase cycle,0.13299323148156228,2,63,2,5,MjAyNjA5MTMxMzA0NTZfMjMwOTg%3D
R-HSA-9634597,GPER1 signaling,0.13299323148156228,2,56,4,10,MjAyNjA5MTMxMzA0NTZfMjMwOTg%3D
R-HSA-9645460,Alpha-protein kinase 1 signaling pathway,0.13299323148156228,1,14,4,10,MjAyNjA5MTMxMzA0NTZfMjMwOTg%3D
R-HSA-1253288,Downregulation of ERBB4 signaling,0.13299323148156228,1,11,2,5,MjAyNjA5MTMxMzA0NTZfMjMwOTg%3D
R-HSA-6781823,Formation of TC-NER Pre-Incision Complex,0.13299323148156228,2,54,3,7,MjAyNjA5MTMxMzA0NTZfMjMwOTg%3D
R-HSA-9929356,GSK3B-mediated proteasomal degradation of PD-L1(CD274),0.13299323148156228,2,46,3,7,MjAyNjA5MTMxMzA0NTZfMjMwOTg%3D
R-HSA-8948751,Regulation of PTEN stability and activity,0.13299323148156228,2,61,6,13,MjAyNjA5MTMxMzA0NTZfMjMwOTg%3D
R-HSA-187577,SCF(Skp2)-mediated degradation of p27/p21,0.13299323148156228,2,52,2,7,MjAyNjA5MTMxMzA0NTZfMjMwOTg%3D
R-HSA-5387390,Hh mutants abrogate ligand secretion,0.13299323148156228,2,51,2,7,MjAyNjA5MTMxMzA0NTZfMjMwOTg%3D
R-HSA-9648002,RAS processing,0.13299323148156228,2,46,6,21,MjAyNjA5MTMxMzA0NTZfMjMwOTg%3D
R-HSA-9948001,CASP4 inflammasome assembly,0.13299323148156228,1,13,2,7,MjAyNjA5MTMxMzA0NTZfMjMwOTg%3D
R-HSA-2173793,Transcriptional activity of SMAD2/SMAD3:SMAD4 heterotrimer,0.13299323148156228,2,64,15,51,MjAyNjA5MTMxMzA0NTZfMjMwOTg%3D
R-HSA-9012999,RHO GTPase cycle,0.13299323148156228,8,460,27,91,MjAyNjA5MTMxMzA0NTZfMjMwOTg%3D
R-HSA-9837999,Mitochondrial protein degradation,0.13299323148156228,3,104,6,20,MjAyNjA5MTMxMzA0NTZfMjMwOTg%3D
R-HSA-9766229,Degradation of CDH1,0.13299323148156228,2,57,3,10,MjAyNjA5MTMxMzA0NTZfMjMwOTg%3D
R-HSA-3000480,Scavenging by Class A Receptors,0.13299323148156228,2,49,3,10,MjAyNjA5MTMxMzA0NTZfMjMwOTg%3D
R-HSA-5693571,Nonhomologous End-Joining (NHEJ),0.13299323148156228,2,56,4,13,MjAyNjA5MTMxMzA0NTZfMjMwOTg%3D
R-HSA-9938024,Somatic hypermutation of immunoglobulin genes,0.13299323148156228,4,178,9,28,MjAyNjA5MTMxMzA0NTZfMjMwOTg%3D
R-HSA-75893,TNF signaling,0.13299323148156228,2,64,19,58,MjAyNjA5MTMxMzA0NTZfMjMwOTg%3D
R-HSA-9013423,RAC3 GTPase cycle,0.13299323148156228,3,100,2,6,MjAyNjA5MTMxMzA0NTZfMjMwOTg%3D
R-HSA-5362768,Hh mutants are degraded by ERAD,0.13299323148156228,2,48,2,6,MjAyNjA5MTMxMzA0NTZfMjMwOTg%3D
R-HSA-9929491,SPOP-mediated proteasomal degradation of PD-L1(CD274),0.13299323148156228,2,48,2,6,MjAyNjA5MTMxMzA0NTZfMjMwOTg%3D
R-HSA-9604323,Negative regulation of NOTCH4 signaling,0.13299323148156228,2,47,2,6,MjAyNjA5MTMxMzA0NTZfMjMwOTg%3D
R-HSA-5607761,Dectin-1 mediated noncanonical NF-kB signaling,0.13299323148156228,2,53,2,9,MjAyNjA5MTMxMzA0NTZfMjMwOTg%3D
R-HSA-5676590,NIK-->noncanonical NF-kB signaling,0.13299323148156228,2,48,2,9,MjAyNjA5MTMxMzA0NTZfMjMwOTg%3D
R-HSA-5675221,Negative regulation of MAPK pathway,0.13299323148156228,2,49,4,17,MjAyNjA5MTMxMzA0NTZfMjMwOTg%3D
R-HSA-5358351,Signaling by Hedgehog,0.13299323148156228,4,155,20,82,MjAyNjA5MTMxMzA0NTZfMjMwOTg%3D
R-HSA-5607764,CLEC7A (Dectin-1) signaling,0.13299323148156228,3,107,11,45,MjAyNjA5MTMxMzA0NTZfMjMwOTg%3D
R-HSA-397014,Muscle contraction,0.13299323148156228,5,232,13,53,MjAyNjA5MTMxMzA0NTZfMjMwOTg%3D
R-HSA-9938027,Affinity selection of immunoglobulins,0.13299323148156228,7,406,10,40,MjAyNjA5MTMxMzA0NTZfMjMwOTg%3D
R-HSA-9938026,Immunoglobulin maturation,0.13299323148156228,7,406,10,40,MjAyNjA5MTMxMzA0NTZfMjMwOTg%3D
R-HSA-9979719,Processing of antigen in germinal center B cells,0.13299323148156228,3,102,1,4,MjAyNjA5MTMxMzA0NTZfMjMwOTg%3D
R-HSA-445355,Smooth Muscle Contraction,0.13299323148156228,2,61,4,16,MjAyNjA5MTMxMzA0NTZfMjMwOTg%3D
R-HSA-2173796,SMAD2/SMAD3:SMAD4 heterotrimer regulates transcription,0.13299323148156228,2,44,6,24,MjAyNjA5MTMxMzA0NTZfMjMwOTg%3D
R-HSA-428890,Role of ABL in ROBO-SLIT signaling,0.13299323148156228,1,10,1,4,MjAyNjA5MTMxMzA0NTZfMjMwOTg%3D
R-HSA-9609646,HCMV Infection,0.13299323148156228,5,270,8,31,MjAyNjA5MTMxMzA0NTZfMjMwOTg%3D
R-HSA-69541,Stabilization of p53,0.13299323148156228,2,46,4,15,MjAyNjA5MTMxMzA0NTZfMjMwOTg%3D
R-HSA-193648,NRAGE signals death through JNK,0.13299323148156228,2,64,2,7,MjAyNjA5MTMxMzA0NTZfMjMwOTg%3D
R-HSA-4608870,Asymmetric localization of PCP proteins,0.13299323148156228,2,53,2,7,MjAyNjA5MTMxMzA0NTZfMjMwOTg%3D
R-HSA-5621481,C-type lectin receptors (CLRs),0.13299323148156228,4,190,12,68,MjAyNjA5MTMxMzA0NTZfMjMwOTg%3D
R-HSA-3858494,Beta-catenin independent WNT signaling,0.13299323148156228,4,153,9,51,MjAyNjA5MTMxMzA0NTZfMjMwOTg%3D
R-HSA-69580,p53-Dependent G1/S DNA damage checkpoint,0.13299323148156228,2,57,4,22,MjAyNjA5MTMxMzA0NTZfMjMwOTg%3D
R-HSA-69563,p53-Dependent G1 DNA Damage Response,0.13299323148156228,2,57,4,22,MjAyNjA5MTMxMzA0NTZfMjMwOTg%3D
R-HSA-69613,p53-Independent G1/S DNA Damage Checkpoint,0.13299323148156228,2,53,2,11,MjAyNjA5MTMxMzA0NTZfMjMwOTg%3D
R-HSA-69601,Ubiquitin-Mediated Degradation of Phosphorylated Cdc25A,0.13299323148156228,2,53,2,11,MjAyNjA5MTMxMzA0NTZfMjMwOTg%3D
R-HSA-3214858,RMTs methylate histone arginines,0.13299323148156228,2,52,4,22,MjAyNjA5MTMxMzA0NTZfMjMwOTg%3D
R-HSA-112310,Neurotransmitter release cycle,0.13299323148156228,3,99,7,37,MjAyNjA5MTMxMzA0NTZfMjMwOTg%3D
R-HSA-9820448,Developmental Cell Lineages of the Exocrine Pancreas,0.13299323148156228,4,170,2,10,MjAyNjA5MTMxMzA0NTZfMjMwOTg%3D
R-HSA-1169091,Activation of NF-kappaB in B cells,0.13299323148156228,2,59,2,10,MjAyNjA5MTMxMzA0NTZfMjMwOTg%3D
R-HSA-8876493,InlA-mediated entry of Listeria monocytogenes into host cells,0.13299323148156228,1,14,1,5,MjAyNjA5MTMxMzA0NTZfMjMwOTg%3D
R-HSA-447041,CHL1 interactions,0.13299323148156228,1,10,1,5,MjAyNjA5MTMxMzA0NTZfMjMwOTg%3D
R-HSA-5336415,Uptake and function of diphtheria toxin,0.13299323148156228,1,10,1,5,MjAyNjA5MTMxMzA0NTZfMjMwOTg%3D
R-HSA-9694493,Maturation of protein E,0.13299323148156228,1,8,1,5,MjAyNjA5MTMxMzA0NTZfMjMwOTg%3D
R-HSA-9683683,Maturation of protein E,0.13299323148156228,1,8,1,5,MjAyNjA5MTMxMzA0NTZfMjMwOTg%3D
R-HSA-6811442,Intra-Golgi and retrograde Golgi-to-ER traffic,0.13299323148156228,5,219,10,48,MjAyNjA5MTMxMzA0NTZfMjMwOTg%3D
R-HSA-9637690,Response of Mtb to phagocytosis,0.13299323148156228,2,52,3,30,MjAyNjA5MTMxMzA0NTZfMjMwOTg%3D
R-HSA-9918485,Dengue Virus Attachment and Entry,0.13299323148156228,2,50,1,10,MjAyNjA5MTMxMzA0NTZfMjMwOTg%3D
R-HSA-9918476,Assembly and Release of Dengue Virus Virions,0.13299323148156228,1,13,1,9,MjAyNjA5MTMxMzA0NTZfMjMwOTg%3D
R-HSA-8849469,PTK6 Regulates RTKs and Their Effectors AKT1 and DOK1,0.13299323148156228,1,11,1,8,MjAyNjA5MTMxMzA0NTZfMjMwOTg%3D
R-HSA-8982491,Glycogen metabolism,0.13299323148156228,2,47,5,38,MjAyNjA5MTMxMzA0NTZfMjMwOTg%3D
R-HSA-5358346,Hedgehog ligand biogenesis,0.13299323148156228,2,59,2,15,MjAyNjA5MTMxMzA0NTZfMjMwOTg%3D
R-HSA-2173782,Binding and Uptake of Ligands by Scavenger Receptors,0.13299323148156228,4,172,5,35,MjAyNjA5MTMxMzA0NTZfMjMwOTg%3D
R-HSA-9010642,ROBO receptors bind AKAP5,0.13299323148156228,1,11,1,7,MjAyNjA5MTMxMzA0NTZfMjMwOTg%3D
R-HSA-8869496,TFAP2A acts as a transcriptional repressor during retinoic acid induced cell differentiation,0.13299323148156228,1,9,1,7,MjAyNjA5MTMxMzA0NTZfMjMwOTg%3D
R-HSA-157579,Telomere Maintenance,0.13299323148156228,3,108,5,34,MjAyNjA5MTMxMzA0NTZfMjMwOTg%3D
R-HSA-8939211,ESR-mediated signaling,0.13299323148156228,5,257,17,114,MjAyNjA5MTMxMzA0NTZfMjMwOTg%3D
R-HSA-446203,Asparagine N-linked glycosylation,0.13299323148156228,8,438,22,146,MjAyNjA5MTMxMzA0NTZfMjMwOTg%3D
R-HSA-9664873,Pexophagy,0.13299323148156228,1,13,2,13,MjAyNjA5MTMxMzA0NTZfMjMwOTg%3D
R-HSA-140342,Apoptosis induced DNA fragmentation,0.13299323148156228,1,13,2,12,MjAyNjA5MTMxMzA0NTZfMjMwOTg%3D
R-HSA-9637628,Modulation by Mtb of host immune system,0.13299323148156228,1,11,1,6,MjAyNjA5MTMxMzA0NTZfMjMwOTg%3D
R-HSA-9855719,Regulation of FXIIa and plasma kallikrein activity,0.13299323148156228,1,10,1,6,MjAyNjA5MTMxMzA0NTZfMjMwOTg%3D
R-HSA-5339562,Uptake and actions of bacterial toxins,0.13299323148156228,2,60,2,66,MjAyNjA5MTMxMzA0NTZfMjMwOTg%3D
R-HSA-5693567,HDR through Homologous Recombination (HRR) or Single Strand Annealing (SSA),0.13299323148156228,3,127,3,50,MjAyNjA5MTMxMzA0NTZfMjMwOTg%3D
R-HSA-9614085,FOXO-mediated transcription,0.13299323148156228,3,110,5,85,MjAyNjA5MTMxMzA0NTZfMjMwOTg%3D
R-HSA-73884,Base Excision Repair,0.13299323148156228,3,99,6,107,MjAyNjA5MTMxMzA0NTZfMjMwOTg%3D
R-HSA-1912422,Pre-NOTCH Expression and Processing,0.13299323148156228,3,125,3,47,MjAyNjA5MTMxMzA0NTZfMjMwOTg%3D
R-HSA-421270,Cell-cell junction organization,0.13299323148156228,6,300,12,169,MjAyNjA5MTMxMzA0NTZfMjMwOTg%3D
R-HSA-190236,Signaling by FGFR,0.13299323148156228,3,109,10,142,MjAyNjA5MTMxMzA0NTZfMjMwOTg%3D
R-HSA-6803157,Antimicrobial peptides,0.13299323148156228,3,123,4,58,MjAyNjA5MTMxMzA0NTZfMjMwOTg%3D
R-HSA-1912408,Pre-NOTCH Transcription and Translation,0.13299323148156228,3,100,3,37,MjAyNjA5MTMxMzA0NTZfMjMwOTg%3D
R-HSA-8875878,MET promotes cell motility,0.13299323148156228,2,45,1,12,MjAyNjA5MTMxMzA0NTZfMjMwOTg%3D
R-HSA-1251985,Nuclear signaling by ERBB4,0.13299323148156228,2,47,3,34,MjAyNjA5MTMxMzA0NTZfMjMwOTg%3D
R-HSA-9820952,Respiratory Syncytial Virus Infection Pathway,0.13299323148156228,4,154,8,101,MjAyNjA5MTMxMzA0NTZfMjMwOTg%3D
R-HSA-157118,Signaling by NOTCH,0.13299323148156228,5,260,15,165,MjAyNjA5MTMxMzA0NTZfMjMwOTg%3D
R-HSA-9828211,"Regulation of TBK1, IKKε-mediated activation of IRF3, IRF7 upon TLR3 ligation",0.13299323148156228,1,11,2,3,MjAyNjA5MTMxMzA0NTZfMjMwOTg%3D
R-HSA-2025928,Calcineurin activates NFAT,0.13299323148156228,1,12,2,3,MjAyNjA5MTMxMzA0NTZfMjMwOTg%3D
R-HSA-9932298,Degradation of CRY and PER proteins,0.13299323148156228,2,49,6,9,MjAyNjA5MTMxMzA0NTZfMjMwOTg%3D
R-HSA-9726842,Gain-of-function MRAS complexes activate RAF signaling,0.13299323148156228,1,11,1,1,MjAyNjA5MTMxMzA0NTZfMjMwOTg%3D
R-HSA-9660537,Signaling by MRAS-complex mutants,0.13299323148156228,1,11,2,2,MjAyNjA5MTMxMzA0NTZfMjMwOTg%3D
R-HSA-1489509,DAG and IP3 signaling,0.13299323148156228,2,54,18,28,MjAyNjA5MTMxMzA0NTZfMjMwOTg%3D
R-HSA-111996,Ca-dependent events,0.13299323148156228,2,50,18,27,MjAyNjA5MTMxMzA0NTZfMjMwOTg%3D
R-HSA-179419,APC:Cdc20 mediated degradation of cell cycle proteins prior to satisfation of the cell cycle checkpoint,0.13299323148156228,2,61,4,6,MjAyNjA5MTMxMzA0NTZfMjMwOTg%3D
R-HSA-174154,APC/C:Cdc20 mediated degradation of Securin,0.13299323148156228,2,55,2,3,MjAyNjA5MTMxMzA0NTZfMjMwOTg%3D
R-HSA-174184,Cdc20:Phospho-APC/C mediated degradation of Cyclin A,0.13299323148156228,2,60,2,3,MjAyNjA5MTMxMzA0NTZfMjMwOTg%3D
R-HSA-5619062,Defective SLC1A3 causes episodic ataxia 6 (EA6),0.13299323148156228,1,7,1,1,MjAyNjA5MTMxMzA0NTZfMjMwOTg%3D
R-HSA-9846298,Defective binding of VWF variant to GPIb:IX:V,0.13299323148156228,1,7,1,1,MjAyNjA5MTMxMzA0NTZfMjMwOTg%3D
R-HSA-9823587,Defects of platelet adhesion to exposed collagen,0.13299323148156228,1,8,5,5,MjAyNjA5MTMxMzA0NTZfMjMwOTg%3D
R-HSA-6802953,RAS signaling downstream of NF1 loss-of-function variants,0.13299323148156228,1,9,1,1,MjAyNjA5MTMxMzA0NTZfMjMwOTg%3D
R-HSA-9726840,SHOC2 M1731 mutant abolishes MRAS complex function,0.13299323148156228,1,10,1,1,MjAyNjA5MTMxMzA0NTZfMjMwOTg%3D
R-HSA-446107,Type I hemidesmosome assembly,0.13299323148156228,1,11,6,6,MjAyNjA5MTMxMzA0NTZfMjMwOTg%3D
R-HSA-9845620,Enhanced binding of GP1BA variant to VWF multimer:collagen ,0.13299323148156228,1,7,1,1,MjAyNjA5MTMxMzA0NTZfMjMwOTg%3D
R-HSA-9022535,Loss of phosphorylation of MECP2 at T308,0.13299323148156228,1,7,1,1,MjAyNjA5MTMxMzA0NTZfMjMwOTg%3D
R-HSA-9706377,FLT3 signaling by CBL mutants,0.13299323148156228,1,7,1,1,MjAyNjA5MTMxMzA0NTZfMjMwOTg%3D
R-HSA-9974237,Negative Regulation of DNA Double Strand Break Response,0.13299323148156228,2,44,3,3,MjAyNjA5MTMxMzA0NTZfMjMwOTg%3D
R-HSA-9700645,ALK mutants bind TKIs,0.13299323148156228,1,12,1,1,MjAyNjA5MTMxMzA0NTZfMjMwOTg%3D
R-HSA-9613354,Lipophagy,0.13299323148156228,1,12,5,5,MjAyNjA5MTMxMzA0NTZfMjMwOTg%3D
R-HSA-450520,HuR (ELAVL1) binds and stabilizes mRNA,0.13299323148156228,1,12,7,7,MjAyNjA5MTMxMzA0NTZfMjMwOTg%3D
R-HSA-451308,Activation of Ca-permeable Kainate Receptor,0.13299323148156228,1,13,2,2,MjAyNjA5MTMxMzA0NTZfMjMwOTg%3D
R-HSA-174178,APC/C:Cdh1 mediated degradation of Cdc20 and other APC/C:Cdh1 targeted proteins in late mitosis/early G1,0.13299323148156228,2,61,4,6,MjAyNjA5MTMxMzA0NTZfMjMwOTg%3D
R-HSA-5628897,TP53 Regulates Metabolic Genes,0.13494946059756585,3,128,2,34,MjAyNjA5MTMxMzA0NTZfMjMwOTg%3D
R-HSA-5358493,Synthesis of diphthamide-EEF2,0.13815071338804052,1,15,4,4,MjAyNjA5MTMxMzA0NTZfMjMwOTg%3D
R-HSA-9824878,"Regulation of TBK1, IKKε (IKBKE)-mediated activation of IRF3, IRF7 ",0.13815071338804052,1,15,2,3,MjAyNjA5MTMxMzA0NTZfMjMwOTg%3D
R-HSA-209560,NF-kB is activated and signals survival,0.13815071338804052,1,15,1,4,MjAyNjA5MTMxMzA0NTZfMjMwOTg%3D
R-HSA-418359,Reduction of cytosolic Ca++ levels,0.13815071338804052,1,15,1,3,MjAyNjA5MTMxMzA0NTZfMjMwOTg%3D
R-HSA-9013973,TICAM1-dependent activation of IRF3/IRF7,0.13815071338804052,1,15,4,15,MjAyNjA5MTMxMzA0NTZfMjMwOTg%3D
R-HSA-425561,Sodium/Calcium exchangers,0.13815071338804052,1,15,1,4,MjAyNjA5MTMxMzA0NTZfMjMwOTg%3D
R-HSA-2214320,Anchoring fibril formation,0.13815071338804052,1,15,1,4,MjAyNjA5MTMxMzA0NTZfMjMwOTg%3D
R-HSA-168330,Viral RNP Complexes in the Host Cell Nucleus,0.13815071338804052,1,15,1,3,MjAyNjA5MTMxMzA0NTZfMjMwOTg%3D
R-HSA-4420097,VEGFA-VEGFR2 Pathway,0.139457734901971,3,130,10,79,MjAyNjA5MTMxMzA0NTZfMjMwOTg%3D
R-HSA-9692916,SARS-CoV-1 activates/modulates innate immune responses,0.13969772487160315,2,66,5,32,MjAyNjA5MTMxMzA0NTZfMjMwOTg%3D
R-HSA-6782135,Dual incision in TC-NER,0.13969772487160315,2,66,7,7,MjAyNjA5MTMxMzA0NTZfMjMwOTg%3D
R-HSA-2022090,Assembly of collagen fibrils and other multimeric structures,0.14307725233282853,2,67,16,26,MjAyNjA5MTMxMzA0NTZfMjMwOTg%3D
R-HSA-5693538,Homology Directed Repair,0.14631458343289783,3,133,3,58,MjAyNjA5MTMxMzA0NTZfMjMwOTg%3D
R-HSA-1358803,Downregulation of ERBB2:ERBB3 signaling,0.14665504065669377,1,16,5,8,MjAyNjA5MTMxMzA0NTZfMjMwOTg%3D
R-HSA-2691230,Signaling by NOTCH1 HD Domain Mutants in Cancer,0.14665504065669377,1,16,2,6,MjAyNjA5MTMxMzA0NTZfMjMwOTg%3D
R-HSA-1679131,Trafficking and processing of endosomal TLR,0.14665504065669377,1,16,2,7,MjAyNjA5MTMxMzA0NTZfMjMwOTg%3D
R-HSA-975144,IRAK1 recruits IKK complex upon TLR7/8 or 9 stimulation,0.14665504065669377,1,16,1,4,MjAyNjA5MTMxMzA0NTZfMjMwOTg%3D
R-HSA-2691232,Constitutive Signaling by NOTCH1 HD Domain Mutants,0.14665504065669377,1,16,2,6,MjAyNjA5MTMxMzA0NTZfMjMwOTg%3D
R-HSA-937039,IRAK1 recruits IKK complex,0.14665504065669377,1,16,1,4,MjAyNjA5MTMxMzA0NTZfMjMwOTg%3D
R-HSA-9005895,Pervasive developmental disorders,0.14665504065669377,1,16,1,5,MjAyNjA5MTMxMzA0NTZfMjMwOTg%3D
R-HSA-209543,p75NTR recruits signalling complexes,0.14665504065669377,1,16,1,9,MjAyNjA5MTMxMzA0NTZfMjMwOTg%3D
R-HSA-8866427,VLDLR internalisation and degradation,0.14665504065669377,1,16,1,4,MjAyNjA5MTMxMzA0NTZfMjMwOTg%3D
R-HSA-9697154,Disorders of Nervous System Development,0.14665504065669377,1,16,1,5,MjAyNjA5MTMxMzA0NTZfMjMwOTg%3D
R-HSA-9005891,Loss of function of MECP2 in Rett syndrome,0.14665504065669377,1,16,1,5,MjAyNjA5MTMxMzA0NTZfMjMwOTg%3D
R-HSA-112043,PLC beta mediated events,0.14988749646109722,2,69,18,32,MjAyNjA5MTMxMzA0NTZfMjMwOTg%3D
R-HSA-8939902,Regulation of RUNX2 expression and activity,0.14988749646109722,2,69,7,29,MjAyNjA5MTMxMzA0NTZfMjMwOTg%3D
R-HSA-2500257,Resolution of Sister Chromatid Cohesion,0.1509464534909425,3,135,4,13,MjAyNjA5MTMxMzA0NTZfMjMwOTg%3D
R-HSA-73886,Chromosome Maintenance,0.1509464534909425,3,135,7,38,MjAyNjA5MTMxMzA0NTZfMjMwOTg%3D
R-HSA-176408,Regulation of APC/C activators between G1/S and early anaphase,0.15331689830177242,2,70,2,14,MjAyNjA5MTMxMzA0NTZfMjMwOTg%3D
R-HSA-9975921,Assembly of the 9+0 primary cilium,0.1547031217320778,4,209,16,50,MjAyNjA5MTMxMzA0NTZfMjMwOTg%3D
R-HSA-9796292,Formation of axial mesoderm,0.15507596729181994,1,17,3,4,MjAyNjA5MTMxMzA0NTZfMjMwOTg%3D
R-HSA-174490,Membrane binding and targetting of GAG proteins,0.15507596729181994,1,17,3,4,MjAyNjA5MTMxMzA0NTZfMjMwOTg%3D
R-HSA-2559584,Formation of Senescence-Associated Heterochromatin Foci (SAHF),0.15507596729181994,1,17,1,2,MjAyNjA5MTMxMzA0NTZfMjMwOTg%3D
R-HSA-75892,Platelet Adhesion to exposed collagen,0.15507596729181994,1,17,6,8,MjAyNjA5MTMxMzA0NTZfMjMwOTg%3D
R-HSA-170968,Frs2-mediated activation,0.15507596729181994,1,17,6,13,MjAyNjA5MTMxMzA0NTZfMjMwOTg%3D
R-HSA-2132295,MHC class II antigen presentation,0.15562497989036994,3,137,1,26,MjAyNjA5MTMxMzA0NTZfMjMwOTg%3D
R-HSA-5693532,DNA Double-Strand Break Repair,0.15655736477726623,4,210,40,124,MjAyNjA5MTMxMzA0NTZfMjMwOTg%3D
R-HSA-69615,G1/S DNA Damage Checkpoints,0.15676162869159882,2,71,6,33,MjAyNjA5MTMxMzA0NTZfMjMwOTg%3D
R-HSA-162909,Host Interactions of HIV factors,0.15798124365437705,3,138,5,54,MjAyNjA5MTMxMzA0NTZfMjMwOTg%3D
R-HSA-6785807,Interleukin-4 and Interleukin-13 signaling,0.15841996759461052,4,211,4,47,MjAyNjA5MTMxMzA0NTZfMjMwOTg%3D
R-HSA-68877,Mitotic Prometaphase,0.16029084006050054,4,212,9,25,MjAyNjA5MTMxMzA0NTZfMjMwOTg%3D
R-HSA-9851695,Epigenetic regulation of adipogenesis genes by MLL3 and MLL4 complexes,0.16034857736675812,3,139,33,37,MjAyNjA5MTMxMzA0NTZfMjMwOTg%3D
R-HSA-9818564,Epigenetic regulation of gene expression by MLL3 and MLL4 complexes,0.16034857736675812,3,139,33,40,MjAyNjA5MTMxMzA0NTZfMjMwOTg%3D
R-HSA-9841922,MLL4 and MLL3 complexes regulate expression of PPARG target genes in adipogenesis and hepatic steatosis,0.16034857736675812,3,139,33,37,MjAyNjA5MTMxMzA0NTZfMjMwOTg%3D
R-HSA-9828642,Respiratory syncytial virus genome transcription,0.1634143061286183,1,18,1,7,MjAyNjA5MTMxMzA0NTZfMjMwOTg%3D
R-HSA-975163,IRAK2 mediated activation of TAK1 complex upon TLR7/8 or 9 stimulation,0.1634143061286183,1,18,4,5,MjAyNjA5MTMxMzA0NTZfMjMwOTg%3D
R-HSA-174495,"Synthesis And Processing Of GAG, GAGPOL Polyproteins",0.1634143061286183,1,18,3,5,MjAyNjA5MTMxMzA0NTZfMjMwOTg%3D
R-HSA-205043,NRIF signals cell death from the nucleus,0.1634143061286183,1,18,3,7,MjAyNjA5MTMxMzA0NTZfMjMwOTg%3D
R-HSA-5607763,CLEC7A (Dectin-1) induces NFAT activation,0.1634143061286183,1,18,4,6,MjAyNjA5MTMxMzA0NTZfMjMwOTg%3D
R-HSA-5684264,MAP3K8 (TPL2)-dependent MAPK1/3 activation,0.1634143061286183,1,18,2,8,MjAyNjA5MTMxMzA0NTZfMjMwOTg%3D
R-HSA-9686114,Non-canonical inflammasome activation,0.1634143061286183,1,18,2,17,MjAyNjA5MTMxMzA0NTZfMjMwOTg%3D
R-HSA-8963896,HDL assembly,0.1634143061286183,1,18,1,9,MjAyNjA5MTMxMzA0NTZfMjMwOTg%3D
R-HSA-5578768,Physiological factors,0.1634143061286183,1,18,1,6,MjAyNjA5MTMxMzA0NTZfMjMwOTg%3D
R-HSA-8950505,Gene and protein expression by JAK-STAT signaling after Interleukin-12 stimulation,0.16369456682189054,2,73,2,36,MjAyNjA5MTMxMzA0NTZfMjMwOTg%3D
R-HSA-194138,Signaling by VEGF,0.1651156653305289,3,141,10,86,MjAyNjA5MTMxMzA0NTZfMjMwOTg%3D
R-HSA-9013026,RHOB GTPase cycle,0.17068140119959652,2,75,2,6,MjAyNjA5MTMxMzA0NTZfMjMwOTg%3D
R-HSA-112040,G-protein mediated events,0.17068140119959652,2,75,18,41,MjAyNjA5MTMxMzA0NTZfMjMwOTg%3D
R-HSA-9958863,SLC-mediated transport of amino acids,0.17068140119959652,2,75,7,36,MjAyNjA5MTMxMzA0NTZfMjMwOTg%3D
R-HSA-110312,Translesion synthesis by REV1,0.1716708621296742,1,19,4,5,MjAyNjA5MTMxMzA0NTZfMjMwOTg%3D
R-HSA-937072,TRAF6-mediated induction of TAK1 complex within TLR4 complex,0.1716708621296742,1,19,5,6,MjAyNjA5MTMxMzA0NTZfMjMwOTg%3D
R-HSA-8875360,InlB-mediated entry of Listeria monocytogenes into host cell,0.1716708621296742,1,19,3,8,MjAyNjA5MTMxMzA0NTZfMjMwOTg%3D
R-HSA-2173791,TGF-beta receptor signaling in EMT (epithelial to mesenchymal transition),0.1716708621296742,1,19,2,6,MjAyNjA5MTMxMzA0NTZfMjMwOTg%3D
R-HSA-193639,p75NTR signals via NF-kB,0.1716708621296742,1,19,2,13,MjAyNjA5MTMxMzA0NTZfMjMwOTg%3D
R-HSA-1295596,Spry regulation of FGF signaling,0.1716708621296742,1,19,2,11,MjAyNjA5MTMxMzA0NTZfMjMwOTg%3D
R-HSA-446353,Cell-extracellular matrix interactions,0.1716708621296742,1,19,1,10,MjAyNjA5MTMxMzA0NTZfMjMwOTg%3D
R-HSA-9933946,Formation of the embryonic stem cell BAF (esBAF) complex,0.1716708621296742,1,19,1,5,MjAyNjA5MTMxMzA0NTZfMjMwOTg%3D
R-HSA-450513,"Tristetraprolin (TTP, ZFP36) binds and destabilizes mRNA",0.1716708621296742,1,19,1,4,MjAyNjA5MTMxMzA0NTZfMjMwOTg%3D
R-HSA-168927,"TICAM1, RIP1-mediated IKK complex recruitment",0.1716708621296742,1,19,1,3,MjAyNjA5MTMxMzA0NTZfMjMwOTg%3D
R-HSA-450385,Butyrate Response Factor 1 (BRF1) binds and destabilizes mRNA,0.1716708621296742,1,19,2,6,MjAyNjA5MTMxMzA0NTZfMjMwOTg%3D
R-HSA-9918432,Maturation of DENV proteins,0.17771738997845754,2,77,3,41,MjAyNjA5MTMxMzA0NTZfMjMwOTg%3D
R-HSA-8983711,OAS antiviral response,0.17984643246061116,1,20,1,15,MjAyNjA5MTMxMzA0NTZfMjMwOTg%3D
R-HSA-9708530,Regulation of BACH1 activity,0.17984643246061116,1,20,1,8,MjAyNjA5MTMxMzA0NTZfMjMwOTg%3D
R-HSA-9706369,Negative regulation of FLT3,0.17984643246061116,1,20,1,12,MjAyNjA5MTMxMzA0NTZfMjMwOTg%3D
R-HSA-169893,Prolonged ERK activation events,0.17984643246061116,1,20,8,19,MjAyNjA5MTMxMzA0NTZfMjMwOTg%3D
R-HSA-5656121,Translesion synthesis by POLI,0.17984643246061116,1,20,3,3,MjAyNjA5MTMxMzA0NTZfMjMwOTg%3D
R-HSA-9634600,"Regulation of glycolysis by fructose 2,6-bisphosphate metabolism",0.17984643246061116,1,20,1,4,MjAyNjA5MTMxMzA0NTZfMjMwOTg%3D
R-HSA-9758274,Regulation of NF-kappa B signaling,0.17984643246061116,1,20,2,11,MjAyNjA5MTMxMzA0NTZfMjMwOTg%3D
R-HSA-195253,Degradation of beta-catenin by the destruction complex,0.18125238018501644,2,78,3,23,MjAyNjA5MTMxMzA0NTZfMjMwOTg%3D
R-HSA-69202,Cyclin E associated events during G1/S transition ,0.18125238018501644,2,78,2,20,MjAyNjA5MTMxMzA0NTZfMjMwOTg%3D
R-HSA-174143,APC/C-mediated degradation of cell cycle proteins,0.18479795449219982,2,79,16,40,MjAyNjA5MTMxMzA0NTZfMjMwOTg%3D
R-HSA-453276,Regulation of mitotic cell cycle,0.18479795449219982,2,79,16,40,MjAyNjA5MTMxMzA0NTZfMjMwOTg%3D
R-HSA-5632684,Hedgehog 'on' state,0.18479795449219982,2,79,5,37,MjAyNjA5MTMxMzA0NTZfMjMwOTg%3D
R-HSA-9856649,Transcriptional and post-translational regulation of MITF-M expression and activity,0.18479795449219982,2,79,1,37,MjAyNjA5MTMxMzA0NTZfMjMwOTg%3D
R-HSA-3134975,Regulation of innate immune responses to cytosolic DNA,0.1879418065652576,1,21,4,9,MjAyNjA5MTMxMzA0NTZfMjMwOTg%3D
R-HSA-5655862,Translesion synthesis by POLK,0.1879418065652576,1,21,3,3,MjAyNjA5MTMxMzA0NTZfMjMwOTg%3D
R-HSA-975110,TRAF6 mediated IRF7 activation in TLR7/8 or 9 signaling,0.1879418065652576,1,21,1,5,MjAyNjA5MTMxMzA0NTZfMjMwOTg%3D
R-HSA-9675151,Disorders of Developmental Biology,0.1879418065652576,1,21,1,6,MjAyNjA5MTMxMzA0NTZfMjMwOTg%3D
R-HSA-936964,"Activation of IRF3, IRF7 mediated by TBK1, IKKε (IKBKE)",0.1879418065652576,1,21,4,15,MjAyNjA5MTMxMzA0NTZfMjMwOTg%3D
R-HSA-199992,trans-Golgi Network Vesicle Budding,0.18835356532353376,2,80,5,19,MjAyNjA5MTMxMzA0NTZfMjMwOTg%3D
R-HSA-69656,Cyclin A:Cdk2-associated events at S phase entry,0.18835356532353376,2,80,2,19,MjAyNjA5MTMxMzA0NTZfMjMwOTg%3D
R-HSA-4839726,Chromatin organization,0.1903613557424626,6,389,32,150,MjAyNjA5MTMxMzA0NTZfMjMwOTg%3D
R-HSA-69052,Switching of origins to a post-replicative state,0.19191867474359237,2,81,4,10,MjAyNjA5MTMxMzA0NTZfMjMwOTg%3D
R-HSA-9924644,Developmental Lineages of the Mammary Gland,0.19191867474359237,2,81,7,8,MjAyNjA5MTMxMzA0NTZfMjMwOTg%3D
R-HSA-9018519,Estrogen-dependent gene expression,0.19454385169073152,3,153,14,66,MjAyNjA5MTMxMzA0NTZfMjMwOTg%3D
R-HSA-9013694,Signaling by NOTCH4,0.19549275432311886,2,82,2,20,MjAyNjA5MTMxMzA0NTZfMjMwOTg%3D
R-HSA-4641263,Regulation of FZD by ubiquitination,0.19595776623985905,1,22,3,6,MjAyNjA5MTMxMzA0NTZfMjMwOTg%3D
R-HSA-3229121,Glycogen storage diseases,0.19595776623985905,1,22,1,10,MjAyNjA5MTMxMzA0NTZfMjMwOTg%3D
R-HSA-9909505,Modulation of host responses by IFN-stimulated genes,0.19595776623985905,1,22,1,6,MjAyNjA5MTMxMzA0NTZfMjMwOTg%3D
R-HSA-5210891,Uptake and function of anthrax toxins,0.19595776623985905,1,22,1,20,MjAyNjA5MTMxMzA0NTZfMjMwOTg%3D
R-HSA-71387,Metabolism of carbohydrates and carbohydrate derivatives,0.19627356074798508,7,477,14,244,MjAyNjA5MTMxMzA0NTZfMjMwOTg%3D
R-HSA-8980692,RHOA GTPase cycle,0.19705380927394445,3,154,2,6,MjAyNjA5MTMxMzA0NTZfMjMwOTg%3D
R-HSA-917937,Iron uptake and transport,0.1990752850059052,2,83,7,33,MjAyNjA5MTMxMzA0NTZfMjMwOTg%3D
R-HSA-6781827,Transcription-Coupled Nucleotide Excision Repair (TC-NER),0.1990752850059052,2,83,13,17,MjAyNjA5MTMxMzA0NTZfMjMwOTg%3D
R-HSA-381119,Unfolded Protein Response (UPR),0.20209745616137254,3,156,7,99,MjAyNjA5MTMxMzA0NTZfMjMwOTg%3D
R-HSA-9020591,Interleukin-12 signaling,0.20266575697724998,2,84,2,56,MjAyNjA5MTMxMzA0NTZfMjMwOTg%3D
R-HSA-73980,RNA Polymerase III Transcription Termination,0.20389508570679937,1,23,1,2,MjAyNjA5MTMxMzA0NTZfMjMwOTg%3D
R-HSA-164378,PKA activation in glucagon signalling,0.20389508570679937,1,23,1,2,MjAyNjA5MTMxMzA0NTZfMjMwOTg%3D
R-HSA-181429,Serotonin Neurotransmitter Release Cycle,0.20389508570679937,1,23,2,4,MjAyNjA5MTMxMzA0NTZfMjMwOTg%3D
R-HSA-6804760,Regulation of TP53 Activity through Methylation,0.20389508570679937,1,23,1,12,MjAyNjA5MTMxMzA0NTZfMjMwOTg%3D
R-HSA-9013148,CDC42 GTPase cycle,0.20971945059579178,3,159,2,6,MjAyNjA5MTMxMzA0NTZfMjMwOTg%3D
R-HSA-5619084,ABC transporter disorders,0.20986853095717917,2,86,3,23,MjAyNjA5MTMxMzA0NTZfMjMwOTg%3D
R-HSA-110320,Translesion Synthesis by POLH,0.21175453168747138,1,24,7,8,MjAyNjA5MTMxMzA0NTZfMjMwOTg%3D
R-HSA-2243919,Crosslinking of collagen fibrils,0.21175453168747138,1,24,11,13,MjAyNjA5MTMxMzA0NTZfMjMwOTg%3D
R-HSA-174048,APC/C:Cdc20 mediated degradation of Cyclin B,0.21175453168747138,1,24,2,3,MjAyNjA5MTMxMzA0NTZfMjMwOTg%3D
R-HSA-9013418,RHOBTB2 GTPase cycle,0.21175453168747138,1,24,1,2,MjAyNjA5MTMxMzA0NTZfMjMwOTg%3D
R-HSA-912631,Regulation of signaling by CBL,0.21175453168747138,1,24,1,7,MjAyNjA5MTMxMzA0NTZfMjMwOTg%3D
R-HSA-937041,IKK complex recruitment mediated by RIP1,0.21175453168747138,1,24,1,3,MjAyNjA5MTMxMzA0NTZfMjMwOTg%3D
R-HSA-9968297,Somatic hypermutation of immunoglobulin genes by error-prone base excision repair (BER),0.21175453168747138,1,24,5,6,MjAyNjA5MTMxMzA0NTZfMjMwOTg%3D
R-HSA-8856828,Clathrin-mediated endocytosis,0.21483630116826824,3,161,17,35,MjAyNjA5MTMxMzA0NTZfMjMwOTg%3D
R-HSA-9856530,High laminar flow shear stress activates signaling by PIEZO1 and PECAM1:CDH5:KDR in endothelial cells,0.21709717768308356,2,88,6,31,MjAyNjA5MTMxMzA0NTZfMjMwOTg%3D
R-HSA-9629569,Protein hydroxylation,0.21953686347445212,1,25,1,10,MjAyNjA5MTMxMzA0NTZfMjMwOTg%3D
R-HSA-9934037,Formation of neuronal progenitor and neuronal BAF (npBAF and nBAF),0.21953686347445212,1,25,2,2,MjAyNjA5MTMxMzA0NTZfMjMwOTg%3D
R-HSA-3000471,Scavenging by Class B Receptors,0.21953686347445212,1,25,1,7,MjAyNjA5MTMxMzA0NTZfMjMwOTg%3D
R-HSA-3322077,Glycogen synthesis,0.21953686347445212,1,25,2,22,MjAyNjA5MTMxMzA0NTZfMjMwOTg%3D
R-HSA-445144,Signal transduction by L1,0.21953686347445212,1,25,1,11,MjAyNjA5MTMxMzA0NTZfMjMwOTg%3D
R-HSA-6807004,Negative regulation of MET activity,0.21953686347445212,1,25,3,12,MjAyNjA5MTMxMzA0NTZfMjMwOTg%3D
R-HSA-2151201,Transcriptional activation of mitochondrial biogenesis,0.22072002333322427,2,89,2,32,MjAyNjA5MTMxMzA0NTZfMjMwOTg%3D
R-HSA-9931295,PD-L1(CD274) glycosylation and translocation to plasma membrane,0.22724283300312786,1,26,1,7,MjAyNjA5MTMxMzA0NTZfMjMwOTg%3D
R-HSA-5637815,Signaling by Ligand-Responsive EGFR Variants in Cancer,0.22724283300312786,1,26,1,23,MjAyNjA5MTMxMzA0NTZfMjMwOTg%3D
R-HSA-2979096,NOTCH2 Activation and Transmission of Signal to the Nucleus,0.22724283300312786,1,26,2,13,MjAyNjA5MTMxMzA0NTZfMjMwOTg%3D
R-HSA-450321,JNK (c-Jun kinases) phosphorylation and  activation mediated by activated human TAK1,0.22724283300312786,1,26,1,3,MjAyNjA5MTMxMzA0NTZfMjMwOTg%3D
R-HSA-179409,APC-Cdc20 mediated degradation of Nek2A,0.22724283300312786,1,26,2,3,MjAyNjA5MTMxMzA0NTZfMjMwOTg%3D
R-HSA-9819196,Zygotic genome activation (ZGA),0.22724283300312786,1,26,2,17,MjAyNjA5MTMxMzA0NTZfMjMwOTg%3D
R-HSA-1236382,Constitutive Signaling by Ligand-Responsive EGFR Cancer Variants,0.22724283300312786,1,26,1,23,MjAyNjA5MTMxMzA0NTZfMjMwOTg%3D
R-HSA-210991,Basigin interactions,0.22724283300312786,1,26,1,10,MjAyNjA5MTMxMzA0NTZfMjMwOTg%3D
R-HSA-5668541,TNFR2 non-canonical NF-kB pathway,0.22798047391042808,2,91,7,44,MjAyNjA5MTMxMzA0NTZfMjMwOTg%3D
R-HSA-73894,DNA Repair,0.22905612330538982,6,414,105,350,MjAyNjA5MTMxMzA0NTZfMjMwOTg%3D
R-HSA-2565942,Regulation of PLK1 Activity at G2/M Transition,0.23161718974696754,2,92,5,12,MjAyNjA5MTMxMzA0NTZfMjMwOTg%3D
R-HSA-9755088,Ribavirin ADME,0.23487318492242404,1,27,1,12,MjAyNjA5MTMxMzA0NTZfMjMwOTg%3D
R-HSA-5696397,Gap-filling DNA repair synthesis and ligation in GG-NER,0.23487318492242404,1,27,2,2,MjAyNjA5MTMxMzA0NTZfMjMwOTg%3D
R-HSA-442982,Ras activation upon Ca2+ influx through NMDA receptor,0.23487318492242404,1,27,2,2,MjAyNjA5MTMxMzA0NTZfMjMwOTg%3D
R-HSA-438066,"Unblocking of NMDA receptors, glutamate binding and activation",0.23487318492242404,1,27,1,5,MjAyNjA5MTMxMzA0NTZfMjMwOTg%3D
R-HSA-175474,Assembly Of The HIV Virion,0.23487318492242404,1,27,4,16,MjAyNjA5MTMxMzA0NTZfMjMwOTg%3D
R-HSA-9968295,Somatic hypermutation of immunoglobulin genes by error-prone mismatch repair (MMR),0.23487318492242404,1,27,2,8,MjAyNjA5MTMxMzA0NTZfMjMwOTg%3D
R-HSA-9636383,Prevention of phagosomal-lysosomal fusion,0.23487318492242404,1,27,2,11,MjAyNjA5MTMxMzA0NTZfMjMwOTg%3D
R-HSA-8876384,Listeria monocytogenes entry into host cells,0.23487318492242404,1,27,4,13,MjAyNjA5MTMxMzA0NTZfMjMwOTg%3D
R-HSA-9617324,Negative regulation of NMDA receptor-mediated neuronal transmission,0.23487318492242404,1,27,4,4,MjAyNjA5MTMxMzA0NTZfMjMwOTg%3D
R-HSA-450302,activated TAK1 mediates p38 MAPK activation,0.23487318492242404,1,27,1,5,MjAyNjA5MTMxMzA0NTZfMjMwOTg%3D
R-HSA-9909615,Regulation of PD-L1(CD274) Post-translational modification,0.23890144094443477,2,94,9,25,MjAyNjA5MTMxMzA0NTZfMjMwOTg%3D
R-HSA-9917777,Epigenetic regulation by WDR5-containing histone modifying complexes,0.24079240165972093,3,171,33,67,MjAyNjA5MTMxMzA0NTZfMjMwOTg%3D
R-HSA-2173788,Downregulation of TGF-beta receptor signaling,0.24242865666506686,1,28,8,28,MjAyNjA5MTMxMzA0NTZfMjMwOTg%3D
R-HSA-166208,mTORC1-mediated signalling,0.24242865666506686,1,28,1,8,MjAyNjA5MTMxMzA0NTZfMjMwOTg%3D
R-HSA-9013507,NOTCH3 Activation and Transmission of Signal to the Nucleus,0.24242865666506686,1,28,2,15,MjAyNjA5MTMxMzA0NTZfMjMwOTg%3D
R-HSA-212676,Dopamine Neurotransmitter Release Cycle,0.24242865666506686,1,28,2,5,MjAyNjA5MTMxMzA0NTZfMjMwOTg%3D
R-HSA-6804115,TP53 regulates transcription of additional cell cycle genes whose exact role in the p53 pathway remain uncertain,0.24242865666506686,1,28,1,14,MjAyNjA5MTMxMzA0NTZfMjMwOTg%3D
R-HSA-163841,"Gamma carboxylation, hypusinylation, hydroxylation, and arylsulfatase activation",0.24254813565234956,2,95,5,50,MjAyNjA5MTMxMzA0NTZfMjMwOTg%3D
R-HSA-447115,Interleukin-12 family signaling,0.24619732905185232,2,96,2,114,MjAyNjA5MTMxMzA0NTZfMjMwOTg%3D
R-HSA-390466,Chaperonin-mediated protein folding,0.24619732905185232,2,96,4,19,MjAyNjA5MTMxMzA0NTZfMjMwOTg%3D
R-HSA-5617833,Cilium Assembly,0.24939119307601798,4,256,16,83,MjAyNjA5MTMxMzA0NTZfMjMwOTg%3D
R-HSA-9958810,"SRC activates STAT3 in a quantitative manner, through Cadherin-11 (CDH11), RAC1 and gp130 (IL6ST)",0.2499099785170339,1,29,1,9,MjAyNjA5MTMxMzA0NTZfMjMwOTg%3D
R-HSA-389957,Prefoldin mediated transfer of substrate  to CCT/TriC,0.2499099785170339,1,29,2,2,MjAyNjA5MTMxMzA0NTZfMjMwOTg%3D
R-HSA-202733,Cell surface interactions at the vascular wall,0.2515380867362059,4,257,4,65,MjAyNjA5MTMxMzA0NTZfMjMwOTg%3D
R-HSA-983705,Signaling by the B Cell Receptor (BCR),0.25396538881588593,3,176,5,45,MjAyNjA5MTMxMzA0NTZfMjMwOTg%3D
R-HSA-202424,Downstream TCR signaling,0.25715592998936665,2,99,4,24,MjAyNjA5MTMxMzA0NTZfMjMwOTg%3D
R-HSA-110314,Recognition of DNA damage by PCNA-containing replication complex,0.25731787368634174,1,30,3,6,MjAyNjA5MTMxMzA0NTZfMjMwOTg%3D
R-HSA-5621575,CD209 (DC-SIGN) signaling,0.25731787368634174,1,30,1,11,MjAyNjA5MTMxMzA0NTZfMjMwOTg%3D
R-HSA-8963898,Plasma lipoprotein assembly,0.25731787368634174,1,30,1,19,MjAyNjA5MTMxMzA0NTZfMjMwOTg%3D
R-HSA-429947,Deadenylation of mRNA,0.25731787368634174,1,30,1,4,MjAyNjA5MTMxMzA0NTZfMjMwOTg%3D
R-HSA-381070,IRE1alpha activates chaperones,0.2644670069984798,2,101,2,53,MjAyNjA5MTMxMzA0NTZfMjMwOTg%3D
R-HSA-9620244,Long-term potentiation,0.2646530583713099,1,31,6,7,MjAyNjA5MTMxMzA0NTZfMjMwOTg%3D
R-HSA-70221,Glycogen breakdown (glycogenolysis),0.2646530583713099,1,31,3,16,MjAyNjA5MTMxMzA0NTZfMjMwOTg%3D
R-HSA-391251,Protein folding,0.26812303440546115,2,102,13,28,MjAyNjA5MTMxMzA0NTZfMjMwOTg%3D
R-HSA-174824,"Plasma lipoprotein assembly, remodeling, and clearance",0.26812303440546115,2,102,2,86,MjAyNjA5MTMxMzA0NTZfMjMwOTg%3D
R-HSA-9638630,Attachment of bacteria to epithelial cells,0.2719162418279697,1,32,2,7,MjAyNjA5MTMxMzA0NTZfMjMwOTg%3D
R-HSA-901032,ER Quality Control Compartment (ERQC),0.2719162418279697,1,32,2,8,MjAyNjA5MTMxMzA0NTZfMjMwOTg%3D
R-HSA-2122948,Activated NOTCH1 Transmits Signal to the Nucleus,0.2719162418279697,1,32,5,21,MjAyNjA5MTMxMzA0NTZfMjMwOTg%3D
R-HSA-9932451,SWI/SNF chromatin remodelers,0.2719162418279697,1,32,3,21,MjAyNjA5MTMxMzA0NTZfMjMwOTg%3D
R-HSA-1643713,Signaling by EGFR in Cancer,0.2719162418279697,1,32,1,42,MjAyNjA5MTMxMzA0NTZfMjMwOTg%3D
R-HSA-210500,Glutamate Neurotransmitter Release Cycle,0.2719162418279697,1,32,1,8,MjAyNjA5MTMxMzA0NTZfMjMwOTg%3D
R-HSA-5619115,Disorders of transmembrane transporters,0.2732114978664142,4,267,5,87,MjAyNjA5MTMxMzA0NTZfMjMwOTg%3D
R-HSA-1474290,Collagen formation,0.2754342813249103,2,104,37,77,MjAyNjA5MTMxMzA0NTZfMjMwOTg%3D
R-HSA-168928,DDX58/IFIH1-mediated induction of interferon-alpha/beta,0.2790888073018033,2,105,6,53,MjAyNjA5MTMxMzA0NTZfMjMwOTg%3D
R-HSA-5218921,VEGFR2 mediated cell proliferation,0.2791081264370284,1,33,1,12,MjAyNjA5MTMxMzA0NTZfMjMwOTg%3D
R-HSA-9637687,Suppression of phagosomal maturation,0.2791081264370284,1,33,2,17,MjAyNjA5MTMxMzA0NTZfMjMwOTg%3D
R-HSA-167238,Pausing and recovery of Tat-mediated HIV elongation,0.2791081264370284,1,33,2,2,MjAyNjA5MTMxMzA0NTZfMjMwOTg%3D
R-HSA-167243,Tat-mediated HIV elongation arrest and recovery,0.2791081264370284,1,33,3,3,MjAyNjA5MTMxMzA0NTZfMjMwOTg%3D
R-HSA-5357956,TNFR1-induced NF-kappa-B signaling pathway,0.2791081264370284,1,33,1,5,MjAyNjA5MTMxMzA0NTZfMjMwOTg%3D
R-HSA-8866652,Synthesis of active ubiquitin: roles of E1 and E2 enzymes,0.2791081264370284,1,33,13,16,MjAyNjA5MTMxMzA0NTZfMjMwOTg%3D
R-HSA-167290,Pausing and recovery of HIV elongation,0.2862294077700591,1,34,2,2,MjAyNjA5MTMxMzA0NTZfMjMwOTg%3D
R-HSA-5205685,PINK1-PRKN Mediated Mitophagy,0.2862294077700591,1,34,1,16,MjAyNjA5MTMxMzA0NTZfMjMwOTg%3D
R-HSA-5654732,Negative regulation of FGFR3 signaling,0.2862294077700591,1,34,3,14,MjAyNjA5MTMxMzA0NTZfMjMwOTg%3D
R-HSA-167287,HIV elongation arrest and recovery,0.2862294077700591,1,34,3,3,MjAyNjA5MTMxMzA0NTZfMjMwOTg%3D
R-HSA-451326,Activation of kainate receptors upon glutamate binding,0.2862294077700591,1,34,2,6,MjAyNjA5MTMxMzA0NTZfMjMwOTg%3D
R-HSA-1428517,Aerobic respiration and respiratory electron transport,0.28814429096004934,5,361,7,117,MjAyNjA5MTMxMzA0NTZfMjMwOTg%3D
R-HSA-170834,Signaling by TGF-beta Receptor Complex,0.29004397552843386,2,108,25,100,MjAyNjA5MTMxMzA0NTZfMjMwOTg%3D
R-HSA-5656169,Termination of translesion DNA synthesis,0.2932807746550592,1,35,6,9,MjAyNjA5MTMxMzA0NTZfMjMwOTg%3D
R-HSA-5654733,Negative regulation of FGFR4 signaling,0.2932807746550592,1,35,3,14,MjAyNjA5MTMxMzA0NTZfMjMwOTg%3D
R-HSA-418360,Platelet calcium homeostasis,0.2932807746550592,1,35,1,8,MjAyNjA5MTMxMzA0NTZfMjMwOTg%3D
R-HSA-917729,Endosomal Sorting Complex Required For Transport (ESCRT),0.2932807746550592,1,35,4,4,MjAyNjA5MTMxMzA0NTZfMjMwOTg%3D
R-HSA-9013149,RAC1 GTPase cycle,0.29401283843410586,3,191,2,6,MjAyNjA5MTMxMzA0NTZfMjMwOTg%3D
R-HSA-3214847,HATs acetylate histones,0.2973371943159173,2,110,4,15,MjAyNjA5MTMxMzA0NTZfMjMwOTg%3D
R-HSA-888590,"GABA synthesis, release, reuptake and degradation",0.30026290924150867,1,36,2,10,MjAyNjA5MTMxMzA0NTZfMjMwOTg%3D
R-HSA-8863795,Downregulation of ERBB2 signaling,0.30026290924150867,1,36,7,14,MjAyNjA5MTMxMzA0NTZfMjMwOTg%3D
R-HSA-9927432,Developmental Lineage of Mammary Gland Myoepithelial Cells,0.30026290924150867,1,36,2,2,MjAyNjA5MTMxMzA0NTZfMjMwOTg%3D
R-HSA-382556,ABC-family protein mediated transport,0.30097980365709764,2,111,3,27,MjAyNjA5MTMxMzA0NTZfMjMwOTg%3D
R-HSA-9009391,Extra-nuclear estrogen signaling,0.3046193466133661,2,112,3,39,MjAyNjA5MTMxMzA0NTZfMjMwOTg%3D
R-HSA-9020702,Interleukin-1 signaling,0.3046193466133661,2,112,12,59,MjAyNjA5MTMxMzA0NTZfMjMwOTg%3D
R-HSA-9820960,Respiratory syncytial virus (RSV) attachment and entry,0.30717648706461465,1,37,4,7,MjAyNjA5MTMxMzA0NTZfMjMwOTg%3D
R-HSA-182971,EGFR downregulation,0.30717648706461465,1,37,6,22,MjAyNjA5MTMxMzA0NTZfMjMwOTg%3D
R-HSA-2129379,Molecules associated with elastic fibres,0.30717648706461465,1,37,1,10,MjAyNjA5MTMxMzA0NTZfMjMwOTg%3D
R-HSA-9913351,Formation of the dystrophin-glycoprotein complex (DGC),0.30717648706461465,1,37,2,11,MjAyNjA5MTMxMzA0NTZfMjMwOTg%3D
R-HSA-1474151,"Tetrahydrobiopterin (BH4) synthesis, recycling, salvage and regulation",0.30717648706461465,1,37,2,16,MjAyNjA5MTMxMzA0NTZfMjMwOTg%3D
R-HSA-162588,Budding and maturation of HIV virion,0.30717648706461465,1,37,2,4,MjAyNjA5MTMxMzA0NTZfMjMwOTg%3D
R-HSA-449147,Signaling by Interleukins,0.31087158888492383,8,646,21,505,MjAyNjA5MTMxMzA0NTZfMjMwOTg%3D
R-HSA-5576892,Phase 0 - rapid depolarisation,0.3140221771091304,1,38,1,2,MjAyNjA5MTMxMzA0NTZfMjMwOTg%3D
R-HSA-350562,Regulation of ornithine decarboxylase (ODC),0.3140221771091304,1,38,1,3,MjAyNjA5MTMxMzA0NTZfMjMwOTg%3D
R-HSA-111885,Opioid Signalling,0.31551668554897283,2,115,22,59,MjAyNjA5MTMxMzA0NTZfMjMwOTg%3D
R-HSA-8856825,Cargo recognition for clathrin-mediated endocytosis,0.31551668554897283,2,115,2,15,MjAyNjA5MTMxMzA0NTZfMjMwOTg%3D
R-HSA-9833110,RSV-host interactions,0.31914110091630654,2,116,3,27,MjAyNjA5MTMxMzA0NTZfMjMwOTg%3D
R-HSA-159227,Transport of the SLBP independent Mature mRNA,0.32080064187243773,1,39,3,3,MjAyNjA5MTMxMzA0NTZfMjMwOTg%3D
R-HSA-5675482,Regulation of necroptotic cell death,0.32080064187243773,1,39,7,21,MjAyNjA5MTMxMzA0NTZfMjMwOTg%3D
R-HSA-442742,CREB1 phosphorylation through NMDA receptor-mediated activation of RAS signaling,0.32080064187243773,1,39,2,7,MjAyNjA5MTMxMzA0NTZfMjMwOTg%3D
R-HSA-9022692,Regulation of MECP2 expression and activity,0.32080064187243773,1,39,3,14,MjAyNjA5MTMxMzA0NTZfMjMwOTg%3D
R-HSA-5654726,Negative regulation of FGFR1 signaling,0.32080064187243773,1,39,3,15,MjAyNjA5MTMxMzA0NTZfMjMwOTg%3D
R-HSA-1839124,FGFR1 mutant receptor activation,0.32080064187243773,1,39,2,25,MjAyNjA5MTMxMzA0NTZfMjMwOTg%3D
R-HSA-5696398,Nucleotide Excision Repair,0.3227610481433406,2,117,27,37,MjAyNjA5MTMxMzA0NTZfMjMwOTg%3D
R-HSA-159230,Transport of the SLBP Dependant Mature mRNA,0.3275125374270259,1,40,3,3,MjAyNjA5MTMxMzA0NTZfMjMwOTg%3D
R-HSA-5696394,DNA Damage Recognition in GG-NER,0.3275125374270259,1,40,3,5,MjAyNjA5MTMxMzA0NTZfMjMwOTg%3D
R-HSA-1855204,Synthesis of IP3 and IP4 in the cytosol,0.3275125374270259,1,40,1,12,MjAyNjA5MTMxMzA0NTZfMjMwOTg%3D
R-HSA-9920588,Dengue virus activates/modulates innate and adaptive immune responses,0.3275125374270259,1,40,1,23,MjAyNjA5MTMxMzA0NTZfMjMwOTg%3D
R-HSA-983170,"Antigen Presentation: Folding, assembly and peptide loading of class I MHC",0.3275125374270259,1,40,3,16,MjAyNjA5MTMxMzA0NTZfMjMwOTg%3D
R-HSA-163359,Glucagon signaling in metabolic regulation,0.3275125374270259,1,40,1,6,MjAyNjA5MTMxMzA0NTZfMjMwOTg%3D
R-HSA-901042,Calnexin/calreticulin cycle,0.3275125374270259,1,40,2,12,MjAyNjA5MTMxMzA0NTZfMjMwOTg%3D
R-HSA-69239,Synthesis of DNA,0.3299864913651812,2,119,4,27,MjAyNjA5MTMxMzA0NTZfMjMwOTg%3D
R-HSA-9006931,Signaling by Nuclear Receptors,0.33058167200648925,5,383,17,195,MjAyNjA5MTMxMzA0NTZfMjMwOTg%3D
R-HSA-2672351,Stimuli-sensing channels,0.3335914777588844,2,120,2,33,MjAyNjA5MTMxMzA0NTZfMjMwOTg%3D
R-HSA-168638,NOD1/2 Signaling Pathway,0.33415851348249526,1,41,5,18,MjAyNjA5MTMxMzA0NTZfMjMwOTg%3D
R-HSA-5654727,Negative regulation of FGFR2 signaling,0.33415851348249526,1,41,3,14,MjAyNjA5MTMxMzA0NTZfMjMwOTg%3D
R-HSA-2393930,Phosphate bond hydrolysis by NUDT proteins,0.33415851348249526,1,41,1,17,MjAyNjA5MTMxMzA0NTZfMjMwOTg%3D
R-HSA-9927426,Developmental Lineage of Mammary Gland Alveolar Cells,0.33415851348249526,1,41,2,2,MjAyNjA5MTMxMzA0NTZfMjMwOTg%3D
R-HSA-1980145,Signaling by NOTCH2,0.33415851348249526,1,41,2,22,MjAyNjA5MTMxMzA0NTZfMjMwOTg%3D
R-HSA-9680350,Signaling by CSF1 (M-CSF) in myeloid cells,0.33415851348249526,1,41,1,14,MjAyNjA5MTMxMzA0NTZfMjMwOTg%3D
R-HSA-5696400,Dual Incision in GG-NER,0.33415851348249526,1,41,2,3,MjAyNjA5MTMxMzA0NTZfMjMwOTg%3D
R-HSA-5205647,Mitophagy,0.33415851348249526,1,41,1,23,MjAyNjA5MTMxMzA0NTZfMjMwOTg%3D
R-HSA-5663213,RHO GTPases Activate WASPs and WAVEs,0.33415851348249526,1,41,4,10,MjAyNjA5MTMxMzA0NTZfMjMwOTg%3D
R-HSA-187687,Signalling to ERKs,0.3407392134467837,1,42,8,32,MjAyNjA5MTMxMzA0NTZfMjMwOTg%3D
R-HSA-203615,eNOS activation,0.3407392134467837,1,42,9,19,MjAyNjA5MTMxMzA0NTZfMjMwOTg%3D
R-HSA-917977,Transferrin endocytosis and recycling,0.3407392134467837,1,42,6,11,MjAyNjA5MTMxMzA0NTZfMjMwOTg%3D
R-HSA-381042,PERK regulates gene expression,0.3407392134467837,1,42,1,11,MjAyNjA5MTMxMzA0NTZfMjMwOTg%3D
R-HSA-2559585,Oncogene Induced Senescence,0.3407392134467837,1,42,1,19,MjAyNjA5MTMxMzA0NTZfMjMwOTg%3D
R-HSA-202403,TCR signaling,0.34078474666128433,2,122,4,52,MjAyNjA5MTMxMzA0NTZfMjMwOTg%3D
R-HSA-6804757,Regulation of TP53 Degradation,0.34725527448698856,1,43,7,30,MjAyNjA5MTMxMzA0NTZfMjMwOTg%3D
R-HSA-9696273,RND1 GTPase cycle,0.34725527448698856,1,43,1,2,MjAyNjA5MTMxMzA0NTZfMjMwOTg%3D
R-HSA-163560,Triglyceride catabolism,0.34725527448698856,1,43,2,17,MjAyNjA5MTMxMzA0NTZfMjMwOTg%3D
R-HSA-114604,GPVI-mediated activation cascade,0.34725527448698856,1,43,5,25,MjAyNjA5MTMxMzA0NTZfMjMwOTg%3D
R-HSA-9682385,FLT3 signaling in disease,0.34725527448698856,1,43,1,52,MjAyNjA5MTMxMzA0NTZfMjMwOTg%3D
R-HSA-432720,Lysosome Vesicle Biogenesis,0.34725527448698856,1,43,1,8,MjAyNjA5MTMxMzA0NTZfMjMwOTg%3D
R-HSA-74158,RNA Polymerase III Transcription,0.34725527448698856,1,43,1,25,MjAyNjA5MTMxMzA0NTZfMjMwOTg%3D
R-HSA-3371511,HSF1 activation,0.34725527448698856,1,43,1,7,MjAyNjA5MTMxMzA0NTZfMjMwOTg%3D
R-HSA-8853659,RET signaling,0.34725527448698856,1,43,1,24,MjAyNjA5MTMxMzA0NTZfMjMwOTg%3D
R-HSA-749476,RNA Polymerase III Abortive And Retractive Initiation,0.34725527448698856,1,43,1,13,MjAyNjA5MTMxMzA0NTZfMjMwOTg%3D
R-HSA-3700989,Transcriptional Regulation by TP53,0.3528366579507537,6,487,15,258,MjAyNjA5MTMxMzA0NTZfMjMwOTg%3D
R-HSA-9696270,RND2 GTPase cycle,0.3537073275894852,1,44,1,2,MjAyNjA5MTMxMzA0NTZfMjMwOTg%3D
R-HSA-3899300,SUMOylation of transcription cofactors,0.3537073275894852,1,44,1,27,MjAyNjA5MTMxMzA0NTZfMjMwOTg%3D
R-HSA-8948216,Collagen chain trimerization,0.3537073275894852,1,44,1,28,MjAyNjA5MTMxMzA0NTZfMjMwOTg%3D
R-HSA-5689896,Ovarian tumor domain proteases,0.3537073275894852,1,44,7,14,MjAyNjA5MTMxMzA0NTZfMjMwOTg%3D
R-HSA-419037,NCAM1 interactions,0.3537073275894852,1,44,10,10,MjAyNjA5MTMxMzA0NTZfMjMwOTg%3D
R-HSA-1566948,Elastic fibre formation,0.36009599761947164,1,45,1,17,MjAyNjA5MTMxMzA0NTZfMjMwOTg%3D
R-HSA-9931953,Biofilm formation,0.36009599761947164,1,45,2,11,MjAyNjA5MTMxMzA0NTZfMjMwOTg%3D
R-HSA-5213460,RIPK1-mediated regulated necrosis,0.36009599761947164,1,45,7,29,MjAyNjA5MTMxMzA0NTZfMjMwOTg%3D
R-HSA-8964043,Plasma lipoprotein clearance,0.36642190338005876,1,46,1,36,MjAyNjA5MTMxMzA0NTZfMjMwOTg%3D
R-HSA-202131,Metabolism of nitric oxide: NOS3 activation and regulation,0.36642190338005876,1,46,9,25,MjAyNjA5MTMxMzA0NTZfMjMwOTg%3D
R-HSA-1236978,Cross-presentation of soluble exogenous antigens (endosomes),0.36642190338005876,1,46,1,7,MjAyNjA5MTMxMzA0NTZfMjMwOTg%3D
R-HSA-6806003,Regulation of TP53 Expression and Degradation,0.36642190338005876,1,46,7,35,MjAyNjA5MTMxMzA0NTZfMjMwOTg%3D
R-HSA-159231,Transport of Mature mRNA Derived from an Intronless Transcript,0.36642190338005876,1,46,3,3,MjAyNjA5MTMxMzA0NTZfMjMwOTg%3D
R-HSA-3769402,Deactivation of the beta-catenin transactivating complex,0.36642190338005876,1,46,1,14,MjAyNjA5MTMxMzA0NTZfMjMwOTg%3D
R-HSA-167200,Formation of HIV-1 elongation complex containing HIV-1 Tat,0.36642190338005876,1,46,1,5,MjAyNjA5MTMxMzA0NTZfMjMwOTg%3D
R-HSA-9820965,"Respiratory syncytial virus (RSV) genome replication, transcription and translation",0.36642190338005876,1,46,1,65,MjAyNjA5MTMxMzA0NTZfMjMwOTg%3D
R-HSA-167246,Tat-mediated elongation of the HIV-1 transcript,0.37268565767062045,1,47,4,8,MjAyNjA5MTMxMzA0NTZfMjMwOTg%3D
R-HSA-167152,Formation of HIV elongation complex in the absence of HIV Tat,0.37268565767062045,1,47,1,2,MjAyNjA5MTMxMzA0NTZfMjMwOTg%3D
R-HSA-167169,HIV Transcription Elongation,0.37268565767062045,1,47,4,15,MjAyNjA5MTMxMzA0NTZfMjMwOTg%3D
R-HSA-5696395,Formation of Incision Complex in GG-NER,0.37268565767062045,1,47,7,10,MjAyNjA5MTMxMzA0NTZfMjMwOTg%3D
R-HSA-159234,Transport of Mature mRNAs Derived from Intronless Transcripts,0.37268565767062045,1,47,9,9,MjAyNjA5MTMxMzA0NTZfMjMwOTg%3D
R-HSA-9007101,Rab regulation of trafficking,0.37283358024621616,2,131,3,35,MjAyNjA5MTMxMzA0NTZfMjMwOTg%3D
R-HSA-2454202,Fc epsilon receptor (FCERI) signaling,0.37748299903903915,3,222,8,65,MjAyNjA5MTMxMzA0NTZfMjMwOTg%3D
R-HSA-9820841,M-decay: degradation of maternal mRNAs by maternally stored factors,0.3788878673447579,1,48,4,7,MjAyNjA5MTMxMzA0NTZfMjMwOTg%3D
R-HSA-110313,Translesion synthesis by Y family DNA polymerases bypasses lesions on DNA template,0.3788878673447579,1,48,23,28,MjAyNjA5MTMxMzA0NTZfMjMwOTg%3D
R-HSA-5218920,VEGFR2 mediated vascular permeability,0.3788878673447579,1,48,7,15,MjAyNjA5MTMxMzA0NTZfMjMwOTg%3D
R-HSA-9607240,FLT3 Signaling,0.3788878673447579,1,48,1,43,MjAyNjA5MTMxMzA0NTZfMjMwOTg%3D
R-HSA-5655302,Signaling by FGFR1 in disease,0.3850291333675928,1,49,12,35,MjAyNjA5MTMxMzA0NTZfMjMwOTg%3D
R-HSA-6811438,Intra-Golgi traffic,0.3850291333675928,1,49,4,10,MjAyNjA5MTMxMzA0NTZfMjMwOTg%3D
R-HSA-9615017,"FOXO-mediated transcription of oxidative stress, metabolic and neuronal genes",0.3850291333675928,1,49,3,34,MjAyNjA5MTMxMzA0NTZfMjMwOTg%3D
R-HSA-9683701,Translation of Structural Proteins,0.3850291333675928,1,49,1,37,MjAyNjA5MTMxMzA0NTZfMjMwOTg%3D
R-HSA-9759194,Nuclear events mediated by NFE2L2,0.3868817930384749,2,135,2,85,MjAyNjA5MTMxMzA0NTZfMjMwOTg%3D
R-HSA-9635486,Infection with Mycobacterium tuberculosis,0.39037280602031577,2,136,3,73,MjAyNjA5MTMxMzA0NTZfMjMwOTg%3D
R-HSA-512988,"Interleukin-3, Interleukin-5 and GM-CSF signaling",0.39111005087251516,1,50,1,38,MjAyNjA5MTMxMzA0NTZfMjMwOTg%3D
R-HSA-381676,Glucagon-like Peptide-1 (GLP1) regulates insulin secretion,0.39111005087251516,1,50,3,12,MjAyNjA5MTMxMzA0NTZfMjMwOTg%3D
R-HSA-9927418,Developmental Lineage of Mammary Gland Luminal Epithelial Cells,0.39111005087251516,1,50,3,3,MjAyNjA5MTMxMzA0NTZfMjMwOTg%3D
R-HSA-9824439,Bacterial Infection Pathways,0.3912373761257393,5,414,16,234,MjAyNjA5MTMxMzA0NTZfMjMwOTg%3D
R-HSA-9640148,Infection with Enterobacteria,0.39615565141159004,3,229,7,82,MjAyNjA5MTMxMzA0NTZfMjMwOTg%3D
R-HSA-2173789,TGF-beta receptor signaling activates SMADs,0.3971312092174949,1,51,8,44,MjAyNjA5MTMxMzA0NTZfMjMwOTg%3D
R-HSA-5654743,Signaling by FGFR4,0.3971312092174949,1,51,3,41,MjAyNjA5MTMxMzA0NTZfMjMwOTg%3D
R-HSA-8854214,TBC/RABGAPs,0.3971312092174949,1,51,1,14,MjAyNjA5MTMxMzA0NTZfMjMwOTg%3D
R-HSA-73857,RNA Polymerase II Transcription,0.3977172308286182,18,1678,110,939,MjAyNjA5MTMxMzA0NTZfMjMwOTg%3D
R-HSA-977606,Regulation of Complement cascade,0.40079259962982927,2,139,2,44,MjAyNjA5MTMxMzA0NTZfMjMwOTg%3D
R-HSA-69236,G1 Phase,0.4030931920406916,1,52,1,17,MjAyNjA5MTMxMzA0NTZfMjMwOTg%3D
R-HSA-9907900,Proteasome assembly,0.4030931920406916,1,52,4,40,MjAyNjA5MTMxMzA0NTZfMjMwOTg%3D
R-HSA-8864260,Transcriptional regulation by the AP-2 (TFAP2) family of transcription factors,0.4030931920406916,1,52,1,44,MjAyNjA5MTMxMzA0NTZfMjMwOTg%3D
R-HSA-3928662,EPHB-mediated forward signaling,0.4030931920406916,1,52,1,26,MjAyNjA5MTMxMzA0NTZfMjMwOTg%3D
R-HSA-69231,Cyclin D associated events in G1,0.4030931920406916,1,52,1,17,MjAyNjA5MTMxMzA0NTZfMjMwOTg%3D
R-HSA-69206,G1/S Transition,0.40424757411545365,2,140,2,61,MjAyNjA5MTMxMzA0NTZfMjMwOTg%3D
R-HSA-9664323,FCGR3A-mediated IL10 synthesis,0.407693142807809,2,141,6,20,MjAyNjA5MTMxMzA0NTZfMjMwOTg%3D
R-HSA-5654741,Signaling by FGFR3,0.40899657731569317,1,53,3,43,MjAyNjA5MTMxMzA0NTZfMjMwOTg%3D
R-HSA-9824272,Somitogenesis,0.40899657731569317,1,53,1,19,MjAyNjA5MTMxMzA0NTZfMjMwOTg%3D
R-HSA-9660821,ADORA2B mediated anti-inflammatory cytokines production,0.40899657731569317,1,53,4,12,MjAyNjA5MTMxMzA0NTZfMjMwOTg%3D
R-HSA-432040,Vasopressin regulates renal water homeostasis via Aquaporins,0.40899657731569317,1,53,3,15,MjAyNjA5MTMxMzA0NTZfMjMwOTg%3D
R-HSA-6783310,Fanconi Anemia Pathway,0.40899657731569317,1,53,6,15,MjAyNjA5MTMxMzA0NTZfMjMwOTg%3D
R-HSA-71240,Tryptophan catabolism,0.41484193740611697,1,54,1,18,MjAyNjA5MTMxMzA0NTZfMjMwOTg%3D
R-HSA-168274,Export of Viral Ribonucleoproteins from Nucleus,0.41484193740611697,1,54,1,5,MjAyNjA5MTMxMzA0NTZfMjMwOTg%3D
R-HSA-2514859,"Inactivation, recovery and regulation of the phototransduction cascade",0.41484193740611697,1,54,3,19,MjAyNjA5MTMxMzA0NTZfMjMwOTg%3D
R-HSA-532668,N-glycan trimming in the ER and Calnexin/Calreticulin cycle,0.41484193740611697,1,54,4,17,MjAyNjA5MTMxMzA0NTZfMjMwOTg%3D
R-HSA-5357905,Regulation of TNFR1 signaling,0.41484193740611697,1,54,16,41,MjAyNjA5MTMxMzA0NTZfMjMwOTg%3D
R-HSA-9861718,Regulation of pyruvate metabolism,0.41484193740611697,1,54,2,11,MjAyNjA5MTMxMzA0NTZfMjMwOTg%3D
R-HSA-445989,TAK1-dependent IKK and NF-kappa-B activation  ,0.42062983911968976,1,55,4,17,MjAyNjA5MTMxMzA0NTZfMjMwOTg%3D
R-HSA-6811440,Retrograde transport at the Trans-Golgi-Network,0.42062983911968976,1,55,2,20,MjAyNjA5MTMxMzA0NTZfMjMwOTg%3D
R-HSA-5620924,Intraflagellar transport,0.4263608437619125,1,56,6,12,MjAyNjA5MTMxMzA0NTZfMjMwOTg%3D
R-HSA-9725371,Nuclear events stimulated by ALK signaling in cancer,0.4263608437619125,1,56,1,32,MjAyNjA5MTMxMzA0NTZfMjMwOTg%3D
R-HSA-8951664,Neddylation,0.4278065254680441,3,241,18,44,MjAyNjA5MTMxMzA0NTZfMjMwOTg%3D
R-HSA-5576891,Cardiac conduction,0.4281608668338508,2,147,5,33,MjAyNjA5MTMxMzA0NTZfMjMwOTg%3D
R-HSA-1474228,Degradation of the extracellular matrix,0.4315365898963537,2,148,10,105,MjAyNjA5MTMxMzA0NTZfMjMwOTg%3D
R-HSA-9909396,Circadian clock,0.4315365898963537,2,148,6,78,MjAyNjA5MTMxMzA0NTZfMjMwOTg%3D
R-HSA-2122947,NOTCH1 Intracellular Domain Regulates Transcription,0.4320355071890557,1,57,1,18,MjAyNjA5MTMxMzA0NTZfMjMwOTg%3D
R-HSA-9013405,RHOD GTPase cycle,0.4320355071890557,1,57,1,9,MjAyNjA5MTMxMzA0NTZfMjMwOTg%3D
R-HSA-425410,Metal ion SLC transporters,0.4320355071890557,1,57,1,28,MjAyNjA5MTMxMzA0NTZfMjMwOTg%3D
R-HSA-73893,DNA Damage Bypass,0.4320355071890557,1,57,26,34,MjAyNjA5MTMxMzA0NTZfMjMwOTg%3D
R-HSA-9748787,Azathioprine ADME,0.43765437986081146,1,58,2,18,MjAyNjA5MTMxMzA0NTZfMjMwOTg%3D
R-HSA-2514856,The phototransduction cascade,0.44321800689227675,1,59,3,27,MjAyNjA5MTMxMzA0NTZfMjMwOTg%3D
R-HSA-74160,Gene expression (Transcription),0.44329126949569597,20,1922,182,1139,MjAyNjA5MTMxMzA0NTZfMjMwOTg%3D
R-HSA-162906,HIV Infection,0.4460066522187518,3,248,26,160,MjAyNjA5MTMxMzA0NTZfMjMwOTg%3D
R-HSA-212165,Epigenetic regulation of gene expression,0.4465371544970047,4,345,68,118,MjAyNjA5MTMxMzA0NTZfMjMwOTg%3D
R-HSA-6794361,Neurexins and neuroligins,0.44872692810559167,1,60,2,19,MjAyNjA5MTMxMzA0NTZfMjMwOTg%3D
R-HSA-9769739,Regulation of clotting cascade,0.4541816780809801,1,61,3,47,MjAyNjA5MTMxMzA0NTZfMjMwOTg%3D
R-HSA-6807070,PTEN Regulation,0.45815436762693895,2,156,8,56,MjAyNjA5MTMxMzA0NTZfMjMwOTg%3D
R-HSA-3247509,Chromatin modifying enzymes,0.46142563367420864,3,254,12,85,MjAyNjA5MTMxMzA0NTZfMjMwOTg%3D
R-HSA-9753281,Paracetamol ADME,0.46493077673222394,1,63,1,12,MjAyNjA5MTMxMzA0NTZfMjMwOTg%3D
R-HSA-9012852,Signaling by NOTCH3,0.46493077673222394,1,63,2,37,MjAyNjA5MTMxMzA0NTZfMjMwOTg%3D
R-HSA-9705671,SARS-CoV-2 activates/modulates innate and adaptive immune responses,0.4679510423326385,2,159,3,48,MjAyNjA5MTMxMzA0NTZfMjMwOTg%3D
R-HSA-3299685,Detoxification of Reactive Oxygen Species,0.4702261688117495,1,64,1,34,MjAyNjA5MTMxMzA0NTZfMjMwOTg%3D
R-HSA-177929,Signaling by EGFR,0.4702261688117495,1,64,6,50,MjAyNjA5MTMxMzA0NTZfMjMwOTg%3D
R-HSA-5654736,Signaling by FGFR1,0.4702261688117495,1,64,3,48,MjAyNjA5MTMxMzA0NTZfMjMwOTg%3D
R-HSA-5578775,Ion homeostasis,0.4702261688117495,1,64,3,17,MjAyNjA5MTMxMzA0NTZfMjMwOTg%3D
R-HSA-162599,Late Phase of HIV Life Cycle,0.47442398736918323,2,161,21,78,MjAyNjA5MTMxMzA0NTZfMjMwOTg%3D
R-HSA-6791312,TP53 Regulates Transcription of Cell Cycle Genes,0.4754694765594365,1,65,1,42,MjAyNjA5MTMxMzA0NTZfMjMwOTg%3D
R-HSA-2871837,FCERI mediated NF-kB activation,0.47764274692312725,2,162,4,19,MjAyNjA5MTMxMzA0NTZfMjMwOTg%3D
R-HSA-166658,Complement cascade,0.4808495881650481,2,163,2,75,MjAyNjA5MTMxMzA0NTZfMjMwOTg%3D
R-HSA-453279,Mitotic G1 phase and G1/S transition,0.48404443226908933,2,164,3,101,MjAyNjA5MTMxMzA0NTZfMjMwOTg%3D
R-HSA-9006925,Intracellular signaling by second messengers,0.4854225404600404,4,363,26,117,MjAyNjA5MTMxMzA0NTZfMjMwOTg%3D
R-HSA-429914,Deadenylation-dependent mRNA decay,0.485801870592654,1,67,1,10,MjAyNjA5MTMxMzA0NTZfMjMwOTg%3D
R-HSA-8979227,Triglyceride metabolism,0.485801870592654,1,67,2,24,MjAyNjA5MTMxMzA0NTZfMjMwOTg%3D
R-HSA-352230,Amino acid transport across the plasma membrane,0.485801870592654,1,67,6,35,MjAyNjA5MTMxMzA0NTZfMjMwOTg%3D
R-HSA-9033241,Peroxisomal protein import,0.485801870592654,1,67,12,26,MjAyNjA5MTMxMzA0NTZfMjMwOTg%3D
R-HSA-69242,S Phase,0.49039782714682334,2,166,8,55,MjAyNjA5MTMxMzA0NTZfMjMwOTg%3D
R-HSA-2644603,Signaling by NOTCH1 in Cancer,0.4908919603285866,1,68,6,39,MjAyNjA5MTMxMzA0NTZfMjMwOTg%3D
R-HSA-2894858,Signaling by NOTCH1 HD+PEST Domain Mutants in Cancer,0.4908919603285866,1,68,2,21,MjAyNjA5MTMxMzA0NTZfMjMwOTg%3D
R-HSA-2644602,Signaling by NOTCH1 PEST Domain Mutants in Cancer,0.4908919603285866,1,68,2,21,MjAyNjA5MTMxMzA0NTZfMjMwOTg%3D
R-HSA-2894862,Constitutive Signaling by NOTCH1 HD+PEST Domain Mutants,0.4908919603285866,1,68,2,21,MjAyNjA5MTMxMzA0NTZfMjMwOTg%3D
R-HSA-156590,Glutathione conjugation,0.4908919603285866,1,68,1,14,MjAyNjA5MTMxMzA0NTZfMjMwOTg%3D
R-HSA-1227986,Signaling by ERBB2,0.4908919603285866,1,68,7,46,MjAyNjA5MTMxMzA0NTZfMjMwOTg%3D
R-HSA-2644606,Constitutive Signaling by NOTCH1 PEST Domain Mutants,0.4908919603285866,1,68,2,21,MjAyNjA5MTMxMzA0NTZfMjMwOTg%3D
R-HSA-9758941,Gastrulation,0.49355623352204603,2,167,4,104,MjAyNjA5MTMxMzA0NTZfMjMwOTg%3D
R-HSA-212436,Generic Transcription Pathway,0.4955537988773371,16,1574,98,879,MjAyNjA5MTMxMzA0NTZfMjMwOTg%3D
R-HSA-445717,Aquaporin-mediated transport,0.4959319727284994,1,69,3,25,MjAyNjA5MTMxMzA0NTZfMjMwOTg%3D
R-HSA-450294,MAP kinase activation,0.4959319727284994,1,69,4,32,MjAyNjA5MTMxMzA0NTZfMjMwOTg%3D
R-HSA-1442490,Collagen degradation,0.4959319727284994,1,69,5,34,MjAyNjA5MTMxMzA0NTZfMjMwOTg%3D
R-HSA-9793380,Formation of paraxial mesoderm,0.4959319727284994,1,69,1,29,MjAyNjA5MTMxMzA0NTZfMjMwOTg%3D
R-HSA-9755511,KEAP1-NFE2L2 pathway,0.4998361223699971,2,169,10,117,MjAyNjA5MTMxMzA0NTZfMjMwOTg%3D
R-HSA-375165,NCAM signaling for neurite out-growth,0.5009223974143355,1,70,21,23,MjAyNjA5MTMxMzA0NTZfMjMwOTg%3D
R-HSA-446652,Interleukin-1 family signaling,0.502957475640912,2,170,12,92,MjAyNjA5MTMxMzA0NTZfMjMwOTg%3D
R-HSA-380284,Loss of proteins required for interphase microtubule organization from the centrosome,0.5058637192506645,1,71,3,3,MjAyNjA5MTMxMzA0NTZfMjMwOTg%3D
R-HSA-9006927,Signaling by Non-Receptor Tyrosine Kinases,0.5058637192506645,1,71,1,53,MjAyNjA5MTMxMzA0NTZfMjMwOTg%3D
R-HSA-8848021,Signaling by PTK6,0.5058637192506645,1,71,1,53,MjAyNjA5MTMxMzA0NTZfMjMwOTg%3D
R-HSA-936837,Ion transport by P-type ATPases,0.5058637192506645,1,71,1,17,MjAyNjA5MTMxMzA0NTZfMjMwOTg%3D
R-HSA-6790901,rRNA modification in the nucleus and cytosol,0.5058637192506645,1,71,1,8,MjAyNjA5MTMxMzA0NTZfMjMwOTg%3D
R-HSA-380259,Loss of Nlp from mitotic centrosomes,0.5058637192506645,1,71,2,2,MjAyNjA5MTMxMzA0NTZfMjMwOTg%3D
R-HSA-168643,"Nucleotide-binding domain, leucine rich repeat containing receptor (NLR) signaling pathways",0.5107564183905917,1,72,5,46,MjAyNjA5MTMxMzA0NTZfMjMwOTg%3D
R-HSA-351202,Metabolism of polyamines,0.5156009703213134,1,73,1,18,MjAyNjA5MTMxMzA0NTZfMjMwOTg%3D
R-HSA-9610379,HCMV Late Events,0.5183759634157293,2,175,1,19,MjAyNjA5MTMxMzA0NTZfMjMwOTg%3D
R-HSA-8854518,AURKA Activation by TPX2,0.5203978459091045,1,74,2,2,MjAyNjA5MTMxMzA0NTZfMjMwOTg%3D
R-HSA-162587,HIV Life Cycle,0.5214216277155432,2,176,21,117,MjAyNjA5MTMxMzA0NTZfMjMwOTg%3D
R-HSA-5685942,HDR through Homologous Recombination (HRR),0.5251475114440061,1,75,1,24,MjAyNjA5MTMxMzA0NTZfMjMwOTg%3D
R-HSA-9006936,Signaling by TGFB family members,0.527474531960126,2,178,25,148,MjAyNjA5MTMxMzA0NTZfMjMwOTg%3D
R-HSA-1650814,Collagen biosynthesis and modifying enzymes,0.5298504286839938,1,76,21,51,MjAyNjA5MTMxMzA0NTZfMjMwOTg%3D
R-HSA-5218859,Regulated Necrosis,0.5298504286839938,1,76,7,53,MjAyNjA5MTMxMzA0NTZfMjMwOTg%3D
R-HSA-167172,Transcription of the HIV genome,0.5345070548987274,1,77,15,47,MjAyNjA5MTMxMzA0NTZfMjMwOTg%3D
R-HSA-448424,Interleukin-17 signaling,0.5391178429129624,1,78,4,35,MjAyNjA5MTMxMzA0NTZfMjMwOTg%3D
R-HSA-1834949,Cytosolic sensors of pathogen-associated DNA ,0.5391178429129624,1,78,4,50,MjAyNjA5MTMxMzA0NTZfMjMwOTg%3D
R-HSA-9711123,Cellular response to chemical stress,0.5449309581258369,3,288,11,173,MjAyNjA5MTMxMzA0NTZfMjMwOTg%3D
R-HSA-499943,Interconversion of nucleotide di- and triphosphates,0.5482036936713643,1,80,2,34,MjAyNjA5MTMxMzA0NTZfMjMwOTg%3D
R-HSA-8978934,Metabolism of cofactors,0.5482036936713643,1,80,2,34,MjAyNjA5MTMxMzA0NTZfMjMwOTg%3D
R-HSA-74259,Purine catabolism,0.5482036936713643,1,80,1,33,MjAyNjA5MTMxMzA0NTZfMjMwOTg%3D
R-HSA-5619102,SLC transporter disorders,0.5482519433695391,2,185,2,64,MjAyNjA5MTMxMzA0NTZfMjMwOTg%3D
R-HSA-380270,Recruitment of mitotic centrosome proteins and complexes,0.5526796402247067,1,81,3,3,MjAyNjA5MTMxMzA0NTZfMjMwOTg%3D
R-HSA-4086398,Ca2+ pathway,0.5526796402247067,1,81,6,27,MjAyNjA5MTMxMzA0NTZfMjMwOTg%3D
R-HSA-5663084,Diseases of carbohydrate metabolism,0.5526796402247067,1,81,1,44,MjAyNjA5MTMxMzA0NTZfMjMwOTg%3D
R-HSA-1226099,Signaling by FGFR in disease,0.5571115162796798,1,82,12,99,MjAyNjA5MTMxMzA0NTZfMjMwOTg%3D
R-HSA-71403,Citric acid cycle (TCA cycle),0.5614997530722129,1,83,2,23,MjAyNjA5MTMxMzA0NTZfMjMwOTg%3D
R-HSA-380287,Centrosome maturation,0.5614997530722129,1,83,6,6,MjAyNjA5MTMxMzA0NTZfMjMwOTg%3D
R-HSA-1169408,ISG15 antiviral mechanism,0.5614997530722129,1,83,1,16,MjAyNjA5MTMxMzA0NTZfMjMwOTg%3D
R-HSA-418555,G alpha (s) signalling events,0.5626999228548484,2,190,4,28,MjAyNjA5MTMxMzA0NTZfMjMwOTg%3D
R-HSA-1980143,Signaling by NOTCH1,0.565844777644781,1,84,6,39,MjAyNjA5MTMxMzA0NTZfMjMwOTg%3D
R-HSA-9662851,Anti-inflammatory response favouring Leishmania parasite infection,0.568386556344488,2,192,6,40,MjAyNjA5MTMxMzA0NTZfMjMwOTg%3D
R-HSA-9664433,Leishmania parasite growth and survival,0.568386556344488,2,192,6,40,MjAyNjA5MTMxMzA0NTZfMjMwOTg%3D
R-HSA-9694635,Translation of Structural Proteins,0.5701470128869828,1,85,1,46,MjAyNjA5MTMxMzA0NTZfMjMwOTg%3D
R-HSA-6796648,TP53 Regulates Transcription of DNA Repair Genes,0.5744068775756495,1,86,3,17,MjAyNjA5MTMxMzA0NTZfMjMwOTg%3D
R-HSA-416482,G alpha (12/13) signalling events,0.5744068775756495,1,86,1,15,MjAyNjA5MTMxMzA0NTZfMjMwOTg%3D
R-HSA-9658195,Leishmania infection,0.5748423157617962,3,301,12,95,MjAyNjA5MTMxMzA0NTZfMjMwOTg%3D
R-HSA-9824443,Parasitic Infection Pathways,0.5748423157617962,3,301,12,95,MjAyNjA5MTMxMzA0NTZfMjMwOTg%3D
R-HSA-983168,Antigen processing: Ubiquitination & Proteasome degradation,0.5770925637842459,3,302,7,9,MjAyNjA5MTMxMzA0NTZfMjMwOTg%3D
R-HSA-5696399,Global Genome Nucleotide Excision Repair (GG-NER),0.5990992273133322,1,92,14,20,MjAyNjA5MTMxMzA0NTZfMjMwOTg%3D
R-HSA-6794362,Protein-protein interactions at synapses,0.6030738866573704,1,93,2,33,MjAyNjA5MTMxMzA0NTZfMjMwOTg%3D
R-HSA-8876198,RAB GEFs exchange GTP for GDP on RABs,0.6070093822932863,1,94,2,21,MjAyNjA5MTMxMzA0NTZfMjMwOTg%3D
R-HSA-983712,Ion channel transport,0.6093373299577656,2,207,3,51,MjAyNjA5MTMxMzA0NTZfMjMwOTg%3D
R-HSA-381038,XBP1(S) activates chaperone genes,0.6109060977266036,1,95,1,47,MjAyNjA5MTMxMzA0NTZfMjMwOTg%3D
R-HSA-6804756,Regulation of TP53 Activity through Phosphorylation,0.6147644127307799,1,96,1,26,MjAyNjA5MTMxMzA0NTZfMjMwOTg%3D
R-HSA-70268,Pyruvate metabolism,0.6147644127307799,1,96,2,31,MjAyNjA5MTMxMzA0NTZfMjMwOTg%3D
R-HSA-5620912,Anchoring of the basal body to the plasma membrane,0.6261126976781102,1,99,8,9,MjAyNjA5MTMxMzA0NTZfMjMwOTg%3D
R-HSA-8986944,Transcriptional Regulation by MECP2,0.6298211353155911,1,100,3,77,MjAyNjA5MTMxMzA0NTZfMjMwOTg%3D
R-HSA-2682334,EPH-Ephrin signaling,0.6371286998438412,1,102,1,56,MjAyNjA5MTMxMzA0NTZfMjMwOTg%3D
R-HSA-9772573,Late SARS-CoV-2 Infection Events,0.6371286998438412,1,102,1,69,MjAyNjA5MTMxMzA0NTZfMjMwOTg%3D
R-HSA-983695,Antigen activates B Cell Receptor (BCR) leading to generation of second messengers,0.640728539502271,1,103,1,26,MjAyNjA5MTMxMzA0NTZfMjMwOTg%3D
R-HSA-77289,Mitochondrial Fatty Acid Beta-Oxidation,0.6478220895795879,1,105,1,47,MjAyNjA5MTMxMzA0NTZfMjMwOTg%3D
R-HSA-2168880,Scavenging of heme from plasma,0.6513164921486337,1,106,1,12,MjAyNjA5MTMxMzA0NTZfMjMwOTg%3D
R-HSA-422356,Regulation of insulin secretion,0.6615942924508248,1,109,4,38,MjAyNjA5MTMxMzA0NTZfMjMwOTg%3D
R-HSA-168142,Toll Like Receptor 10 (TLR10) Cascade,0.6615942924508248,1,109,13,71,MjAyNjA5MTMxMzA0NTZfMjMwOTg%3D
R-HSA-168176,Toll Like Receptor 5 (TLR5) Cascade,0.6615942924508248,1,109,13,71,MjAyNjA5MTMxMzA0NTZfMjMwOTg%3D
R-HSA-975871,MyD88 cascade initiated on plasma membrane,0.6615942924508248,1,109,13,70,MjAyNjA5MTMxMzA0NTZfMjMwOTg%3D
R-HSA-9730414,MITF-M-regulated melanocyte development,0.6732338138100458,2,233,1,150,MjAyNjA5MTMxMzA0NTZfMjMwOTg%3D
R-HSA-9748784,Drug ADME,0.6845098947062953,2,238,4,121,MjAyNjA5MTMxMzA0NTZfMjMwOTg%3D
R-HSA-168164,Toll Like Receptor 3 (TLR3) Cascade,0.6875533084768699,1,117,18,79,MjAyNjA5MTMxMzA0NTZfMjMwOTg%3D
R-HSA-418346,Platelet homeostasis,0.6906557817695675,1,118,1,31,MjAyNjA5MTMxMzA0NTZfMjMwOTg%3D
R-HSA-975138,TRAF6 mediated induction of NFkB and MAP kinases upon TLR7/8 or 9 activation,0.6967691779562946,1,120,13,60,MjAyNjA5MTMxMzA0NTZfMjMwOTg%3D
R-HSA-975155,MyD88 dependent cascade initiated on endosome,0.6997806984722121,1,121,14,75,MjAyNjA5MTMxMzA0NTZfMjMwOTg%3D
R-HSA-166166,MyD88-independent TLR4 cascade ,0.7027624941684553,1,122,18,78,MjAyNjA5MTMxMzA0NTZfMjMwOTg%3D
R-HSA-937061,TRIF (TICAM1)-mediated TLR4 signaling ,0.7027624941684553,1,122,18,76,MjAyNjA5MTMxMzA0NTZfMjMwOTg%3D
R-HSA-198933,Immunoregulatory interactions between a Lymphoid and a non-Lymphoid cell,0.7082027362393818,2,249,3,44,MjAyNjA5MTMxMzA0NTZfMjMwOTg%3D
R-HSA-1483249,Inositol phosphate metabolism,0.7115324339471478,1,125,1,71,MjAyNjA5MTMxMzA0NTZfMjMwOTg%3D
R-HSA-168181,Toll Like Receptor 7/8 (TLR7/8) Cascade,0.7115324339471478,1,125,14,85,MjAyNjA5MTMxMzA0NTZfMjMwOTg%3D
R-HSA-168138,Toll Like Receptor 9 (TLR9) Cascade,0.7200451781383189,1,128,14,86,MjAyNjA5MTMxMzA0NTZfMjMwOTg%3D
R-HSA-909733,Interferon alpha/beta signaling,0.7228269070552014,1,129,1,25,MjAyNjA5MTMxMzA0NTZfMjMwOTg%3D
R-HSA-2871809,FCERI mediated Ca+2 mobilization,0.7228269070552014,1,129,4,11,MjAyNjA5MTMxMzA0NTZfMjMwOTg%3D
R-HSA-15869,Metabolism of nucleotides,0.7244930560032199,2,257,3,143,MjAyNjA5MTMxMzA0NTZfMjMwOTg%3D
R-HSA-6809371,Formation of the cornified envelope,0.7466581119046942,1,138,8,27,MjAyNjA5MTMxMzA0NTZfMjMwOTg%3D
R-HSA-187037,Signaling by NTRK1 (TRKA),0.7590058884279238,1,143,8,102,MjAyNjA5MTMxMzA0NTZfMjMwOTg%3D
R-HSA-8956319,Nucleotide catabolism,0.7614027089463525,1,144,1,63,MjAyNjA5MTMxMzA0NTZfMjMwOTg%3D
R-HSA-163685,Integration of energy metabolism,0.7819354485041194,1,153,8,72,MjAyNjA5MTMxMzA0NTZfMjMwOTg%3D
R-HSA-425407,SLC-mediated transmembrane transport,0.7829223876337899,3,416,8,193,MjAyNjA5MTMxMzA0NTZfMjMwOTg%3D
R-HSA-9664417,Leishmania phagocytosis,0.7904879645473698,1,157,6,27,MjAyNjA5MTMxMzA0NTZfMjMwOTg%3D
R-HSA-9664422,FCGR3A-mediated phagocytosis,0.7904879645473698,1,157,6,27,MjAyNjA5MTMxMzA0NTZfMjMwOTg%3D
R-HSA-9664407,Parasite infection,0.7904879645473698,1,157,6,27,MjAyNjA5MTMxMzA0NTZfMjMwOTg%3D
R-HSA-2029482,Regulation of actin dynamics for phagocytic cup formation,0.7925734819085167,1,158,6,24,MjAyNjA5MTMxMzA0NTZfMjMwOTg%3D
R-HSA-2187338,Visual phototransduction,0.7946383673506702,1,159,3,87,MjAyNjA5MTMxMzA0NTZfMjMwOTg%3D
R-HSA-418594,G alpha (i) signalling events,0.7988854049507921,3,428,25,74,MjAyNjA5MTMxMzA0NTZfMjMwOTg%3D
R-HSA-166520,Signaling by NTRKs,0.8085316635831128,1,166,8,164,MjAyNjA5MTMxMzA0NTZfMjMwOTg%3D
R-HSA-1257604,PIP3 activates AKT signaling,0.8210204123898484,2,315,8,89,MjAyNjA5MTMxMzA0NTZfMjMwOTg%3D
R-HSA-877300,Interferon gamma signaling,0.8285001820835761,1,177,1,23,MjAyNjA5MTMxMzA0NTZfMjMwOTg%3D
R-HSA-5633007,Regulation of TP53 Activity,0.8319017536540602,1,179,9,97,MjAyNjA5MTMxMzA0NTZfMjMwOTg%3D
R-HSA-3108232,SUMO E3 ligases SUMOylate target proteins,0.8401151757674811,1,184,1,132,MjAyNjA5MTMxMzA0NTZfMjMwOTg%3D
R-HSA-211897,Cytochrome P450 - arranged by substrate type,0.8539069732415981,1,193,1,63,MjAyNjA5MTMxMzA0NTZfMjMwOTg%3D
R-HSA-2990846,SUMOylation,0.8539069732415981,1,193,1,141,MjAyNjA5MTMxMzA0NTZfMjMwOTg%3D
R-HSA-2029480,Fcgamma receptor (FCGR) dependent phagocytosis,0.8568074784773784,1,195,6,42,MjAyNjA5MTMxMzA0NTZfMjMwOTg%3D
R-HSA-375276,Peptide ligand-binding receptors,0.8704735964227466,1,205,1,85,MjAyNjA5MTMxMzA0NTZfMjMwOTg%3D
R-HSA-382551,Transport of small molecules,0.8712591767350737,7,999,26,463,MjAyNjA5MTMxMzA0NTZfMjMwOTg%3D
R-HSA-6805567,Keratinization,0.8950965891104844,1,226,15,34,MjAyNjA5MTMxMzA0NTZfMjMwOTg%3D
R-HSA-388396,GPCR downstream signalling,0.8988841189560746,5,795,30,175,MjAyNjA5MTMxMzA0NTZfMjMwOTg%3D
R-HSA-156580,Phase II - Conjugation of compounds,0.9269643050946209,1,262,1,72,MjAyNjA5MTMxMzA0NTZfMjMwOTg%3D
R-HSA-372790,Signaling by GPCR,0.9390329669085544,5,878,31,394,MjAyNjA5MTMxMzA0NTZfMjMwOTg%3D
R-HSA-416476,G alpha (q) signalling events,0.9414858591951867,1,284,3,35,MjAyNjA5MTMxMzA0NTZfMjMwOTg%3D
R-HSA-211945,Phase I - Functionalization of compounds,0.9502079759154552,1,300,1,104,MjAyNjA5MTMxMzA0NTZfMjMwOTg%3D
R-HSA-211859,Biological oxidations,0.973787144998746,2,549,2,194,MjAyNjA5MTMxMzA0NTZfMjMwOTg%3D
R-HSA-196854,Metabolism of vitamins and cofactors,0.9776126914441589,1,379,2,213,MjAyNjA5MTMxMzA0NTZfMjMwOTg%3D
R-HSA-1430728,Metabolism,0.9824509771416169,27,3781,50,2380,MjAyNjA5MTMxMzA0NTZfMjMwOTg%3D
R-HSA-373076,Class A/1 (Rhodopsin-like receptors),0.9844679118554206,1,415,1,187,MjAyNjA5MTMxMzA0NTZfMjMwOTg%3D
R-HSA-8978868,Fatty acid metabolism,0.9865293773932068,1,429,1,232,MjAyNjA5MTMxMzA0NTZfMjMwOTg%3D
R-HSA-5668914,Diseases of metabolism,0.9902763707375407,1,461,1,209,MjAyNjA5MTMxMzA0NTZfMjMwOTg%3D
R-HSA-500792,GPCR ligand binding,0.9978870338448887,1,610,1,219,MjAyNjA5MTMxMzA0NTZfMjMwOTg%3D
R-HSA-556833,Metabolism of lipids,0.9999971191202754,2,1502,3,987,MjAyNjA5MTMxMzA0NTZfMjMwOTg%3D
R-HSA-9709957,Sensory Perception,0.9999975206571532,1,1252,3,138,MjAyNjA5MTMxMzA0NTZfMjMwOTg%3D
